"month","Elegibilidad","Vulnerability_Category","Demographics.HH.Head","Demographics.Language","Demographics.Profiles","Demographics.Documentation","Needs_and_Coping.BasicNeeds","Needs_and_Coping.Housing","Needs_and_Coping.Neg.mechanism","Needs_and_Coping.Dependency","OficinaACNUR","NumIntegrantes","dependencyCategory","ScoreCOMAR_PIL","Demographics_Score","NeedsandCoping_Score","Vulnerability_Score","FinalScore","EligibilityTarget","analfab","speakspan","duplicato","unicoreddito","redditofemminile","collaborano"
"2024-06","No Elegible por Duplicidad","Vulnerabilidad Baja",1,2.051104816,1,1,1.776038647,2.823478261,1,1,"sotap",1,"low",0,6.609317356,17.78726377,2.693171842,24.03686363,"EXCLUSION",TRUE,TRUE,FALSE,FALSE,FALSE,TRUE
"2023-09","Lista de Reserva","Vulnerabilidad Moderada",2.700708215,1,1.249197356,1,1,2.117608696,2.580217391,1,"foten",1,"low",NA,11.93561888,18.94985465,2.884161633,30.65974841,"EXCLUSION",TRUE,TRUE,FALSE,FALSE,FALSE,TRUE
"2023-11","No Elegible","Vulnerabilidad Severa",1.599560907,2.051104816,3.251728045,1,1.776038647,2.823478261,2.580217391,1.043888889,"pcr_cdmx",3,"average",NA,27.121021,32.85812825,3.724346214,59.7945234,"EXCLUSION",TRUE,FALSE,FALSE,FALSE,TRUE,TRUE
"2023-07","No Elegible","Vulnerabilidad Baja",2.700708215,1,1,1,1,1.498900966,1.790108696,1,"sotap",1,"low",0,9.472088355,10.02735341,2.561806895,19.48157278,"EXCLUSION",FALSE,TRUE,FALSE,FALSE,FALSE,TRUE
"2023-10","Elegible","Vulnerabilidad Moderada",1,1,1,1,1.776038647,2.823478261,1.790108696,1,"foten",1,"low",NA,0,26.18890898,2.730928248,25.3461237,"INCLUSION",TRUE,TRUE,FALSE,FALSE,FALSE,TRUE
"2023-11","Elegible","Vulnerabilidad Elevada",1,1.525552408,2.578385269,1,1.776038647,2.117608696,2.580217391,1,"sotap",3,"average",NA,13.7168894,27.40879931,3.173270511,40.68506936,"INCLUSION",FALSE,TRUE,FALSE,TRUE,TRUE,TRUE
"2023-10","Elegible","Vulnerabilidad Elevada",1,1,2.578385269,1,1.776038647,2.823478261,1.790108696,1,"sotap",4,"average",0,8.975915299,26.18890898,2.998104289,34.61089293,"INCLUSION",FALSE,TRUE,FALSE,TRUE,TRUE,TRUE
"2024-03","No Elegible","Vulnerabilidad Moderada",1,1,2.578385269,1.564135978,1,2.117608696,1.790108696,1,"sotap",2,"complete",NA,14.01324416,14.16503897,2.812460545,28.17339822,"EXCLUSION",TRUE,TRUE,FALSE,TRUE,TRUE,TRUE
"2023-11","No Elegible","Vulnerabilidad Baja",1,1,1,1,1.776038647,1,1.790108696,1,"sotap",8,"average",0,0,12.01413641,2.33531262,11.62750949,"EXCLUSION",TRUE,TRUE,FALSE,FALSE,FALSE,TRUE
"2023-10","Elegible","Vulnerabilidad Elevada",1,1,2.578385269,1,1.776038647,2.117608696,2.580217391,1.043888889,"sotap",4,"average",0,8.975915299,28.09152966,3.051206127,36.45228537,"INCLUSION",TRUE,TRUE,FALSE,FALSE,TRUE,TRUE
"2024-06","No Elegible","Vulnerabilidad Elevada",2.070141643,1,1,1,1.776038647,2.823478261,1.790108696,1.043888889,"sotap",4,"low",NA,6.702282231,26.85846924,2.949114914,32.91210522,"EXCLUSION",TRUE,TRUE,FALSE,FALSE,FALSE,TRUE
"2023-06","Lista de Reserva","Vulnerabilidad Severa",2.700708215,1,3.251728045,1,1.776038647,2.117608696,2.580217391,1.043888889,"fupal",1,"low",0,24.2379543,28.09152966,3.505494188,52.20547205,"EXCLUSION",FALSE,TRUE,FALSE,FALSE,FALSE,TRUE
"2024-02","Lista de Reserva","Vulnerabilidad Baja",1,1,1,1,1.776038647,2.117608696,1.790108696,1,"sotap",2,"average",0,0,21.88512181,2.610810239,21.18083671,"EXCLUSION",TRUE,TRUE,FALSE,TRUE,TRUE,TRUE
"2024-06","No Elegible","Vulnerabilidad Baja",1,1,1,1,1,1,1,1,"sotap",1,"low",0,0,0,2,0,"EXCLUSION",TRUE,TRUE,FALSE,FALSE,FALSE,TRUE
"2024-04","No Elegible","Vulnerabilidad Moderada",1,1.525552408,1,1,1.776038647,2.117608696,1.790108696,1.043888889,"sotap",3,"average",NA,3.741369748,22.50821784,2.739565922,25.64565165,"EXCLUSION",TRUE,TRUE,FALSE,FALSE,TRUE,TRUE
"2024-05","No Elegible","Vulnerabilidad Elevada",2.070141643,1,1,1,1.776038647,2.117608696,2.580217391,2.544987923,"sotap",1,"low",0,6.702282231,44.04383881,3.428755821,49.54443241,"EXCLUSION",TRUE,TRUE,FALSE,FALSE,FALSE,TRUE
"2023-12","Elegible","Vulnerabilidad Moderada",1,2.051104816,3.251728045,1,1,1,1.790108696,1.043888889,"sotap",1,"low",-500,20.39367297,6.061858428,2.776221171,26.91674352,"INCLUSION",TRUE,TRUE,FALSE,FALSE,FALSE,TRUE
"2024-05","Lista de Reserva","Vulnerabilidad Baja",2.070141643,1,1,1,1,1.498900966,1,1.043888889,"sotap",1,"low",0,6.702282231,4.243121443,2.317924185,11.02454193,"EXCLUSION",TRUE,TRUE,FALSE,FALSE,FALSE,TRUE
"2023-12","Elegible","Vulnerabilidad Baja",1,1,1,1,1.776038647,2.117608696,1,1,"sotap",3,"average",NA,0,14.06650994,2.392594036,13.61383558,"INCLUSION",TRUE,TRUE,FALSE,FALSE,FALSE,TRUE
"2023-08","Elegible","Vulnerabilidad Moderada",1,2.051104816,1,1,1.776038647,2.117608696,1.790108696,1,"sotap",1,"low",NA,6.609317356,21.88512181,2.807542403,28.0028485,"INCLUSION",TRUE,TRUE,FALSE,FALSE,FALSE,TRUE
"2023-09","Elegible","Vulnerabilidad Baja",1,1,1,1,1,2.117608696,1.790108696,1,"sotap",1,"low",0,0,14.16503897,2.395343965,13.70919385,"INCLUSION",TRUE,TRUE,FALSE,FALSE,FALSE,TRUE
"2023-08","No Elegible por Intenciones","Vulnerabilidad Baja",1,2.051104816,1,1,1,1.498900966,1,1,"fupal",1,"low",NA,6.609317356,3.815111519,2.303211315,10.51434921,"EXCLUSION",TRUE,TRUE,FALSE,FALSE,FALSE,TRUE
"2023-10","No Elegible","Vulnerabilidad Severa",2.700708215,2.051104816,2.578385269,1.564135978,1,2.117608696,1,2.544987923,"pcr_cdmx",3,"average",NA,39.44321718,18.76190405,3.697703903,58.87066657,"EXCLUSION",TRUE,FALSE,FALSE,FALSE,TRUE,TRUE
"2023-06","No Elegible","Vulnerabilidad Baja",1,1,1,1,1,2.117608696,1.790108696,1,"sotap",1,"low",NA,0,14.16503897,2.395343965,13.70919385,"EXCLUSION",TRUE,TRUE,FALSE,FALSE,FALSE,TRUE
"2024-02","No Elegible","Vulnerabilidad Baja",2.070141643,1,1,1,1,1,1.790108696,1.043888889,"pcr_cdmx",5,"low",-500,6.702282231,6.061858428,2.368684842,12.78475014,"EXCLUSION",TRUE,TRUE,FALSE,FALSE,FALSE,TRUE
"2023-08","Elegible","Vulnerabilidad Severa",2.700708215,1,2.578385269,1,1.776038647,2.823478261,2.580217391,1,"fupal",5,"high",NA,20.97871872,32.12448674,3.521039349,52.7445235,"INCLUSION",FALSE,TRUE,FALSE,TRUE,TRUE,FALSE
"2023-08","No Elegible","Vulnerabilidad Baja",1,1,1,1,1,2.117608696,1.790108696,1,"pcr_cdmx",2,"average",NA,0,14.16503897,2.395343965,13.70919385,"EXCLUSION",TRUE,TRUE,FALSE,TRUE,FALSE,TRUE
"2024-04","Lista de Reserva","Vulnerabilidad Moderada",1,1,2.578385269,1,1.776038647,2.117608696,1.790108696,1,"foten",3,"average",-500,8.975915299,21.88512181,2.877986279,30.44560593,"EXCLUSION",TRUE,TRUE,FALSE,FALSE,FALSE,TRUE
"2023-07","No Elegible por Duplicidad","Vulnerabilidad Moderada",2.700708215,1,2.578385269,1,1,1.498900966,1,1,"sotap",1,"low",0,20.97871872,3.815111519,2.730929228,25.34617228,"EXCLUSION",TRUE,FALSE,FALSE,FALSE,FALSE,TRUE
"2024-02","No Elegible","Vulnerabilidad Baja",1,1,1,1,1,2.117608696,1.790108696,1,"sotap",3,"low",0,0,14.16503897,2.395343965,13.70919385,"EXCLUSION",TRUE,TRUE,FALSE,FALSE,FALSE,TRUE
"2024-06","No Elegible","Vulnerabilidad Moderada",1,1,1,1,1.776038647,2.117608696,2.580217391,1,"sotap",2,"low",NA,0,27.40879931,2.764975192,26.52675674,"EXCLUSION",TRUE,TRUE,FALSE,FALSE,FALSE,TRUE
"2024-06","Lista de Reserva","Vulnerabilidad Elevada",2.070141643,1,1,1,1.776038647,1.498900966,2.580217391,2.544987923,"sotap",1,"low",NA,6.702282231,37.43330939,3.244257006,43.14663644,"EXCLUSION",TRUE,TRUE,FALSE,FALSE,FALSE,TRUE
"2024-03","Elegible","Vulnerabilidad Baja",1,1,1,1,1.776038647,1.498900966,1.790108696,1,"sotap",1,"low",0,0,17.10850297,2.477495573,16.55793424,"INCLUSION",TRUE,TRUE,FALSE,FALSE,FALSE,TRUE
"2024-06","No Elegible","Vulnerabilidad Elevada",2.070141643,1,1,1,1.776038647,2.823478261,2.580217391,1.738466184,"sotap",2,"average",0,6.702282231,42.19960637,3.37728359,47.75954921,"EXCLUSION",FALSE,FALSE,FALSE,FALSE,FALSE,TRUE
"2024-01","No Elegible","Vulnerabilidad Moderada",1,2.051104816,1,1,1,2.117608696,2.580217391,1,"sotap",3,"average",NA,6.609317356,18.94985465,2.725619567,25.16204118,"EXCLUSION",TRUE,TRUE,FALSE,TRUE,TRUE,TRUE
"2023-10","No Elegible","Vulnerabilidad Elevada",2.070141643,1,1,1,1.776038647,1.498900966,2.580217391,2.544987923,"foten",1,"low",-500,6.702282231,37.43330939,3.244257006,43.14663644,"EXCLUSION",TRUE,TRUE,FALSE,FALSE,FALSE,TRUE
"2023-12","Elegible","Vulnerabilidad Baja",1,1,1,1,1,2.117608696,1.790108696,1,"sotap",3,"average",0,0,14.16503897,2.395343965,13.70919385,"INCLUSION",TRUE,TRUE,FALSE,FALSE,TRUE,TRUE
"2023-09","Elegible","Vulnerabilidad Severa",2.700708215,1,2.578385269,1,1.776038647,2.823478261,2.580217391,1,"fupal",1,"low",NA,20.97871872,32.12448674,3.521039349,52.7445235,"INCLUSION",FALSE,TRUE,FALSE,FALSE,FALSE,TRUE
"2023-09","No Elegible","Vulnerabilidad Severa",2.700708215,1,2.578385269,1,1.776038647,2.117608696,1.790108696,2.544987923,"sotap",4,"complete",0,20.97871872,37.06714366,3.658988111,57.52812078,"EXCLUSION",TRUE,TRUE,FALSE,TRUE,TRUE,TRUE
"2023-08","Elegible","Vulnerabilidad Elevada",1,1,2.578385269,1,1.776038647,2.823478261,2.580217391,1.043888889,"sotap",4,"average",NA,8.975915299,32.85812825,3.184241129,41.06549005,"INCLUSION",TRUE,TRUE,FALSE,TRUE,TRUE,TRUE
"2024-04","Lista de Reserva","Vulnerabilidad Elevada",2.070141643,1,2.578385269,1,1.776038647,2.117608696,2.580217391,1.043888889,"sotap",3,"average",0,17.46888676,28.09152966,3.304006918,45.21856915,"EXCLUSION",TRUE,TRUE,FALSE,FALSE,FALSE,TRUE
"2024-04","No Elegible","Vulnerabilidad Severa",2.700708215,1.525552408,3.251728045,1,1.776038647,2.823478261,2.580217391,1.043888889,"sotap",1,"low",0,30.67858802,32.85812825,3.830240336,63.46657649,"EXCLUSION",TRUE,FALSE,FALSE,FALSE,FALSE,TRUE
"2024-06","No Elegible","Vulnerabilidad Moderada",1,1,1,1,1.776038647,2.823478261,1.790108696,1,"sotap",3,"low",0,0,26.18890898,2.730928248,25.3461237,"EXCLUSION",TRUE,TRUE,FALSE,FALSE,FALSE,TRUE
"2023-09","Elegible","Vulnerabilidad Baja",1,1,1,1,1.776038647,1,2.580217391,1.043888889,"sotap",1,"low",NA,0,17.15905947,2.478906597,16.60686378,"INCLUSION",FALSE,TRUE,FALSE,FALSE,FALSE,TRUE
"2024-01","No Elegible","Vulnerabilidad Elevada",1,1.525552408,2.578385269,1,1.776038647,2.117608696,1.790108696,1,"sotap",2,"average",NA,13.7168894,21.88512181,3.019105558,35.33914932,"EXCLUSION",TRUE,TRUE,FALSE,FALSE,FALSE,TRUE
"2023-07","Lista de Reserva","Vulnerabilidad Baja",1,1,1,1,1,2.117608696,1,1,"sotap",4,"average",NA,0,7.392265486,2.206316944,7.15437499,"EXCLUSION",TRUE,TRUE,FALSE,FALSE,TRUE,TRUE
"2023-09","Elegible","Vulnerabilidad Elevada",2.070141643,1,1,1,1.776038647,2.823478261,2.580217391,1.043888889,"sotap",3,"complete",0,6.702282231,32.85812825,3.116564434,38.7186892,"INCLUSION",TRUE,TRUE,FALSE,TRUE,TRUE,TRUE
"2023-10","No Elegible","Vulnerabilidad Moderada",1,1,1,1.564135978,1.776038647,2.823478261,2.580217391,1,"fupal",1,"low",NA,3.975239986,32.12448674,3.014915798,35.19385582,"EXCLUSION",TRUE,TRUE,FALSE,FALSE,FALSE,TRUE
"2024-04","No Elegible","Vulnerabilidad Severa",2.070141643,1,2.578385269,1,1.776038647,2.823478261,2.580217391,2.544987923,"sotap",2,"complete",NA,17.46888676,50,3.915468811,66.422003,"EXCLUSION",TRUE,TRUE,FALSE,TRUE,TRUE,TRUE
"2024-04","Elegible","Vulnerabilidad Elevada",2.070141643,1.525552408,1,1,1.776038647,2.823478261,1.790108696,1.043888889,"fupal",1,"low",NA,11.1900528,26.85846924,3.082697365,37.54429673,"INCLUSION",TRUE,FALSE,FALSE,FALSE,FALSE,TRUE
"2024-06","No Elegible","Vulnerabilidad Moderada",1,1,1,1,1.776038647,1.498900966,2.580217391,1.738466184,"fupal",1,"low",0,0,30.77500505,2.858925454,29.78463461,"EXCLUSION",TRUE,FALSE,FALSE,FALSE,FALSE,FALSE
"2023-08","No Elegible","Vulnerabilidad Elevada",2.070141643,1,2.578385269,1,1.776038647,2.117608696,1.790108696,1.043888889,"sotap",1,"low",NA,17.46888676,22.50821784,3.148177581,39.81493389,"EXCLUSION",TRUE,TRUE,FALSE,FALSE,FALSE,TRUE
"2024-04","Elegible","Vulnerabilidad Elevada",1,1,1,1,1.776038647,2.823478261,2.580217391,1.043888889,"sotap",2,"average",NA,0,32.85812825,2.917065088,31.80072082,"INCLUSION",TRUE,TRUE,FALSE,TRUE,TRUE,TRUE
"2024-04","No Elegible","Vulnerabilidad Elevada",1,1,2.578385269,1.564135978,1.776038647,2.823478261,1,1,"sotap",3,"average",0,14.01324416,17.78726377,2.913556258,31.6790562,"EXCLUSION",FALSE,TRUE,FALSE,FALSE,TRUE,TRUE
"2024-03","No Elegible","Vulnerabilidad Moderada",1,1,1,1,1.776038647,2.823478261,1.790108696,1,"sotap",1,"low",0,0,26.18890898,2.730928248,25.3461237,"EXCLUSION",TRUE,TRUE,FALSE,FALSE,FALSE,TRUE
"2023-07","Lista de Reserva","Vulnerabilidad Baja",1,1,1,1,1,1.498900966,1,1,"pcr_cdmx",1,"low",NA,0,3.815111519,2.10647915,3.692337415,"EXCLUSION",TRUE,TRUE,FALSE,FALSE,FALSE,TRUE
"2023-09","Elegible","Vulnerabilidad Baja",1,1,1,1,1,2.117608696,1.790108696,1,"sotap",1,"low",0,0,14.16503897,2.395343965,13.70919385,"INCLUSION",TRUE,TRUE,FALSE,FALSE,FALSE,TRUE
"2023-12","Elegible","Vulnerabilidad Elevada",1,1.525552408,1,1.564135978,1.776038647,2.823478261,1.790108696,1,"fupal",1,"low",NA,8.159313021,26.18890898,2.973797402,33.76801157,"INCLUSION",FALSE,TRUE,FALSE,FALSE,FALSE,TRUE
"2024-05","Lista de Reserva","Vulnerabilidad Baja",1,1,3.251728045,1,1.776038647,1,1.790108696,1,"sotap",1,"low",0,11.51832969,12.01413641,2.678165869,23.51651054,"EXCLUSION",TRUE,TRUE,FALSE,FALSE,FALSE,TRUE
"2023-08","No Elegible por Duplicidad","Vulnerabilidad Moderada",2.070141643,1,1,1,1.776038647,2.117608696,1.790108696,1.043888889,"sotap",1,"low",0,6.702282231,22.50821784,2.827700095,28.70184926,"EXCLUSION",TRUE,TRUE,FALSE,FALSE,FALSE,TRUE
"2024-05","No Elegible","Vulnerabilidad Baja",1,1,1,1.564135978,1.776038647,1,2.580217391,1.043888889,"sotap",1,"low",NA,3.975239986,17.15905947,2.597233124,20.71003096,"EXCLUSION",TRUE,TRUE,FALSE,FALSE,FALSE,TRUE
"2023-07","Elegible","Vulnerabilidad Elevada",1,2.051104816,2.578385269,1,1.776038647,2.823478261,1.790108696,1,"foten",1,"low",NA,17.3510839,26.18890898,3.247398574,43.25558283,"INCLUSION",FALSE,FALSE,FALSE,FALSE,FALSE,TRUE
"2024-03","No Elegible","Vulnerabilidad Moderada",1,1,1,1,1.776038647,2.823478261,1.790108696,1,"sotap",1,"low",NA,0,26.18890898,2.730928248,25.3461237,"EXCLUSION",FALSE,TRUE,FALSE,FALSE,FALSE,TRUE
"2024-05","No Elegible","Vulnerabilidad Baja",2.070141643,1,1,1,1,1.498900966,1,1.043888889,"sotap",5,"average",0,6.702282231,4.243121443,2.317924185,11.02454193,"EXCLUSION",TRUE,TRUE,FALSE,FALSE,FALSE,TRUE
"2024-01","Elegible por Proceso Acelerado","Vulnerabilidad Baja",1,1,2.578385269,1,1.776038647,1,1.790108696,1,"sotap",1,"low",NA,8.975915299,12.01413641,2.602488661,20.89227872,"INCLUSION",TRUE,TRUE,FALSE,FALSE,FALSE,TRUE
"2024-01","No Elegible","Vulnerabilidad Baja",1,1,2.578385269,1,1,1,1.790108696,1.043888889,"sotap",1,"low",0,8.975915299,6.061858428,2.436361537,15.13155099,"EXCLUSION",TRUE,FALSE,FALSE,FALSE,FALSE,TRUE
"2024-05","No Elegible por Intenciones","Vulnerabilidad Moderada",1,1,1,1,1.776038647,2.117608696,2.580217391,1.043888889,"fomon",1,"low",NA,0,28.09152966,2.784030087,27.18751614,"EXCLUSION",TRUE,TRUE,FALSE,FALSE,FALSE,TRUE
"2024-07","No Elegible","Vulnerabilidad Elevada",1,2.051104816,1,1,1.776038647,2.823478261,2.580217391,1,"sotap",3,"average",0,6.609317356,32.12448674,3.093321436,37.91270043,"EXCLUSION",FALSE,TRUE,FALSE,TRUE,TRUE,TRUE
"2023-12","No Elegible","Vulnerabilidad Baja",1,1,1,1,1,1,1.790108696,1.043888889,NA,1,"low",0,0,6.061858428,2.169185496,5.866781762,"EXCLUSION",FALSE,TRUE,FALSE,FALSE,FALSE,TRUE
"2024-04","No Elegible","Vulnerabilidad Severa",2.700708215,1,3.251728045,1,1.776038647,2.823478261,1.790108696,2.544987923,"sotap",2,"average",NA,24.2379543,42.50305317,3.907717497,66.15321832,"EXCLUSION",FALSE,TRUE,FALSE,TRUE,TRUE,TRUE
"2024-01","No Elegible","Vulnerabilidad Elevada",1,1,2.578385269,1,1.776038647,2.823478261,1.790108696,1.043888889,"sotap",3,"complete",NA,8.975915299,26.85846924,3.016791609,35.25890607,"EXCLUSION",TRUE,TRUE,FALSE,TRUE,TRUE,FALSE
"2024-04","No Elegible","Vulnerabilidad Elevada",2.070141643,1,1,1,1.776038647,2.823478261,2.580217391,1.043888889,"sotap",2,"complete",0,6.702282231,32.85812825,3.116564434,38.7186892,"EXCLUSION",TRUE,TRUE,FALSE,TRUE,TRUE,TRUE
"2023-06","No Elegible","Vulnerabilidad Baja",1,1,1,1,1,1.498900966,1.790108696,1,"sotap",2,"low",NA,0,10.02735341,2.279861825,9.70466315,"EXCLUSION",TRUE,FALSE,FALSE,FALSE,FALSE,TRUE
"2023-10","Elegible","Vulnerabilidad Moderada",2.070141643,1,1,1,1.776038647,1.498900966,2.580217391,1.043888889,"sotap",2,"low",0,6.702282231,22.80125306,2.835878661,28.98545431,"INCLUSION",TRUE,TRUE,FALSE,FALSE,FALSE,TRUE
"2023-06","No Elegible","Vulnerabilidad Moderada",1,1.525552408,2.578385269,1,1.776038647,1.498900966,1.790108696,1,"sotap",1,"low",500,13.7168894,17.10850297,2.885790892,30.71624685,"EXCLUSION",TRUE,TRUE,FALSE,FALSE,FALSE,TRUE
"2023-10","Elegible","Vulnerabilidad Baja",1,1.525552408,1.249197356,1,1,1,1.790108696,1,"sotap",1,"low",-500,5.877094669,5.614422911,2.331634552,11.49997062,"INCLUSION",TRUE,TRUE,FALSE,FALSE,FALSE,TRUE
"2023-11","No Elegible","Vulnerabilidad Moderada",2.700708215,1,2.578385269,1,1.776038647,1,1,1,"futij",3,"low",0,20.97871872,5.532745347,2.778868113,27.00853094,"EXCLUSION",TRUE,TRUE,FALSE,FALSE,TRUE,TRUE
"2023-10","No Elegible","Vulnerabilidad Moderada",1,1,1,1,1.776038647,2.823478261,1.790108696,1.043888889,"sotap",1,"low",0,0,26.85846924,2.749615568,25.99413684,"EXCLUSION",TRUE,TRUE,FALSE,FALSE,FALSE,TRUE
"2024-06","Lista de Reserva","Vulnerabilidad Elevada",2.070141643,1,2.578385269,1,1.776038647,2.823478261,2.580217391,1.043888889,"fupal",4,"average",NA,17.46888676,32.85812825,3.43704192,49.83177383,"EXCLUSION",FALSE,TRUE,FALSE,FALSE,TRUE,TRUE
"2024-01","No Elegible","Vulnerabilidad Baja",1,2.051104816,1,1,1.776038647,1,1.790108696,1,"pcr_cdmx",1,"low",NA,6.609317356,12.01413641,2.532044784,18.44952128,"EXCLUSION",TRUE,TRUE,FALSE,FALSE,FALSE,TRUE
"2023-10","Lista de Reserva","Vulnerabilidad Baja",1,1,1,1,1.776038647,2.823478261,1,1,"pcr_cdmx",4,"average",0,0,17.78726377,2.496439678,17.21485183,"EXCLUSION",TRUE,TRUE,FALSE,FALSE,FALSE,TRUE
"2023-08","No Elegible","Vulnerabilidad Moderada",1,1,1,1,1.776038647,2.823478261,2.580217391,1,"sotap",1,"low",NA,0,32.12448674,2.896589272,31.09068863,"EXCLUSION",TRUE,FALSE,FALSE,FALSE,FALSE,TRUE
"2023-11","Lista de Reserva","Vulnerabilidad Moderada",2.070141643,1,2.578385269,1,1,1.498900966,1.790108696,1.043888889,"sotap",2,"average",NA,17.46888676,10.52243148,2.813656206,28.21486212,"EXCLUSION",TRUE,TRUE,FALSE,FALSE,FALSE,TRUE
"2023-09","No Elegible","Vulnerabilidad Elevada",1,1,1,1,1.776038647,2.823478261,2.580217391,1.043888889,"fupal",1,"low",NA,0,32.85812825,2.917065088,31.80072082,"EXCLUSION",FALSE,FALSE,FALSE,FALSE,FALSE,TRUE
"2023-07","No Elegible","Vulnerabilidad Baja",1,1,1,1,1.776038647,1,2.580217391,1,"sotap",4,"low",NA,0,16.59309681,2.46311067,16.05911436,"EXCLUSION",TRUE,FALSE,FALSE,FALSE,FALSE,TRUE
"2024-06","Lista de Reserva","Vulnerabilidad Baja",2.070141643,1,1,1,1,1,1.790108696,1.043888889,"pcr_cdmx",1,"low",0,6.702282231,6.061858428,2.368684842,12.78475014,"EXCLUSION",TRUE,TRUE,FALSE,FALSE,FALSE,TRUE
"2023-08","No Elegible","Vulnerabilidad Baja",1,1,1,1,1,1,1.790108696,1,"fupal",3,"low",NA,0,5.614422911,2.156697643,5.433745167,"EXCLUSION",TRUE,TRUE,FALSE,TRUE,FALSE,TRUE
"2024-03","Lista de Reserva","Vulnerabilidad Elevada",1,1,1,1,1.776038647,2.823478261,2.580217391,1.043888889,"sotap",1,"low",0,0,32.85812825,2.917065088,31.80072082,"EXCLUSION",TRUE,TRUE,FALSE,FALSE,FALSE,TRUE
"2023-06","Lista de Reserva","Vulnerabilidad Moderada",1,1,2.578385269,1,1.776038647,1.498900966,1.790108696,1,"sotap",1,"low",NA,8.975915299,17.10850297,2.744671614,25.82270347,"EXCLUSION",TRUE,TRUE,FALSE,FALSE,FALSE,TRUE
"2024-05","No Elegible","Vulnerabilidad Baja",1,1,1,1,1,1,1.790108696,1.043888889,"fupal",1,"low",NA,0,6.061858428,2.169185496,5.866781762,"EXCLUSION",TRUE,TRUE,FALSE,FALSE,FALSE,TRUE
"2023-06","No Elegible","Vulnerabilidad Moderada",1,1,1,1,1.776038647,2.117608696,2.580217391,1.043888889,"sotap",6,"average",NA,0,28.09152966,2.784030087,27.18751614,"EXCLUSION",TRUE,TRUE,FALSE,FALSE,TRUE,TRUE
"2023-06","No Elegible","Vulnerabilidad Elevada",1,1,2.578385269,1,1.776038647,2.117608696,2.580217391,1.738466184,"sotap",5,"high",0,8.975915299,36.78475459,3.29383264,44.86575363,"EXCLUSION",TRUE,TRUE,FALSE,FALSE,FALSE,TRUE
"2023-08","Elegible","Vulnerabilidad Baja",1,1,1,1,1,1,1,1,"fupal",1,"low",NA,0,0,2,0,"INCLUSION",TRUE,TRUE,FALSE,FALSE,FALSE,FALSE
"2024-05","No Elegible por Intenciones","Vulnerabilidad Baja",1,1,1,1,1.776038647,1,1.790108696,1,"pcr_cdmx",1,"low",NA,0,12.01413641,2.33531262,11.62750949,"EXCLUSION",TRUE,FALSE,FALSE,FALSE,FALSE,TRUE
"2023-08","Lista de Reserva","Vulnerabilidad Elevada",1,1,2.578385269,1,1.776038647,2.117608696,2.580217391,1,"fupal",4,"average",0,8.975915299,27.40879931,3.032151233,35.79152597,"EXCLUSION",TRUE,TRUE,FALSE,FALSE,FALSE,TRUE
"2024-01","Lista de Reserva","Vulnerabilidad Baja",1,1,1,1,1,1,1.790108696,1,"sotap",1,"low",NA,0,5.614422911,2.156697643,5.433745167,"EXCLUSION",TRUE,TRUE,FALSE,FALSE,FALSE,TRUE
"2023-11","Lista de Reserva","Vulnerabilidad Elevada",1,2.051104816,2.578385269,1,1.776038647,2.117608696,1.790108696,1,"sotap",2,"complete",NA,17.3510839,21.88512181,3.127280564,39.09029584,"EXCLUSION",TRUE,TRUE,FALSE,TRUE,TRUE,TRUE
"2024-04","No Elegible","Vulnerabilidad Elevada",2.070141643,1,1,1,1.776038647,1.498900966,2.580217391,2.544987923,"sotap",2,"average",NA,6.702282231,37.43330939,3.244257006,43.14663644,"EXCLUSION",FALSE,TRUE,FALSE,TRUE,TRUE,TRUE
"2023-09","Lista de Reserva","Vulnerabilidad Moderada",1,1,1,1,1.776038647,2.823478261,1.790108696,1,"sotap",4,"average",0,0,26.18890898,2.730928248,25.3461237,"EXCLUSION",TRUE,TRUE,FALSE,FALSE,TRUE,TRUE
"2024-03","No Elegible","Vulnerabilidad Moderada",2.700708215,1.525552408,1,1,1.776038647,1,2.580217391,1,"sotap",1,"low",NA,14.26831886,16.59309681,2.887819773,30.78660199,"EXCLUSION",TRUE,TRUE,FALSE,FALSE,FALSE,TRUE
"2024-02","No Elegible","Vulnerabilidad Moderada",1,1,1,1,1.776038647,2.823478261,2.580217391,1,"foten",1,"low",NA,0,32.12448674,2.896589272,31.09068863,"EXCLUSION",TRUE,TRUE,FALSE,FALSE,FALSE,TRUE
"2024-06","No Elegible","Vulnerabilidad Elevada",1,1,2.578385269,1,1,2.117608696,2.580217391,1.738466184,"pcr_cdmx",1,"low",0,8.975915299,27.07165714,3.022741649,35.46523337,"EXCLUSION",TRUE,TRUE,FALSE,FALSE,FALSE,TRUE
"2023-06","Lista de Reserva","Vulnerabilidad Moderada",1,1,1,1,1.776038647,2.117608696,2.580217391,1,NA,2,"average",NA,0,27.40879931,2.764975192,26.52675674,"EXCLUSION",FALSE,FALSE,FALSE,TRUE,FALSE,TRUE
"2023-12","No Elegible","Vulnerabilidad Moderada",1,1,1,1,1.776038647,2.823478261,1.790108696,1,"foten",3,"average",NA,0,26.18890898,2.730928248,25.3461237,"EXCLUSION",FALSE,FALSE,FALSE,FALSE,FALSE,TRUE
"2024-04","Lista de Reserva","Vulnerabilidad Elevada",2.070141643,1,2.578385269,1,1.776038647,1,2.580217391,2.544987923,"sotap",1,"low",0,17.46888676,30.38303782,3.367962543,47.43633428,"EXCLUSION",TRUE,TRUE,FALSE,FALSE,FALSE,TRUE
"2024-02","Elegible","Vulnerabilidad Moderada",1,1,1,1,1.776038647,2.823478261,2.580217391,1,"sotap",4,"average",NA,0,32.12448674,2.896589272,31.09068863,"INCLUSION",TRUE,TRUE,FALSE,FALSE,FALSE,TRUE
"2023-06","Lista de Reserva","Vulnerabilidad Baja",1,1,1,1,1,1.498900966,1,1,"sotap",2,"average",-500,0,3.815111519,2.10647915,3.692337415,"EXCLUSION",TRUE,TRUE,FALSE,FALSE,TRUE,TRUE
"2024-03","Elegible","Vulnerabilidad Moderada",1,1.525552408,1,1,1.776038647,2.823478261,2.580217391,1,"foten",1,"low",NA,3.741369748,32.12448674,3.007954444,34.9524594,"INCLUSION",TRUE,TRUE,FALSE,FALSE,FALSE,TRUE
"2023-12","Elegible","Vulnerabilidad Baja",2.700708215,1,1.249197356,1,1,1,1.790108696,1,"sotap",1,"low",0,11.93561888,5.614422911,2.511971873,17.7534642,"INCLUSION",TRUE,TRUE,FALSE,FALSE,FALSE,TRUE
"2023-08","Elegible","Vulnerabilidad Moderada",2.700708215,1,2.578385269,1,1,1.498900966,1,1,"foten",1,"low",NA,20.97871872,3.815111519,2.730929228,25.34617228,"INCLUSION",TRUE,TRUE,FALSE,FALSE,FALSE,TRUE
"2023-10","No Elegible","Vulnerabilidad Baja",1,1,1,1,1.776038647,1,1.790108696,1,"sotap",2,"average",0,0,12.01413641,2.33531262,11.62750949,"EXCLUSION",TRUE,TRUE,FALSE,TRUE,TRUE,TRUE
"2023-10","Lista de Reserva","Vulnerabilidad Baja",1,1,1,1,1,1.498900966,1,1,"sotap",1,"low",-500,0,3.815111519,2.10647915,3.692337415,"EXCLUSION",TRUE,TRUE,FALSE,FALSE,FALSE,TRUE
"2023-10","No Elegible","Vulnerabilidad Elevada",2.700708215,1,1.249197356,1,1.776038647,2.823478261,2.580217391,1.043888889,"sotap",1,"low",0,11.93561888,32.85812825,3.272339318,44.12043986,"EXCLUSION",TRUE,TRUE,FALSE,FALSE,FALSE,TRUE
"2024-05","No Elegible","Vulnerabilidad Baja",1,1,1,1,1.776038647,1.498900966,1.790108696,1,"sotap",2,"average",-500,0,17.10850297,2.477495573,16.55793424,"EXCLUSION",TRUE,TRUE,FALSE,TRUE,TRUE,TRUE
"2023-12","Elegible","Vulnerabilidad Moderada",1,1,1,1,1.776038647,2.823478261,2.580217391,1,"sotap",1,"low",0,0,32.12448674,2.896589272,31.09068863,"INCLUSION",TRUE,TRUE,FALSE,FALSE,FALSE,TRUE
"2023-08","Lista de Reserva","Vulnerabilidad Baja",1,1,1,1,1.776038647,1.498900966,1.790108696,1,"pcr_cdmx",1,"low",0,0,17.10850297,2.477495573,16.55793424,"EXCLUSION",TRUE,TRUE,FALSE,FALSE,FALSE,TRUE
"2024-05","No Elegible","Vulnerabilidad Elevada",2.700708215,1,3.251728045,1,1.776038647,1,1.790108696,2.544987923,"sotap",1,"low",NA,24.2379543,24.59957006,3.408034155,48.8258872,"EXCLUSION",TRUE,TRUE,FALSE,FALSE,FALSE,TRUE
"2024-05","Lista de Reserva","Vulnerabilidad Moderada",1,1.525552408,2.578385269,1,1.776038647,1.498900966,1.790108696,1,"futij",1,"low",NA,13.7168894,17.10850297,2.885790892,30.71624685,"EXCLUSION",TRUE,FALSE,FALSE,FALSE,FALSE,TRUE
"2024-05","Lista de Reserva","Vulnerabilidad Elevada",1,2.051104816,2.578385269,1,1.776038647,2.823478261,2.580217391,1,"pcr_cdmx",2,"average",0,17.3510839,32.12448674,3.413059597,49.00014776,"EXCLUSION",TRUE,FALSE,FALSE,TRUE,TRUE,TRUE
"2024-02","No Elegible","Vulnerabilidad Moderada",1,1,1,1,1.776038647,2.117608696,2.580217391,1,"sotap",1,"low",0,0,27.40879931,2.764975192,26.52675674,"EXCLUSION",TRUE,FALSE,FALSE,FALSE,FALSE,TRUE
"2024-01","Elegible","Vulnerabilidad Baja",2.700708215,1,1,1,1.776038647,1,1.790108696,1,"sotap",3,"average",0,9.472088355,12.01413641,2.61725769,21.40441912,"INCLUSION",TRUE,FALSE,FALSE,TRUE,FALSE,TRUE
"2024-04","No Elegible","Vulnerabilidad Moderada",1,1,2.578385269,1,1.776038647,1.498900966,2.580217391,1,"sotap",3,"average",NA,8.975915299,22.17502718,2.886077492,30.72618186,"EXCLUSION",TRUE,FALSE,FALSE,FALSE,TRUE,TRUE
"2023-09","No Elegible","Vulnerabilidad Elevada",1,1.525552408,2.578385269,1,1.776038647,2.823478261,2.580217391,1.043888889,"pcr_cdmx",2,"average",NA,13.7168894,32.85812825,3.325360407,45.95903344,"EXCLUSION",FALSE,TRUE,FALSE,TRUE,FALSE,TRUE
"2024-05","No Elegible","Vulnerabilidad Elevada",2.700708215,1,3.251728045,1,1.776038647,1,2.580217391,1,"sotap",1,"low",NA,24.2379543,16.59309681,3.184574771,41.07707027,"EXCLUSION",TRUE,TRUE,FALSE,FALSE,FALSE,TRUE
"2024-05","No Elegible","Vulnerabilidad Elevada",2.070141643,1,1,1,1.776038647,2.823478261,2.580217391,1.043888889,"sotap",3,"low",0,6.702282231,32.85812825,3.116564434,38.7186892,"EXCLUSION",TRUE,TRUE,FALSE,FALSE,FALSE,TRUE
"2023-10","Elegible","Vulnerabilidad Moderada",2.070141643,1,1,1,1.776038647,1,1.790108696,2.544987923,"sotap",4,"average",NA,6.702282231,24.59957006,2.8860694,30.72589967,"INCLUSION",TRUE,TRUE,FALSE,FALSE,FALSE,FALSE
"2023-07","No Elegible","Vulnerabilidad Elevada",2.070141643,1,2.578385269,1,1,2.117608696,1.790108696,1.043888889,"sotap",2,"low",0,17.46888676,14.70478802,2.930385106,32.26262624,"EXCLUSION",TRUE,TRUE,TRUE,FALSE,TRUE,TRUE
"2024-05","No Elegible","Vulnerabilidad Elevada",1,1,2.578385269,1,1.776038647,2.823478261,2.580217391,1,"pcr_cdmx",1,"low",0,8.975915299,32.12448674,3.163765312,40.35545786,"EXCLUSION",TRUE,TRUE,FALSE,FALSE,FALSE,TRUE
"2023-07","No Elegible por Intenciones","Vulnerabilidad Baja",2.070141643,1,1,1,1.776038647,1.498900966,1.790108696,1.043888889,"pcr_cdmx",1,"low",NA,6.702282231,17.68003002,2.692946147,24.02903735,"EXCLUSION",TRUE,TRUE,FALSE,FALSE,FALSE,TRUE
"2023-07","Lista de Reserva","Vulnerabilidad Baja",1,2.051104816,1,1,1,1.498900966,1,1.043888889,"sotap",1,"low",NA,6.609317356,4.243121443,2.315157003,10.92858535,"EXCLUSION",FALSE,TRUE,FALSE,FALSE,FALSE,TRUE
"2024-06","No Elegible","Vulnerabilidad Baja",1.599560907,1,2.578385269,1,1,2.117608696,1,1.043888889,"pcr_cdmx",1,"low",0,14.28054816,7.858894815,2.644413613,22.3460982,"EXCLUSION",TRUE,TRUE,FALSE,FALSE,FALSE,TRUE
"2024-05","Lista de Reserva","Vulnerabilidad Baja",1,1,1,1,1.776038647,1,1,1,"fomon",2,"average",NA,0,5.532745347,2.154418035,5.354696069,"EXCLUSION",TRUE,TRUE,FALSE,FALSE,TRUE,TRUE
"2023-10","Lista de Reserva","Vulnerabilidad Moderada",1,1,1,1,1,2.117608696,2.580217391,1.738466184,"sotap",2,"low",NA,0,27.07165714,2.755565608,26.20046414,"EXCLUSION",TRUE,TRUE,FALSE,FALSE,TRUE,TRUE
"2023-06","No Elegible","Vulnerabilidad Elevada",1,1,3.251728045,1,1.776038647,2.823478261,2.580217391,1,"sotap",3,"low",0,11.51832969,32.12448674,3.23944252,42.97968969,"EXCLUSION",TRUE,TRUE,FALSE,TRUE,FALSE,TRUE
"2024-03","Elegible","Vulnerabilidad Moderada",1,1.525552408,1,1,1.776038647,2.117608696,1.790108696,1,"pcr_cdmx",4,"average",NA,3.741369748,21.88512181,2.722175411,25.04260747,"INCLUSION",TRUE,FALSE,FALSE,FALSE,TRUE,TRUE
"2023-09","No Elegible","Vulnerabilidad Moderada",1,1,1,1,1.776038647,2.823478261,1.790108696,1,"sotap",1,"low",NA,0,26.18890898,2.730928248,25.3461237,"EXCLUSION",FALSE,FALSE,FALSE,FALSE,FALSE,TRUE
"2024-04","Lista de Reserva","Vulnerabilidad Baja",1,1.525552408,1,1,1.776038647,1.498900966,1.790108696,1,"sotap",1,"low",0,3.741369748,17.10850297,2.588860746,20.419705,"EXCLUSION",TRUE,TRUE,FALSE,FALSE,FALSE,TRUE
"2024-04","Elegible","Vulnerabilidad Elevada",2.070141643,1,1,1,1.776038647,2.823478261,2.580217391,1.043888889,"foten",2,"average",NA,6.702282231,32.85812825,3.116564434,38.7186892,"INCLUSION",FALSE,TRUE,FALSE,TRUE,FALSE,TRUE
"2024-01","Elegible por Proceso Acelerado","Vulnerabilidad Baja",1,1,1,1,1,1,1,1,"sotap",1,"low",NA,0,0,2,0,"INCLUSION",TRUE,FALSE,FALSE,FALSE,FALSE,TRUE
"2024-05","No Elegible","Vulnerabilidad Elevada",2.070141643,1,1,1,1.776038647,2.823478261,1.790108696,1.043888889,"sotap",3,"low",0,6.702282231,26.85846924,2.949114914,32.91210522,"EXCLUSION",TRUE,FALSE,FALSE,FALSE,FALSE,TRUE
"2024-01","Elegible por Proceso Acelerado","Vulnerabilidad Moderada",1,1,1,1,1.776038647,2.823478261,1.790108696,1.043888889,"sotap",1,"low",0,0,26.85846924,2.749615568,25.99413684,"INCLUSION",TRUE,TRUE,FALSE,FALSE,FALSE,TRUE
"2024-02","No Elegible","Vulnerabilidad Moderada",1,1,1,1,1.776038647,2.823478261,1.790108696,1,"sotap",6,"average",0,0,26.18890898,2.730928248,25.3461237,"EXCLUSION",TRUE,TRUE,FALSE,FALSE,TRUE,TRUE
"2023-09","No Elegible","Vulnerabilidad Moderada",2.700708215,1,2.578385269,1,1,1.498900966,1,1,"sotap",1,"low",-500,20.97871872,3.815111519,2.730929228,25.34617228,"EXCLUSION",TRUE,TRUE,FALSE,FALSE,FALSE,TRUE
"2023-10","Elegible","Vulnerabilidad Baja",1,1,1,1,1,1.498900966,1,1,"futij",3,"average",NA,0,3.815111519,2.10647915,3.692337415,"INCLUSION",TRUE,TRUE,FALSE,FALSE,TRUE,FALSE
"2024-02","No Elegible","Vulnerabilidad Elevada",1,2.051104816,1,1,1.776038647,2.823478261,1.790108696,1,"sotap",4,"average",0,6.609317356,26.18890898,2.927660413,32.1681355,"EXCLUSION",TRUE,TRUE,FALSE,FALSE,FALSE,TRUE
"2023-10","Elegible","Vulnerabilidad Baja",1,1,1,1,1,2.117608696,1.790108696,1.043888889,"sotap",1,"low",0,0,14.70478802,2.410408275,14.23157324,"INCLUSION",TRUE,TRUE,FALSE,FALSE,FALSE,TRUE
"2024-02","No Elegible","Vulnerabilidad Moderada",1,1,1,1,1.776038647,2.823478261,1.790108696,1,"fupal",1,"low",NA,0,26.18890898,2.730928248,25.3461237,"EXCLUSION",TRUE,TRUE,FALSE,FALSE,FALSE,TRUE
"2024-02","Elegible","Vulnerabilidad Moderada",1,1.525552408,2.578385269,1,1.776038647,1,1.790108696,1.043888889,"sotap",1,"low",0,13.7168894,12.53066404,2.758024142,26.28572736,"INCLUSION",TRUE,TRUE,FALSE,FALSE,FALSE,TRUE
"2024-02","Elegible","Vulnerabilidad Elevada",2.700708215,1,2.578385269,1,1.776038647,2.117608696,1.790108696,1.043888889,"foten",1,"low",NA,20.97871872,22.50821784,3.252650827,43.43771575,"INCLUSION",TRUE,TRUE,FALSE,FALSE,FALSE,TRUE
"2023-08","Lista de Reserva","Vulnerabilidad Severa",2.700708215,2.051104816,3.251728045,1,1.776038647,2.823478261,1.790108696,1,"foten",4,"average",NA,35.61565687,26.18890898,3.791059708,62.10792802,"EXCLUSION",TRUE,TRUE,FALSE,FALSE,FALSE,TRUE
"2023-11","Lista de Reserva","Vulnerabilidad Baja",1,1,1,1.564135978,1,2.117608696,1.790108696,1.043888889,"sotap",1,"low",NA,3.975239986,14.70478802,2.528734801,18.33474042,"EXCLUSION",FALSE,TRUE,FALSE,FALSE,FALSE,TRUE
"2024-06","No Elegible","Vulnerabilidad Elevada",1,1.525552408,1,1,1.776038647,2.823478261,2.580217391,1,"sotap",3,"average",NA,3.741369748,32.12448674,3.007954444,34.9524594,"EXCLUSION",TRUE,TRUE,TRUE,FALSE,FALSE,TRUE
"2024-01","Elegible","Vulnerabilidad Baja",1,1,1,1,1,1,1.790108696,1,"sotap",1,"low",500,0,5.614422911,2.156697643,5.433745167,"INCLUSION",TRUE,TRUE,FALSE,FALSE,FALSE,TRUE
"2023-10","Elegible","Vulnerabilidad Elevada",2.700708215,2.051104816,3.251728045,1,1,2.117608696,1.790108696,1,"sotap",1,"low",NA,35.61565687,14.16503897,3.455475425,50.47099817,"INCLUSION",TRUE,TRUE,FALSE,FALSE,FALSE,TRUE
"2023-10","No Elegible","Vulnerabilidad Moderada",1,1,2.578385269,1,1.776038647,1,2.580217391,1.043888889,"sotap",2,"low",0,8.975915299,17.15905947,2.746082638,25.87163301,"EXCLUSION",TRUE,TRUE,FALSE,TRUE,FALSE,FALSE
"2024-02","Lista de Reserva","Vulnerabilidad Moderada",1,1,1,1,1.776038647,2.823478261,1.790108696,1,"fupal",1,"low",NA,0,26.18890898,2.730928248,25.3461237,"EXCLUSION",TRUE,TRUE,FALSE,FALSE,FALSE,TRUE
"2024-02","Elegible","Vulnerabilidad Baja",1,1,1,1,1,1,1,1,"sotap",1,"low",NA,0,0,2,0,"INCLUSION",TRUE,TRUE,FALSE,FALSE,FALSE,TRUE
"2024-01","Elegible por Proceso Acelerado","Vulnerabilidad Baja",2.700708215,1,1,1,1,2.117608696,1.790108696,1.043888889,"sotap",4,"average",NA,9.472088355,14.70478802,2.692353344,24.00848287,"INCLUSION",TRUE,TRUE,FALSE,TRUE,TRUE,TRUE
"2023-08","Elegible","Vulnerabilidad Elevada",1,1,1,1,1.776038647,2.823478261,2.580217391,1.043888889,"sotap",3,"low",0,0,32.85812825,2.917065088,31.80072082,"INCLUSION",TRUE,TRUE,FALSE,TRUE,FALSE,TRUE
"2024-06","No Elegible","Vulnerabilidad Baja",1,1,1,1,1,2.117608696,1.790108696,1,"sotap",1,"low",NA,0,14.16503897,2.395343965,13.70919385,"EXCLUSION",TRUE,TRUE,FALSE,FALSE,FALSE,TRUE
"2024-02","No Elegible por Duplicidad","Vulnerabilidad Baja",1,1,1,1,1,2.117608696,1,1,"sotap",1,"low",NA,0,7.392265486,2.206316944,7.15437499,"EXCLUSION",TRUE,TRUE,FALSE,FALSE,FALSE,TRUE
"2023-10","Lista de Reserva","Vulnerabilidad Elevada",1,1.525552408,2.578385269,1,1.776038647,2.823478261,1.790108696,1.043888889,"sotap",1,"low",0,13.7168894,26.85846924,3.157910887,40.15244946,"EXCLUSION",FALSE,TRUE,FALSE,FALSE,FALSE,TRUE
"2023-06","Lista de Reserva","Vulnerabilidad Moderada",2.070141643,1,1,1,1.776038647,1.498900966,2.580217391,1.043888889,"foten",1,"low",0,6.702282231,22.80125306,2.835878661,28.98545431,"EXCLUSION",TRUE,TRUE,FALSE,FALSE,FALSE,TRUE
"2024-07","No Elegible","Vulnerabilidad Moderada",1,2.051104816,1,1,1.776038647,2.117608696,1.790108696,1,"sotap",3,"low",NA,6.609317356,21.88512181,2.807542403,28.0028485,"EXCLUSION",TRUE,TRUE,FALSE,FALSE,FALSE,TRUE
"2023-07","Lista de Reserva","Vulnerabilidad Baja",1,1,1,1,1.776038647,1,2.580217391,1.043888889,"sotap",1,"low",0,0,17.15905947,2.478906597,16.60686378,"EXCLUSION",FALSE,FALSE,FALSE,FALSE,FALSE,TRUE
"2024-02","No Elegible","Vulnerabilidad Elevada",2.070141643,1,2.578385269,1,1.776038647,2.823478261,2.580217391,1.043888889,"sotap",1,"low",0,17.46888676,32.85812825,3.43704192,49.83177383,"EXCLUSION",TRUE,TRUE,FALSE,FALSE,FALSE,TRUE
"2024-05","No Elegible","Vulnerabilidad Severa",2.700708215,1,3.251728045,1,1.776038647,2.117608696,2.580217391,1.043888889,"sotap",4,"complete",NA,24.2379543,28.09152966,3.505494188,52.20547205,"EXCLUSION",TRUE,TRUE,FALSE,TRUE,TRUE,TRUE
"2024-03","Lista de Reserva","Vulnerabilidad Elevada",1,1,2.578385269,1,1.776038647,2.823478261,2.580217391,1,"foten",1,"low",0,8.975915299,32.12448674,3.163765312,40.35545786,"EXCLUSION",TRUE,TRUE,FALSE,FALSE,FALSE,TRUE
"2024-04","No Elegible por Duplicidad","Vulnerabilidad Elevada",2.700708215,1,3.251728045,1,1.776038647,2.117608696,2.580217391,1,"sotap",1,"low",0,24.2379543,27.40879931,3.486439293,51.54471265,"EXCLUSION",TRUE,TRUE,FALSE,FALSE,FALSE,TRUE
"2023-06","No Elegible","Vulnerabilidad Moderada",1,1,1,1,1.776038647,2.823478261,2.580217391,1,"pcr_cdmx",4,"average",NA,0,32.12448674,2.896589272,31.09068863,"EXCLUSION",TRUE,TRUE,FALSE,FALSE,FALSE,TRUE
"2024-04","Lista de Reserva","Vulnerabilidad Severa",2.070141643,1,2.578385269,1,1.776038647,1.498900966,2.580217391,2.544987923,"sotap",3,"complete",0,17.46888676,37.43330939,3.564734492,54.25972107,"EXCLUSION",FALSE,FALSE,FALSE,TRUE,TRUE,TRUE
"2023-08","No Elegible","Vulnerabilidad Elevada",1,1,2.578385269,1,1.776038647,2.823478261,2.580217391,1.043888889,"foten",2,"average",NA,8.975915299,32.85812825,3.184241129,41.06549005,"EXCLUSION",TRUE,TRUE,FALSE,TRUE,TRUE,TRUE
"2024-06","No Elegible","Vulnerabilidad Baja",1,1,1,1,1.776038647,2.117608696,1.790108696,1,"futij",1,"low",NA,0,21.88512181,2.610810239,21.18083671,"EXCLUSION",TRUE,TRUE,FALSE,FALSE,FALSE,FALSE
"2024-06","No Elegible","Vulnerabilidad Elevada",2.700708215,1,1.249197356,1,1.776038647,2.117608696,1.790108696,1.043888889,"sotap",3,"average",NA,11.93561888,22.50821784,2.983474979,34.10359991,"EXCLUSION",TRUE,TRUE,FALSE,TRUE,TRUE,TRUE
"2023-11","Lista de Reserva","Vulnerabilidad Baja",1,1,1,1,1.776038647,1.498900966,1.790108696,1,"pcr_cdmx",1,"low",NA,0,17.10850297,2.477495573,16.55793424,"EXCLUSION",TRUE,TRUE,FALSE,FALSE,FALSE,TRUE
"2023-09","Elegible","Vulnerabilidad Baja",1,1,1,1,1.776038647,1,2.580217391,1.043888889,"sotap",1,"low",NA,0,17.15905947,2.478906597,16.60686378,"INCLUSION",TRUE,TRUE,FALSE,FALSE,FALSE,TRUE
"2024-04","Elegible","Vulnerabilidad Elevada",1,1,2.578385269,1,1.776038647,2.117608696,2.580217391,1.043888889,"sotap",2,"average",NA,8.975915299,28.09152966,3.051206127,36.45228537,"INCLUSION",FALSE,FALSE,FALSE,TRUE,TRUE,TRUE
"2023-06","Elegible","Vulnerabilidad Baja",1,1,1,1,1,1,1.790108696,1,"sotap",1,"low",NA,0,5.614422911,2.156697643,5.433745167,"INCLUSION",FALSE,FALSE,FALSE,FALSE,FALSE,TRUE
"2023-08","No Elegible","Vulnerabilidad Elevada",2.070141643,1,1,1,1.776038647,2.117608696,2.580217391,1.043888889,"fupal",2,"low",NA,6.702282231,28.09152966,2.983529432,34.10548452,"EXCLUSION",TRUE,TRUE,FALSE,FALSE,FALSE,TRUE
"2024-03","No Elegible","Vulnerabilidad Severa",2.700708215,1,2.578385269,1,1.776038647,2.823478261,2.580217391,1,"sotap",2,"average",0,20.97871872,32.12448674,3.521039349,52.7445235,"EXCLUSION",TRUE,TRUE,FALSE,FALSE,FALSE,TRUE
"2023-08","Elegible","Vulnerabilidad Moderada",1,1.525552408,1,1,1.776038647,2.117608696,1.790108696,1,"sotap",1,"low",NA,3.741369748,21.88512181,2.722175411,25.04260747,"INCLUSION",TRUE,TRUE,FALSE,FALSE,FALSE,TRUE
"2024-04","Lista de Reserva","Vulnerabilidad Baja",1,1,2.578385269,1,1.776038647,1,1.790108696,1,"fomon",1,"low",0,8.975915299,12.01413641,2.602488661,20.89227872,"EXCLUSION",TRUE,TRUE,FALSE,FALSE,FALSE,TRUE
"2024-04","No Elegible","Vulnerabilidad Elevada",2.070141643,1,3.251728045,1,1,2.117608696,2.580217391,1.043888889,"sotap",4,"average",0,20.51851115,19.54126117,3.156145058,40.0912212,"EXCLUSION",TRUE,TRUE,FALSE,FALSE,TRUE,TRUE
"2024-06","Lista de Reserva","Vulnerabilidad Severa",2.070141643,2.051104816,2.578385269,1,1.776038647,2.823478261,2.580217391,2.544987923,"sotap",3,"complete",0,27.51489601,50,4.214497142,76.79130288,"EXCLUSION",FALSE,FALSE,FALSE,TRUE,FALSE,TRUE
"2023-11","Elegible","Vulnerabilidad Baja",1,2.051104816,1.249197356,1,1.776038647,1,1.790108696,1.043888889,"sotap",1,"low",0,8.909093135,12.53066404,2.614915843,21.3232114,"INCLUSION",TRUE,TRUE,FALSE,FALSE,FALSE,TRUE
"2023-09","No Elegible","Vulnerabilidad Baja",1,1,1,1,1,2.117608696,1,1,"pcr_cdmx",1,"low",0,0,7.392265486,2.206316944,7.15437499,"EXCLUSION",TRUE,TRUE,FALSE,FALSE,FALSE,TRUE
"2023-12","No Elegible","Vulnerabilidad Elevada",1,1,2.578385269,1,1.776038647,2.823478261,2.580217391,1.043888889,"fupal",1,"low",NA,8.975915299,32.85812825,3.184241129,41.06549005,"EXCLUSION",TRUE,TRUE,FALSE,FALSE,FALSE,TRUE
"2024-01","Lista de Reserva","Vulnerabilidad Baja",1,1,2.578385269,1,1.776038647,1,1.790108696,1.043888889,"sotap",1,"low",NA,8.975915299,12.53066404,2.616904864,21.39218397,"EXCLUSION",TRUE,TRUE,FALSE,FALSE,FALSE,TRUE
"2024-06","No Elegible","Vulnerabilidad Moderada",1,1,1.249197356,1,1.776038647,2.117608696,2.580217391,1.043888889,"sotap",1,"low",0,1.921713018,28.09152966,2.841231571,29.17107181,"EXCLUSION",TRUE,TRUE,FALSE,FALSE,FALSE,TRUE
"2023-07","Lista de Reserva","Vulnerabilidad Elevada",2.700708215,1,3.251728045,1,1.776038647,2.823478261,1,1,"sotap",3,"low",0,24.2379543,17.78726377,3.21790378,42.23280774,"EXCLUSION",TRUE,FALSE,FALSE,FALSE,FALSE,TRUE
"2023-12","Elegible","Vulnerabilidad Baja",1,1,1,1,1.776038647,1.498900966,1.790108696,1,"fusal",1,"low",NA,0,17.10850297,2.477495573,16.55793424,"INCLUSION",TRUE,TRUE,FALSE,FALSE,FALSE,TRUE
"2024-05","No Elegible por Duplicidad","Vulnerabilidad Elevada",2.070141643,1,1,1,1.776038647,2.823478261,2.580217391,1.043888889,"sotap",2,"complete",-500,6.702282231,32.85812825,3.116564434,38.7186892,"EXCLUSION",TRUE,TRUE,FALSE,TRUE,TRUE,TRUE
"2024-05","No Elegible","Vulnerabilidad Baja",1,1,1,1,1.776038647,1,1.790108696,1,"sotap",1,"low",NA,0,12.01413641,2.33531262,11.62750949,"EXCLUSION",FALSE,TRUE,FALSE,FALSE,FALSE,TRUE
"2024-04","No Elegible","Vulnerabilidad Elevada",1,1,1,1,1.776038647,2.823478261,2.580217391,1.043888889,"foten",1,"low",NA,0,32.85812825,2.917065088,31.80072082,"EXCLUSION",TRUE,TRUE,FALSE,FALSE,FALSE,TRUE
"2024-01","Elegible","Vulnerabilidad Baja",2.070141643,1,1,1.564135978,1,1,1.790108696,1.043888889,"sotap",2,"low",NA,11.47057999,6.061858428,2.510617433,17.70649649,"INCLUSION",TRUE,TRUE,FALSE,FALSE,FALSE,TRUE
"2023-08","No Elegible","Vulnerabilidad Elevada",1,1,2.578385269,1,1.776038647,2.823478261,1.790108696,1.043888889,"sotap",3,"average",-500,8.975915299,26.85846924,3.016791609,35.25890607,"EXCLUSION",TRUE,TRUE,FALSE,TRUE,TRUE,TRUE
"2023-10","No Elegible","Vulnerabilidad Elevada",2.700708215,1.525552408,2.578385269,1,1.776038647,2.117608696,1.790108696,1,"sotap",1,"low",0,27.05638709,21.88512181,3.416167479,49.10792539,"EXCLUSION",TRUE,TRUE,FALSE,FALSE,FALSE,TRUE
"2024-01","No Elegible por Intenciones","Vulnerabilidad Elevada",1.599560907,2.051104816,1,1,1.776038647,2.117608696,1.790108696,1,"sotap",1,"low",0,11.61905914,21.88512181,2.956661789,33.17380879,"EXCLUSION",TRUE,FALSE,FALSE,FALSE,FALSE,TRUE
"2024-01","Elegible","Vulnerabilidad Elevada",1,1,2.578385269,1,1.776038647,2.117608696,1.790108696,1.738466184,"sotap",4,"average",0,8.975915299,30.44211729,3.116810651,38.72722874,"INCLUSION",TRUE,TRUE,FALSE,FALSE,FALSE,TRUE
"2023-09","Elegible","Vulnerabilidad Moderada",1,1,1,1,1.776038647,1.498900966,2.580217391,1.738466184,"sotap",1,"low",NA,0,30.77500505,2.858925454,29.78463461,"INCLUSION",FALSE,TRUE,FALSE,FALSE,FALSE,TRUE
"2023-09","Elegible","Vulnerabilidad Baja",1,1,1,1,1.776038647,1.498900966,1,1,"sotap",4,"low",0,0,9.93697889,2.277339487,9.617196972,"INCLUSION",TRUE,TRUE,FALSE,FALSE,TRUE,TRUE
"2024-02","No Elegible","Vulnerabilidad Elevada",2.070141643,1,1,1,1.776038647,2.823478261,1.790108696,1.043888889,"sotap",2,"average",NA,6.702282231,26.85846924,2.949114914,32.91210522,"EXCLUSION",TRUE,TRUE,FALSE,TRUE,TRUE,TRUE
"2024-01","Elegible","Vulnerabilidad Baja",1,1,1,1,1,1.498900966,1,1,"foten",2,"average",0,0,3.815111519,2.10647915,3.692337415,"INCLUSION",TRUE,TRUE,FALSE,FALSE,FALSE,TRUE
"2024-05","No Elegible","Vulnerabilidad Moderada",1,1,1,1,1.776038647,2.823478261,2.580217391,1,"fupal",3,"low",NA,0,32.12448674,2.896589272,31.09068863,"EXCLUSION",FALSE,FALSE,FALSE,FALSE,TRUE,TRUE
"2023-10","Lista de Reserva","Vulnerabilidad Baja",1,1,1,1,1,2.823478261,1,1,"fupal",1,"low",NA,0,10.61532135,2.296271916,10.27370969,"EXCLUSION",TRUE,TRUE,FALSE,FALSE,FALSE,TRUE
"2024-01","Elegible","Vulnerabilidad Elevada",2.070141643,1.525552408,1,1,1.776038647,2.117608696,1.790108696,1.043888889,"sotap",2,"average",NA,11.1900528,22.50821784,2.961282546,33.33404077,"INCLUSION",FALSE,TRUE,FALSE,TRUE,TRUE,TRUE
"2024-02","No Elegible","Vulnerabilidad Baja",1,1,1,1,1.776038647,1.498900966,1.790108696,1,"sotap",4,"average",NA,0,17.10850297,2.477495573,16.55793424,"EXCLUSION",TRUE,TRUE,FALSE,FALSE,FALSE,TRUE
"2024-03","No Elegible por Intenciones","Vulnerabilidad Elevada",1,2.051104816,1,1,1.776038647,2.823478261,1.790108696,1,"fupal",4,"average",NA,6.609317356,26.18890898,2.927660413,32.1681355,"EXCLUSION",TRUE,TRUE,FALSE,FALSE,FALSE,TRUE
"2023-12","Lista de Reserva","Vulnerabilidad Elevada",2.070141643,1,1,1,1.776038647,2.117608696,2.580217391,2.544987923,"sotap",1,"low",NA,6.702282231,44.04383881,3.428755821,49.54443241,"EXCLUSION",TRUE,TRUE,FALSE,FALSE,FALSE,TRUE
"2023-08","No Elegible","Vulnerabilidad Baja",2.070141643,1,1,1,1,1.498900966,1.790108696,1.043888889,"sotap",1,"low",0,6.702282231,10.52243148,2.49317872,17.10177749,"EXCLUSION",TRUE,TRUE,FALSE,FALSE,FALSE,TRUE
"2023-08","No Elegible","Vulnerabilidad Elevada",2.070141643,1,1,1,1.776038647,2.117608696,2.580217391,1.043888889,"sotap",2,"complete",NA,6.702282231,28.09152966,2.983529432,34.10548452,"EXCLUSION",TRUE,TRUE,FALSE,TRUE,TRUE,TRUE
"2024-02","Elegible","Vulnerabilidad Moderada",1,1,2.578385269,1,1.776038647,2.117608696,1.790108696,1.043888889,"sotap",1,"low",NA,8.975915299,22.50821784,2.89537679,31.04865011,"INCLUSION",TRUE,TRUE,FALSE,FALSE,FALSE,TRUE
"2023-12","No Elegible","Vulnerabilidad Elevada",1,1,2.578385269,1,1.776038647,2.823478261,2.580217391,1.043888889,"sotap",4,"average",0,8.975915299,32.85812825,3.184241129,41.06549005,"EXCLUSION",TRUE,TRUE,FALSE,FALSE,TRUE,TRUE
"2024-04","No Elegible","Vulnerabilidad Baja",1,1,1,1,1.776038647,1,1,1,"sotap",1,"low",0,0,5.532745347,2.154418035,5.354696069,"EXCLUSION",TRUE,TRUE,TRUE,FALSE,FALSE,TRUE
"2023-07","No Elegible","Vulnerabilidad Elevada",2.070141643,2.051104816,2.578385269,1,1,1,1.790108696,1.043888889,"sotap",2,"average",-500,27.51489601,6.061858428,2.98819066,34.26713464,"EXCLUSION",TRUE,TRUE,FALSE,TRUE,TRUE,TRUE
"2024-04","Elegible","Vulnerabilidad Elevada",1,2.051104816,2.578385269,1,1.776038647,2.117608696,1.790108696,1,"sotap",1,"low",NA,17.3510839,21.88512181,3.127280564,39.09029584,"INCLUSION",TRUE,TRUE,FALSE,FALSE,FALSE,TRUE
"2024-05","No Elegible","Vulnerabilidad Baja",1,1.525552408,1,1,1,2.117608696,1.790108696,1,"sotap",4,"average",NA,3.741369748,14.16503897,2.506709138,17.57096462,"EXCLUSION",TRUE,TRUE,FALSE,FALSE,FALSE,TRUE
"2023-10","Elegible","Vulnerabilidad Elevada",2.700708215,1,1,1,1.776038647,2.823478261,1.790108696,1,"sotap",3,"average",0,9.472088355,26.18890898,3.012873318,35.12303333,"INCLUSION",TRUE,TRUE,FALSE,FALSE,TRUE,TRUE
"2023-12","Elegible","Vulnerabilidad Elevada",1,1,2.578385269,1,1.776038647,2.823478261,1.790108696,1,"sotap",2,"low",-500,8.975915299,26.18890898,2.998104289,34.61089293,"INCLUSION",TRUE,TRUE,FALSE,FALSE,FALSE,TRUE
"2023-08","Elegible","Vulnerabilidad Elevada",2.070141643,1,1,1,1.776038647,2.823478261,1.790108696,1.043888889,"foten",4,"average",0,6.702282231,26.85846924,2.949114914,32.91210522,"INCLUSION",TRUE,TRUE,FALSE,TRUE,TRUE,TRUE
"2024-04","Lista de Reserva","Vulnerabilidad Moderada",1,1,1,1,1.776038647,2.823478261,1.790108696,1.043888889,"sotap",1,"low",0,0,26.85846924,2.749615568,25.99413684,"EXCLUSION",TRUE,TRUE,FALSE,FALSE,FALSE,TRUE
"2023-08","Elegible","Vulnerabilidad Baja",1,1,2.578385269,1,1.776038647,1,1.790108696,1,"sotap",4,"average",0,8.975915299,12.01413641,2.602488661,20.89227872,"INCLUSION",TRUE,TRUE,FALSE,FALSE,TRUE,TRUE
"2024-04","No Elegible","Vulnerabilidad Moderada",1,1,2.578385269,1,1.776038647,1,2.580217391,1.043888889,"sotap",3,"average",-500,8.975915299,17.15905947,2.746082638,25.87163301,"EXCLUSION",TRUE,TRUE,FALSE,FALSE,TRUE,TRUE
"2023-11","No Elegible","Vulnerabilidad Elevada",2.700708215,1,3.251728045,1,1.776038647,2.823478261,1.790108696,1,"futij",2,"low",0,24.2379543,26.18890898,3.45239235,50.36407961,"EXCLUSION",TRUE,TRUE,FALSE,FALSE,FALSE,TRUE
"2024-05","Lista de Reserva","Vulnerabilidad Baja",1,1,1,1,1,1,1,1,"fupal",1,"low",NA,0,0,2,0,"EXCLUSION",TRUE,TRUE,FALSE,FALSE,FALSE,TRUE
"2023-07","Lista de Reserva","Vulnerabilidad Moderada",1,1,1,1,1.776038647,2.117608696,2.580217391,1.043888889,"sotap",1,"low",0,0,28.09152966,2.784030087,27.18751614,"EXCLUSION",TRUE,TRUE,FALSE,FALSE,FALSE,TRUE
"2023-12","Elegible","Vulnerabilidad Baja",1,1,1,1,1,1,1,1,"sotap",4,"average",0,0,0,2,0,"INCLUSION",TRUE,TRUE,FALSE,TRUE,TRUE,FALSE
"2024-04","No Elegible","Vulnerabilidad Baja",2.070141643,1.525552408,1,1,1,1,1.790108696,1.043888889,"sotap",1,"low",NA,11.1900528,6.061858428,2.502267294,17.41694165,"EXCLUSION",FALSE,TRUE,FALSE,FALSE,FALSE,TRUE
"2024-04","No Elegible","Vulnerabilidad Elevada",1,1,3.251728045,1,1.776038647,2.823478261,2.580217391,1.043888889,"sotap",1,"low",NA,11.51832969,32.85812825,3.259918337,43.68972188,"EXCLUSION",FALSE,TRUE,FALSE,FALSE,FALSE,TRUE
"2023-11","No Elegible","Vulnerabilidad Elevada",2.070141643,1,1,1,1.776038647,2.823478261,2.580217391,1.043888889,"foten",1,"low",NA,6.702282231,32.85812825,3.116564434,38.7186892,"EXCLUSION",FALSE,TRUE,FALSE,FALSE,FALSE,TRUE
"2023-11","Elegible","Vulnerabilidad Elevada",1,1,1,1,1.776038647,2.823478261,2.580217391,1.043888889,"fupal",1,"low",NA,0,32.85812825,2.917065088,31.80072082,"INCLUSION",TRUE,TRUE,FALSE,FALSE,FALSE,TRUE
"2024-04","No Elegible","Vulnerabilidad Elevada",2.070141643,1,1,1,1.776038647,2.117608696,2.580217391,1.043888889,"sotap",2,"average",NA,6.702282231,28.09152966,2.983529432,34.10548452,"EXCLUSION",TRUE,TRUE,FALSE,FALSE,TRUE,TRUE
"2024-05","No Elegible","Vulnerabilidad Moderada",1,1,1,1,1.776038647,2.823478261,1.790108696,1,"sotap",1,"low",NA,0,26.18890898,2.730928248,25.3461237,"EXCLUSION",TRUE,TRUE,FALSE,FALSE,FALSE,TRUE
"2024-01","No Elegible","Vulnerabilidad Severa",2.700708215,1,2.578385269,1,1.776038647,2.823478261,2.580217391,1,"foten",5,"high",NA,20.97871872,32.12448674,3.521039349,52.7445235,"EXCLUSION",TRUE,TRUE,FALSE,TRUE,TRUE,TRUE
"2024-05","No Elegible por Intenciones","Vulnerabilidad Elevada",1,1.525552408,2.578385269,1,1.776038647,2.823478261,1.790108696,1,"sotap",2,"average",NA,13.7168894,26.18890898,3.139223567,39.50443632,"EXCLUSION",FALSE,TRUE,FALSE,TRUE,TRUE,TRUE
"2024-01","Elegible","Vulnerabilidad Baja",1,1,1,1,1.776038647,2.823478261,1,1,"fupal",1,"low",0,0,17.78726377,2.496439678,17.21485183,"INCLUSION",FALSE,TRUE,FALSE,FALSE,FALSE,TRUE
"2024-02","No Elegible","Vulnerabilidad Baja",1,1,1,1,1,1,1,1.043888889,"sotap",3,"low",0,0,0.386821499,2.010796126,0.374373196,"EXCLUSION",TRUE,TRUE,FALSE,FALSE,FALSE,TRUE
"2024-01","Elegible por Proceso Acelerado","Vulnerabilidad Baja",1,2.051104816,1,1,1.776038647,2.117608696,1,1,"sotap",1,"low",NA,6.609317356,14.06650994,2.5893262,20.43584738,"INCLUSION",TRUE,TRUE,FALSE,FALSE,FALSE,TRUE
"2023-12","Elegible","Vulnerabilidad Baja",1,1,1,1,1.776038647,2.117608696,1.790108696,1,"sotap",2,"average",0,0,21.88512181,2.610810239,21.18083671,"INCLUSION",TRUE,TRUE,FALSE,TRUE,TRUE,TRUE
"2024-04","Elegible","Vulnerabilidad Elevada",2.700708215,1,3.251728045,1,1.776038647,2.823478261,1.790108696,1.043888889,"sotap",3,"low",0,24.2379543,26.85846924,3.471079669,51.01209275,"INCLUSION",TRUE,TRUE,FALSE,FALSE,FALSE,TRUE
"2023-11","No Elegible","Vulnerabilidad Elevada",2.700708215,1.525552408,1.249197356,1,1.776038647,2.823478261,1.790108696,1,"fupal",5,"low",NA,17.00620089,26.18890898,3.237132827,42.89960114,"EXCLUSION",TRUE,TRUE,FALSE,FALSE,TRUE,TRUE
"2024-01","No Elegible","Vulnerabilidad Baja",1,2.051104816,1,1,1.776038647,1,2.580217391,1,"sotap",3,"low",0,6.609317356,16.59309681,2.659842834,22.88112616,"EXCLUSION",TRUE,TRUE,FALSE,FALSE,FALSE,TRUE
"2023-08","No Elegible","Vulnerabilidad Elevada",1,1,1.249197356,1.564135978,1.776038647,2.823478261,1.790108696,1.043888889,"foten",4,"average",0,6.124342631,26.85846924,2.931912031,32.31556694,"EXCLUSION",TRUE,TRUE,FALSE,TRUE,TRUE,TRUE
"2024-02","No Elegible","Vulnerabilidad Moderada",2.700708215,1,1,1,1.776038647,2.823478261,1,1,"sotap",1,"low",NA,9.472088355,17.78726377,2.778384748,26.99176146,"EXCLUSION",TRUE,TRUE,FALSE,FALSE,FALSE,TRUE
"2024-03","No Elegible","Vulnerabilidad Elevada",1,2.051104816,2.578385269,1,1.776038647,2.823478261,2.580217391,1.043888889,"pcr_cdmx",3,"average",0,17.3510839,32.85812825,3.433535414,49.71017996,"EXCLUSION",TRUE,FALSE,FALSE,TRUE,TRUE,TRUE
"2023-12","Elegible","Vulnerabilidad Elevada",2.070141643,1,1,1,1.776038647,1,2.580217391,2.544987923,"sotap",5,"high",-500,6.702282231,30.38303782,3.047485057,36.32324966,"INCLUSION",TRUE,TRUE,FALSE,FALSE,TRUE,TRUE
"2023-08","Elegible","Vulnerabilidad Elevada",2.700708215,1,3.251728045,1,1.776038647,2.117608696,2.580217391,1,"sotap",6,"high",0,24.2379543,27.40879931,3.486439293,51.54471265,"INCLUSION",TRUE,TRUE,FALSE,FALSE,FALSE,TRUE
"2023-07","No Elegible","Vulnerabilidad Baja",1,2.051104816,1,1,1,1,1,1,"pcr_cdmx",1,"low",NA,6.609317356,0,2.196732164,6.822011798,"EXCLUSION",TRUE,FALSE,FALSE,FALSE,FALSE,TRUE
"2023-07","No Elegible","Vulnerabilidad Moderada",1,1.525552408,1,1,1.776038647,2.117608696,1.790108696,1,"sotap",1,"low",0,3.741369748,21.88512181,2.722175411,25.04260747,"EXCLUSION",TRUE,TRUE,FALSE,FALSE,FALSE,TRUE
"2024-06","Lista de Reserva","Vulnerabilidad Elevada",2.070141643,1,2.578385269,1,1.776038647,1,2.580217391,2.544987923,"sotap",3,"average",0,17.46888676,30.38303782,3.367962543,47.43633428,"EXCLUSION",TRUE,TRUE,FALSE,TRUE,TRUE,TRUE
"2024-05","No Elegible","Vulnerabilidad Baja",1,1,1,1,1,1.498900966,1.790108696,1,"sotap",1,"low",0,0,10.02735341,2.279861825,9.70466315,"EXCLUSION",TRUE,TRUE,FALSE,FALSE,FALSE,TRUE
"2023-11","No Elegible","Vulnerabilidad Elevada",2.700708215,1,2.578385269,1,1.776038647,2.117608696,2.580217391,1,"sotap",4,"average",NA,20.97871872,27.40879931,3.389425269,48.18059161,"EXCLUSION",TRUE,TRUE,FALSE,FALSE,TRUE,TRUE
"2023-09","No Elegible","Vulnerabilidad Baja",1,1,1,1,1,2.117608696,1.790108696,1,"sotap",4,"average",0,0,14.16503897,2.395343965,13.70919385,"EXCLUSION",TRUE,TRUE,FALSE,FALSE,FALSE,TRUE
"2023-07","Lista de Reserva","Vulnerabilidad Moderada",1,1,1,1,1.776038647,2.823478261,2.580217391,1,"pcr_cdmx",1,"low",0,0,32.12448674,2.896589272,31.09068863,"EXCLUSION",TRUE,FALSE,FALSE,FALSE,FALSE,TRUE
"2024-04","Elegible","Vulnerabilidad Baja",2.070141643,1,1,1,1.776038647,1.498900966,1.790108696,1.043888889,"sotap",1,"low",NA,6.702282231,17.68003002,2.692946147,24.02903735,"INCLUSION",TRUE,TRUE,FALSE,FALSE,FALSE,TRUE
"2023-10","Lista de Reserva","Vulnerabilidad Moderada",1,1,1,1,1.776038647,2.823478261,1.790108696,1,"sotap",1,"low",NA,0,26.18890898,2.730928248,25.3461237,"EXCLUSION",TRUE,TRUE,FALSE,FALSE,FALSE,TRUE
"2023-12","Elegible","Vulnerabilidad Moderada",1,2.051104816,2.578385269,1,1.776038647,1,1.790108696,1,"fupal",1,"low",0,17.3510839,12.01413641,2.851782945,29.53696862,"INCLUSION",TRUE,TRUE,FALSE,FALSE,FALSE,TRUE
"2023-06","No Elegible","Vulnerabilidad Baja",1,1,1,1,1.776038647,2.117608696,1.790108696,1,"sotap",1,"low",NA,0,21.88512181,2.610810239,21.18083671,"EXCLUSION",TRUE,TRUE,FALSE,FALSE,FALSE,TRUE
"2024-04","No Elegible por Intenciones","Vulnerabilidad Baja",2.700708215,1,2.578385269,1,1,1,1,1,"fomon",2,"low",0,20.97871872,0,2.624450078,21.65383487,"EXCLUSION",TRUE,TRUE,FALSE,FALSE,TRUE,TRUE
"2024-04","No Elegible","Vulnerabilidad Moderada",1,1.525552408,1,1,1.776038647,2.823478261,1.790108696,1,"sotap",1,"low",NA,3.741369748,26.18890898,2.842293421,29.20789447,"EXCLUSION",TRUE,TRUE,FALSE,FALSE,FALSE,TRUE
"2024-03","Elegible","Vulnerabilidad Elevada",1,1,1,1,1.776038647,2.823478261,2.580217391,1.043888889,"futij",2,"complete",0,0,32.85812825,2.917065088,31.80072082,"INCLUSION",TRUE,TRUE,FALSE,FALSE,TRUE,TRUE
"2023-10","Elegible","Vulnerabilidad Baja",1,1,1,1,1.776038647,2.117608696,1.790108696,1,"sotap",1,"low",0,0,21.88512181,2.610810239,21.18083671,"INCLUSION",FALSE,TRUE,FALSE,FALSE,FALSE,TRUE
"2024-02","No Elegible","Vulnerabilidad Baja",1,1.525552408,2.578385269,1,1,1.498900966,1,1,"sotap",6,"average",NA,13.7168894,3.815111519,2.51477447,17.85065003,"EXCLUSION",TRUE,TRUE,FALSE,FALSE,TRUE,TRUE
"2024-01","Lista de Reserva","Vulnerabilidad Moderada",2.700708215,1,3.251728045,1,1,1,1.790108696,1,"fupal",1,"low",NA,24.2379543,5.614422911,2.878161744,30.45170107,"EXCLUSION",TRUE,TRUE,FALSE,FALSE,FALSE,TRUE
"2023-12","Elegible","Vulnerabilidad Elevada",1,1,2.578385269,1,1.776038647,2.823478261,2.580217391,1.043888889,"sotap",1,"low",NA,8.975915299,32.85812825,3.184241129,41.06549005,"INCLUSION",FALSE,FALSE,FALSE,FALSE,FALSE,TRUE
"2023-11","No Elegible","Vulnerabilidad Baja",2.070141643,1,1,1,1,2.117608696,1,1.043888889,"futij",1,"low",NA,6.702282231,7.858894815,2.418839839,14.5239561,"EXCLUSION",TRUE,TRUE,FALSE,FALSE,FALSE,FALSE
"2023-10","Elegible","Vulnerabilidad Elevada",1,1,2.578385269,1,1.776038647,2.117608696,2.580217391,1.043888889,"sotap",1,"low",-500,8.975915299,28.09152966,3.051206127,36.45228537,"INCLUSION",TRUE,TRUE,FALSE,FALSE,FALSE,TRUE
"2023-11","No Elegible por Intenciones","Vulnerabilidad Elevada",2.070141643,2.051104816,1,1,1.776038647,2.823478261,1.790108696,1.043888889,"futij",1,"low",-500,14.63015408,26.85846924,3.185095016,41.09510391,"EXCLUSION",TRUE,TRUE,FALSE,FALSE,FALSE,TRUE
"2023-09","Elegible","Vulnerabilidad Elevada",2.070141643,1,3.251728045,1,1,1.498900966,1.790108696,1.043888889,"sotap",1,"low",0,20.51851115,10.52243148,2.904430968,31.36262647,"INCLUSION",FALSE,FALSE,FALSE,FALSE,FALSE,TRUE
"2023-11","Lista de Reserva","Vulnerabilidad Moderada",1,1.525552408,1,1,1.776038647,2.117608696,1.790108696,1,"sotap",1,"low",NA,3.741369748,21.88512181,2.722175411,25.04260747,"EXCLUSION",TRUE,FALSE,FALSE,FALSE,FALSE,TRUE
"2023-12","Elegible","Vulnerabilidad Elevada",1,1,2.578385269,1,1.776038647,2.823478261,2.580217391,1.043888889,"sotap",3,"average",0,8.975915299,32.85812825,3.184241129,41.06549005,"INCLUSION",TRUE,TRUE,FALSE,TRUE,TRUE,FALSE
"2023-08","Elegible","Vulnerabilidad Baja",2.700708215,1,1.249197356,1,1.776038647,1,1.790108696,1,"fupal",1,"low",NA,11.93561888,12.01413641,2.69058685,23.94722852,"INCLUSION",TRUE,TRUE,FALSE,FALSE,FALSE,TRUE
"2024-04","No Elegible por Intenciones","Vulnerabilidad Baja",1,1.525552408,1,1,1,1.498900966,1,1,"sotap",3,"low",0,3.741369748,3.815111519,2.217844323,7.554108183,"EXCLUSION",TRUE,TRUE,FALSE,FALSE,FALSE,TRUE
"2024-03","No Elegible","Vulnerabilidad Elevada",1,1,2.578385269,1,1.776038647,2.823478261,1.790108696,1,"sotap",5,"high",0,8.975915299,26.18890898,2.998104289,34.61089293,"EXCLUSION",TRUE,TRUE,FALSE,FALSE,TRUE,TRUE
"2024-01","Elegible","Vulnerabilidad Moderada",1,1,2.578385269,1,1.776038647,2.117608696,1.790108696,1,"sotap",3,"average",0,8.975915299,21.88512181,2.877986279,30.44560593,"INCLUSION",TRUE,TRUE,FALSE,FALSE,FALSE,TRUE
"2023-08","Lista de Reserva","Vulnerabilidad Baja",1,1.525552408,1,1,1.776038647,1.498900966,1.790108696,1,"fupal",2,"low",NA,3.741369748,17.10850297,2.588860746,20.419705,"EXCLUSION",TRUE,TRUE,FALSE,FALSE,FALSE,FALSE
"2023-08","Elegible","Vulnerabilidad Elevada",1,2.051104816,1,1,1.776038647,2.823478261,1.790108696,1,"sotap",2,"low",NA,6.609317356,26.18890898,2.927660413,32.1681355,"INCLUSION",TRUE,TRUE,FALSE,FALSE,FALSE,TRUE
"2023-08","Lista de Reserva","Vulnerabilidad Baja",1,1,1,1,1,2.117608696,1.790108696,1,"sotap",4,"average",NA,0,14.16503897,2.395343965,13.70919385,"EXCLUSION",TRUE,TRUE,TRUE,FALSE,FALSE,TRUE
"2024-02","Elegible","Vulnerabilidad Moderada",1,1,1,1,1.776038647,2.823478261,2.580217391,1,"foten",1,"low",0,0,32.12448674,2.896589272,31.09068863,"INCLUSION",TRUE,TRUE,FALSE,FALSE,FALSE,TRUE
"2023-11","No Elegible","Vulnerabilidad Elevada",2.070141643,1,1,1,1.776038647,2.117608696,2.580217391,1.043888889,"sotap",3,"complete",NA,6.702282231,28.09152966,2.983529432,34.10548452,"EXCLUSION",TRUE,TRUE,FALSE,TRUE,TRUE,TRUE
"2024-01","No Elegible","Vulnerabilidad Moderada",1,1,1,1,1.776038647,2.823478261,1.790108696,1,"fupal",1,"low",NA,0,26.18890898,2.730928248,25.3461237,"EXCLUSION",TRUE,TRUE,FALSE,FALSE,FALSE,TRUE
"2024-03","Lista de Reserva","Vulnerabilidad Baja",1,1,1,1,1.776038647,1,1.790108696,1,"sotap",4,"low",-500,0,12.01413641,2.33531262,11.62750949,"EXCLUSION",TRUE,TRUE,FALSE,FALSE,TRUE,TRUE
"2024-06","No Elegible","Vulnerabilidad Elevada",2.700708215,1,3.251728045,1,1.776038647,2.823478261,1.790108696,1,"foten",2,"average",NA,24.2379543,26.18890898,3.45239235,50.36407961,"EXCLUSION",TRUE,TRUE,FALSE,TRUE,TRUE,TRUE
"2024-03","Elegible","Vulnerabilidad Elevada",1,1,2.578385269,1,1.776038647,2.823478261,2.580217391,1.043888889,"fupal",3,"average",0,8.975915299,32.85812825,3.184241129,41.06549005,"INCLUSION",TRUE,TRUE,FALSE,TRUE,TRUE,TRUE
"2024-01","No Elegible","Vulnerabilidad Moderada",2.070141643,1,2.578385269,1,1,1.498900966,1.790108696,1.043888889,"foten",3,"low",0,17.46888676,10.52243148,2.813656206,28.21486212,"EXCLUSION",TRUE,TRUE,FALSE,FALSE,FALSE,TRUE
"2023-06","No Elegible","Vulnerabilidad Elevada",1,2.051104816,2.578385269,1,1.776038647,2.823478261,1.790108696,1,"foten",1,"low",0,17.3510839,26.18890898,3.247398574,43.25558283,"EXCLUSION",TRUE,TRUE,FALSE,FALSE,FALSE,TRUE
"2024-04","Elegible","Vulnerabilidad Baja",1,1,1,1,1,1.498900966,1,1,"sotap",1,"low",0,0,3.815111519,2.10647915,3.692337415,"INCLUSION",TRUE,TRUE,FALSE,FALSE,FALSE,TRUE
"2024-01","Elegible","Vulnerabilidad Moderada",2.070141643,1,1,1,1.776038647,2.117608696,1.790108696,1.043888889,"sotap",4,"low",0,6.702282231,22.50821784,2.827700095,28.70184926,"INCLUSION",TRUE,TRUE,TRUE,FALSE,FALSE,TRUE
"2024-06","No Elegible","Vulnerabilidad Moderada",1,1.525552408,1,1,1.776038647,2.823478261,1.790108696,1,"foten",1,"low",NA,3.741369748,26.18890898,2.842293421,29.20789447,"EXCLUSION",TRUE,TRUE,FALSE,FALSE,FALSE,TRUE
"2024-06","No Elegible","Vulnerabilidad Baja",1,1,1,1,1,2.117608696,1.790108696,1,"fupal",1,"low",0,0,14.16503897,2.395343965,13.70919385,"EXCLUSION",TRUE,TRUE,FALSE,FALSE,FALSE,TRUE
"2024-01","No Elegible por Duplicidad","Vulnerabilidad Baja",1,1,1,1,1,1,1,1,"fupal",1,"low",-500,0,0,2,0,"EXCLUSION",TRUE,TRUE,FALSE,FALSE,FALSE,TRUE
"2023-06","No Elegible","Vulnerabilidad Elevada",1,2.051104816,1.249197356,1,1.776038647,2.823478261,2.580217391,1.043888889,"sotap",2,"complete",NA,8.909093135,32.85812825,3.182252108,40.99651749,"EXCLUSION",TRUE,TRUE,FALSE,TRUE,TRUE,TRUE
"2024-03","Elegible","Vulnerabilidad Baja",1,1,1,1,1.776038647,2.117608696,1.790108696,1,"sotap",1,"low",-500,0,21.88512181,2.610810239,21.18083671,"INCLUSION",TRUE,TRUE,FALSE,FALSE,FALSE,TRUE
"2023-10","Lista de Reserva","Vulnerabilidad Severa",2.070141643,1,1,1,1.776038647,2.823478261,2.580217391,2.544987923,"sotap",4,"average",0,6.702282231,50,3.594991325,55.30891838,"EXCLUSION",TRUE,TRUE,FALSE,FALSE,TRUE,TRUE
"2023-08","Lista de Reserva","Vulnerabilidad Moderada",1,1,1,1,1.776038647,2.823478261,1.790108696,1,"fupal",1,"low",-500,0,26.18890898,2.730928248,25.3461237,"EXCLUSION",FALSE,TRUE,FALSE,FALSE,FALSE,TRUE
"2023-10","Lista de Reserva","Vulnerabilidad Baja",1,1,1,1,1.776038647,1.498900966,1.790108696,1,"sotap",1,"low",NA,0,17.10850297,2.477495573,16.55793424,"EXCLUSION",TRUE,TRUE,FALSE,FALSE,FALSE,TRUE
"2024-01","Elegible","Vulnerabilidad Elevada",1,1,1.249197356,1,1.776038647,2.117608696,2.580217391,1.738466184,"sotap",2,"low",0,1.921713018,36.78475459,3.083858084,37.58454007,"INCLUSION",TRUE,FALSE,FALSE,FALSE,TRUE,TRUE
"2024-05","No Elegible","Vulnerabilidad Moderada",1,1,2.578385269,1,1.776038647,2.117608696,1.790108696,1,"sotap",1,"low",NA,8.975915299,21.88512181,2.877986279,30.44560593,"EXCLUSION",TRUE,TRUE,FALSE,FALSE,FALSE,TRUE
"2024-06","Lista de Reserva","Vulnerabilidad Moderada",1,1,1,1,1.776038647,2.823478261,2.580217391,1,"foten",2,"average",NA,0,32.12448674,2.896589272,31.09068863,"EXCLUSION",TRUE,TRUE,FALSE,FALSE,FALSE,TRUE
"2023-09","No Elegible","Vulnerabilidad Moderada",2.070141643,1,1.249197356,1,1.776038647,1.498900966,1.790108696,1.043888889,"sotap",2,"average",-500,9.00737574,17.68003002,2.76155929,26.40831107,"EXCLUSION",TRUE,TRUE,FALSE,TRUE,FALSE,TRUE
"2023-10","Elegible","Vulnerabilidad Baja",1,1,1,1,1,1,1,1,"futij",1,"low",NA,0,0,2,0,"INCLUSION",TRUE,TRUE,FALSE,FALSE,FALSE,FALSE
"2024-04","No Elegible","Vulnerabilidad Baja",1,1.525552408,1,1,1.776038647,1.498900966,1.790108696,1,"sotap",4,"average",NA,3.741369748,17.10850297,2.588860746,20.419705,"EXCLUSION",TRUE,FALSE,FALSE,FALSE,FALSE,TRUE
"2024-01","No Elegible","Vulnerabilidad Baja",1,1,1,1,1.776038647,1.498900966,1.790108696,1,"sotap",3,"low",NA,0,17.10850297,2.477495573,16.55793424,"EXCLUSION",TRUE,TRUE,FALSE,FALSE,TRUE,TRUE
"2024-01","No Elegible","Vulnerabilidad Elevada",2.070141643,1,3.251728045,1,1.776038647,2.117608696,1.790108696,1.043888889,"sotap",3,"average",500,20.51851115,22.50821784,3.238952342,42.96269824,"EXCLUSION",FALSE,TRUE,FALSE,TRUE,TRUE,TRUE
"2023-12","No Elegible","Vulnerabilidad Elevada",1,1,3.251728045,1,1.776038647,2.823478261,2.580217391,1,"foten",3,"low",-500,11.51832969,32.12448674,3.23944252,42.97968969,"EXCLUSION",TRUE,TRUE,FALSE,TRUE,FALSE,TRUE
"2024-04","No Elegible","Vulnerabilidad Elevada",2.700708215,1,2.578385269,1,1.776038647,2.823478261,1.790108696,1,"sotap",1,"low",0,20.97871872,26.18890898,3.355378326,46.99995857,"EXCLUSION",TRUE,TRUE,FALSE,FALSE,FALSE,TRUE
"2023-12","No Elegible","Vulnerabilidad Elevada",1,1,3.251728045,1,1.776038647,2.823478261,1.790108696,1.043888889,"sotap",2,"average",0,11.51832969,26.85846924,3.092468817,37.8831379,"EXCLUSION",TRUE,TRUE,FALSE,TRUE,TRUE,TRUE
"2024-06","No Elegible","Vulnerabilidad Baja",1,1,3.251728045,1,1,1.498900966,1,1.043888889,"sotap",2,"average",NA,11.51832969,4.243121443,2.461278087,15.99557461,"EXCLUSION",TRUE,TRUE,FALSE,FALSE,FALSE,TRUE
"2024-02","No Elegible","Vulnerabilidad Moderada",2.700708215,1,1,1,1.776038647,2.117608696,1.790108696,1,"pcr_cdmx",1,"low",NA,9.472088355,21.88512181,2.892755308,30.95774634,"EXCLUSION",TRUE,TRUE,FALSE,FALSE,FALSE,TRUE
"2024-06","No Elegible por Duplicidad","Vulnerabilidad Elevada",1.599560907,1,2.578385269,1,1.776038647,2.823478261,2.580217391,1.043888889,"sotap",1,"low",0,14.28054816,32.85812825,3.342138208,46.54083131,"EXCLUSION",TRUE,TRUE,FALSE,FALSE,FALSE,TRUE
"2023-10","No Elegible","Vulnerabilidad Baja",1,2.051104816,1,1,1.776038647,2.823478261,1,1,"fupal",1,"low",NA,6.609317356,17.78726377,2.693171842,24.03686363,"EXCLUSION",TRUE,TRUE,FALSE,FALSE,FALSE,FALSE
"2024-04","No Elegible","Vulnerabilidad Baja",1,1,1,1,1.776038647,1.498900966,1.790108696,1,"fupal",2,"low",NA,0,17.10850297,2.477495573,16.55793424,"EXCLUSION",TRUE,TRUE,FALSE,FALSE,FALSE,FALSE
"2023-07","No Elegible","Vulnerabilidad Elevada",1,2.051104816,1,1,1.776038647,2.823478261,1.790108696,1.043888889,"sotap",4,"average",NA,6.609317356,26.85846924,2.946347732,32.81614864,"EXCLUSION",TRUE,TRUE,FALSE,TRUE,TRUE,TRUE
"2024-01","No Elegible","Vulnerabilidad Baja",1,1,1,1,1.776038647,1.498900966,1.790108696,1.043888889,"sotap",1,"low",0,0,17.68003002,2.493446802,17.11106897,"EXCLUSION",TRUE,TRUE,FALSE,FALSE,FALSE,TRUE
"2023-11","Elegible","Vulnerabilidad Elevada",1,1,3.251728045,1,1.776038647,2.823478261,1.790108696,1,"foten",1,"low",NA,11.51832969,26.18890898,3.073781497,37.23512476,"INCLUSION",FALSE,FALSE,FALSE,FALSE,FALSE,TRUE
"2024-05","Elegible","Vulnerabilidad Baja",2.070141643,1,1,1,1.776038647,1.498900966,1.790108696,1,"sotap",4,"average",0,6.702282231,17.10850297,2.676994919,23.47590261,"INCLUSION",TRUE,TRUE,FALSE,TRUE,TRUE,TRUE
"2024-05","No Elegible","Vulnerabilidad Severa",1,2.051104816,2.578385269,1,1.776038647,2.823478261,2.580217391,1.738466184,"sotap",2,"complete",0,17.3510839,42.19960637,3.69425457,58.75103997,"EXCLUSION",FALSE,FALSE,FALSE,TRUE,TRUE,TRUE
"2023-08","No Elegible","Vulnerabilidad Elevada",1,1,1,1,1.776038647,2.823478261,2.580217391,1.043888889,"foten",3,"low",-500,0,32.85812825,2.917065088,31.80072082,"EXCLUSION",TRUE,TRUE,FALSE,FALSE,TRUE,TRUE
"2023-07","Lista de Reserva","Vulnerabilidad Severa",2.700708215,1,2.578385269,1,1.776038647,2.823478261,2.580217391,1,"sotap",2,"average",NA,20.97871872,32.12448674,3.521039349,52.7445235,"EXCLUSION",TRUE,TRUE,FALSE,FALSE,FALSE,TRUE
"2023-09","No Elegible","Vulnerabilidad Moderada",1,1,1,1,1.776038647,2.823478261,2.580217391,1,"sotap",2,"low",NA,0,32.12448674,2.896589272,31.09068863,"EXCLUSION",TRUE,TRUE,FALSE,FALSE,FALSE,FALSE
"2023-08","No Elegible por Intenciones","Vulnerabilidad Baja",1,1,1,1,1.776038647,1.498900966,1.790108696,1,"sotap",1,"low",0,0,17.10850297,2.477495573,16.55793424,"EXCLUSION",TRUE,TRUE,FALSE,FALSE,FALSE,TRUE
"2024-04","No Elegible","Vulnerabilidad Elevada",1,1,2.578385269,1,1.776038647,2.823478261,2.580217391,1.043888889,"fupal",2,"average",NA,8.975915299,32.85812825,3.184241129,41.06549005,"EXCLUSION",TRUE,TRUE,FALSE,TRUE,TRUE,TRUE
"2024-01","Elegible","Vulnerabilidad Severa",2.070141643,2.051104816,1,1,1.776038647,2.823478261,1.790108696,2.544987923,"sotap",2,"average",NA,14.63015408,42.50305317,3.621732844,56.23622948,"INCLUSION",TRUE,TRUE,FALSE,TRUE,TRUE,TRUE
"2023-09","No Elegible por Intenciones","Vulnerabilidad Severa",2.700708215,1,3.251728045,1,1.776038647,2.117608696,2.580217391,2.544987923,"sotap",2,"average",0,24.2379543,44.04383881,3.950720577,67.64441994,"EXCLUSION",TRUE,TRUE,FALSE,FALSE,FALSE,TRUE
"2023-07","No Elegible","Vulnerabilidad Baja",1,1,1,1,1,1,1.790108696,1.043888889,"foten",4,"average",NA,0,6.061858428,2.169185496,5.866781762,"EXCLUSION",FALSE,FALSE,FALSE,FALSE,FALSE,TRUE
"2024-06","Lista de Reserva","Vulnerabilidad Moderada",2.700708215,1,2.578385269,1,1,1,1.790108696,1,"sotap",5,"high",0,20.97871872,5.614422911,2.78114772,27.08758003,"EXCLUSION",TRUE,TRUE,FALSE,FALSE,FALSE,TRUE
"2024-06","No Elegible","Vulnerabilidad Moderada",1,1,1,1,1.776038647,2.117608696,2.580217391,1,"fupal",2,"average",NA,0,27.40879931,2.764975192,26.52675674,"EXCLUSION",TRUE,TRUE,FALSE,FALSE,TRUE,TRUE
"2023-10","Lista de Reserva","Vulnerabilidad Baja",1,1,1,1,1,1.498900966,1,1,"sotap",2,"low",0,0,3.815111519,2.10647915,3.692337415,"EXCLUSION",TRUE,TRUE,FALSE,FALSE,FALSE,TRUE
"2024-02","Lista de Reserva","Vulnerabilidad Baja",1,1,1,1,1,2.823478261,1,1,"sotap",1,"low",0,0,10.61532135,2.296271916,10.27370969,"EXCLUSION",TRUE,TRUE,FALSE,FALSE,FALSE,TRUE
"2023-08","Lista de Reserva","Vulnerabilidad Moderada",2.070141643,1,1,1,1.776038647,1.498900966,2.580217391,1.043888889,"sotap",3,"average",NA,6.702282231,22.80125306,2.835878661,28.98545431,"EXCLUSION",TRUE,TRUE,FALSE,TRUE,TRUE,TRUE
"2024-02","Elegible","Vulnerabilidad Baja",1,1,1,1,1,1,1.790108696,1,"fusal",1,"low",NA,0,5.614422911,2.156697643,5.433745167,"INCLUSION",TRUE,FALSE,FALSE,FALSE,FALSE,TRUE
"2023-08","Elegible","Vulnerabilidad Baja",2.700708215,1,1,1,1,1,1,1,"foten",1,"low",NA,9.472088355,0,2.28194507,9.77690963,"INCLUSION",TRUE,TRUE,FALSE,FALSE,FALSE,TRUE
"2023-12","Elegible","Vulnerabilidad Baja",1,1,1,1,1,1.498900966,1,1,"pcr_cdmx",3,"average",0,0,3.815111519,2.10647915,3.692337415,"INCLUSION",TRUE,TRUE,FALSE,FALSE,TRUE,TRUE
"2024-07","No Elegible","Vulnerabilidad Baja",1,1,1,1,1,1,1,1,"sotap",1,"low",0,0,0,2,0,"EXCLUSION",TRUE,TRUE,FALSE,FALSE,FALSE,TRUE
"2023-08","No Elegible","Vulnerabilidad Elevada",2.070141643,1,1,1,1.776038647,1,2.580217391,2.544987923,"sotap",1,"low",0,6.702282231,30.38303782,3.047485057,36.32324966,"EXCLUSION",TRUE,FALSE,TRUE,FALSE,FALSE,TRUE
"2024-01","Lista de Reserva","Vulnerabilidad Elevada",1,1,2.578385269,1,1.776038647,2.117608696,2.580217391,1,"sotap",3,"average",NA,8.975915299,27.40879931,3.032151233,35.79152597,"EXCLUSION",TRUE,TRUE,FALSE,TRUE,TRUE,TRUE
"2024-01","Elegible","Vulnerabilidad Baja",2.700708215,1,1.249197356,1.564135978,1,1,1.790108696,1.043888889,"fomon",1,"low",0,17.32315919,6.061858428,2.684824618,23.74741754,"INCLUSION",TRUE,TRUE,FALSE,FALSE,FALSE,TRUE
"2024-02","No Elegible","Vulnerabilidad Elevada",2.070141643,1,2.578385269,1,1,1.498900966,2.580217391,2.544987923,"sotap",1,"low",0,17.46888676,27.63345952,3.291222254,44.77524016,"EXCLUSION",TRUE,TRUE,FALSE,FALSE,FALSE,TRUE
"2023-08","Elegible","Vulnerabilidad Moderada",1,1,3.251728045,1,1.776038647,1.498900966,1.790108696,1,"foten",1,"low",0,11.51832969,17.10850297,2.820348822,28.44693529,"INCLUSION",TRUE,TRUE,FALSE,FALSE,FALSE,TRUE
"2024-05","Lista de Reserva","Vulnerabilidad Elevada",2.070141643,1,2.578385269,1,1.776038647,2.823478261,2.580217391,1.043888889,"fupal",1,"low",NA,17.46888676,32.85812825,3.43704192,49.83177383,"EXCLUSION",FALSE,FALSE,FALSE,FALSE,FALSE,TRUE
"2023-12","No Elegible","Vulnerabilidad Baja",2.070141643,1,1,1,1.776038647,1,2.580217391,1.043888889,"fupal",1,"low",-500,6.702282231,17.15905947,2.678405943,23.52483215,"EXCLUSION",TRUE,TRUE,FALSE,FALSE,FALSE,TRUE
"2023-07","No Elegible","Vulnerabilidad Baja",1,1,1,1,1,1.498900966,1.790108696,1,"pcr_cdmx",1,"low",NA,0,10.02735341,2.279861825,9.70466315,"EXCLUSION",TRUE,TRUE,FALSE,FALSE,FALSE,TRUE
"2023-07","No Elegible","Vulnerabilidad Baja",1,1.525552408,1,1,1,2.117608696,1.790108696,1,"sotap",1,"low",0,3.741369748,14.16503897,2.506709138,17.57096462,"EXCLUSION",TRUE,TRUE,FALSE,FALSE,FALSE,TRUE
"2024-04","No Elegible","Vulnerabilidad Severa",2.700708215,2.051104816,2.578385269,1,1.776038647,2.117608696,2.580217391,1,"sotap",2,"average",0,31.71522481,27.40879931,3.709006849,59.2626092,"EXCLUSION",FALSE,TRUE,FALSE,TRUE,TRUE,TRUE
"2023-08","No Elegible por Duplicidad","Vulnerabilidad Elevada",1,1,3.251728045,1,1.776038647,1.498900966,2.580217391,1.043888889,"sotap",1,"low",0,11.51832969,22.80125306,2.979232564,33.95648699,"EXCLUSION",TRUE,TRUE,TRUE,FALSE,FALSE,TRUE
"2024-06","Lista de Reserva","Vulnerabilidad Baja",1,1,1,1,1,1,1,1,"sotap",1,"low",NA,0,0,2,0,"EXCLUSION",TRUE,TRUE,FALSE,FALSE,FALSE,TRUE
"2024-04","No Elegible","Vulnerabilidad Baja",2.700708215,1,1,1,1,1,1.790108696,1,"fupal",1,"low",0,9.472088355,5.614422911,2.438642712,15.2106548,"EXCLUSION",TRUE,TRUE,FALSE,FALSE,FALSE,TRUE
"2024-03","No Elegible","Vulnerabilidad Severa",2.700708215,1.525552408,3.251728045,1,1.776038647,2.823478261,1.790108696,1,"sotap",4,"average",-500,30.67858802,26.18890898,3.644103496,57.01197936,"EXCLUSION",TRUE,FALSE,FALSE,TRUE,TRUE,TRUE
"2023-07","No Elegible","Vulnerabilidad Elevada",2.070141643,1,1,1,1.776038647,1.498900966,2.580217391,2.544987923,"pcr_cdmx",2,"average",-500,6.702282231,37.43330939,3.244257006,43.14663644,"EXCLUSION",TRUE,TRUE,FALSE,FALSE,FALSE,TRUE
"2024-05","No Elegible","Vulnerabilidad Baja",1,1,2.578385269,1,1,1.498900966,1,1,"fupal",1,"low",0,8.975915299,3.815111519,2.373655191,12.95710664,"EXCLUSION",FALSE,TRUE,FALSE,FALSE,FALSE,TRUE
"2024-01","Lista de Reserva","Vulnerabilidad Baja",1,1,1,1,1,1.498900966,1,1,"sotap",1,"low",NA,0,3.815111519,2.10647915,3.692337415,"EXCLUSION",TRUE,TRUE,FALSE,FALSE,FALSE,TRUE
"2024-02","No Elegible","Vulnerabilidad Baja",1,1,1,1,1,1,1.790108696,1,"fomon",1,"low",0,0,5.614422911,2.156697643,5.433745167,"EXCLUSION",TRUE,TRUE,FALSE,FALSE,FALSE,TRUE
"2023-06","No Elegible","Vulnerabilidad Baja",1,2.051104816,1,1,1.776038647,1.498900966,1.790108696,1,"sotap",3,"low",NA,6.609317356,17.10850297,2.674227738,23.37994603,"EXCLUSION",TRUE,TRUE,FALSE,TRUE,FALSE,TRUE
"2024-03","Elegible","Vulnerabilidad Severa",1,2.051104816,2.578385269,1,1.776038647,2.823478261,2.580217391,1.738466184,"sotap",3,"average",0,17.3510839,42.19960637,3.69425457,58.75103997,"INCLUSION",TRUE,TRUE,FALSE,TRUE,TRUE,TRUE
"2024-04","No Elegible","Vulnerabilidad Baja",1,1,1,1,1,1,1.790108696,1,"sotap",1,"low",NA,0,5.614422911,2.156697643,5.433745167,"EXCLUSION",TRUE,FALSE,FALSE,FALSE,FALSE,TRUE
"2024-04","No Elegible","Vulnerabilidad Baja",1,1,1,1,1,2.117608696,1.790108696,1,"sotap",1,"low",NA,0,14.16503897,2.395343965,13.70919385,"EXCLUSION",TRUE,TRUE,FALSE,FALSE,FALSE,TRUE
"2024-06","No Elegible","Vulnerabilidad Elevada",1,2.051104816,2.578385269,1,1.776038647,1,2.580217391,1.738466184,"sotap",3,"average",NA,17.3510839,24.36547812,3.196506911,41.4908318,"EXCLUSION",TRUE,TRUE,FALSE,TRUE,TRUE,TRUE
"2023-11","Lista de Reserva","Vulnerabilidad Baja",2.700708215,1,1.249197356,1,1,1,1,1,"pcr_cdmx",5,"average",0,11.93561888,0,2.35527423,12.31971903,"EXCLUSION",TRUE,TRUE,FALSE,FALSE,FALSE,TRUE
"2024-05","Lista de Reserva","Vulnerabilidad Elevada",2.070141643,1,2.578385269,1,1.776038647,2.117608696,2.580217391,1.043888889,"foten",4,"average",NA,17.46888676,28.09152966,3.304006918,45.21856915,"EXCLUSION",TRUE,TRUE,FALSE,FALSE,TRUE,TRUE
"2024-07","No Elegible","Vulnerabilidad Baja",1,1,1,1,1.776038647,1,1.790108696,1,"fusal",1,"low",NA,0,12.01413641,2.33531262,11.62750949,"EXCLUSION",TRUE,FALSE,FALSE,FALSE,FALSE,TRUE
"2023-09","Elegible","Vulnerabilidad Moderada",1,1,2.578385269,1,1.776038647,2.117608696,1.790108696,1,NA,2,"average",NA,8.975915299,21.88512181,2.877986279,30.44560593,"INCLUSION",FALSE,FALSE,FALSE,TRUE,FALSE,TRUE
"2023-06","No Elegible","Vulnerabilidad Baja",1,1,1,1,1,1,1.790108696,1,"fupal",1,"low",NA,0,5.614422911,2.156697643,5.433745167,"EXCLUSION",TRUE,TRUE,FALSE,FALSE,FALSE,TRUE
"2024-01","Lista de Reserva","Vulnerabilidad Elevada",2.070141643,1,2.578385269,1,1.776038647,2.117608696,2.580217391,1.043888889,"sotap",1,"low",0,17.46888676,28.09152966,3.304006918,45.21856915,"EXCLUSION",FALSE,FALSE,FALSE,FALSE,FALSE,TRUE
"2024-02","No Elegible","Vulnerabilidad Baja",1,1.525552408,1,1,1.776038647,1,1,1,"sotap",1,"low",NA,3.741369748,5.532745347,2.265783208,9.216466837,"EXCLUSION",TRUE,TRUE,FALSE,FALSE,FALSE,TRUE
"2024-07","Lista de Reserva","Vulnerabilidad Elevada",2.700708215,1,3.251728045,1,1.776038647,2.117608696,2.580217391,1,"sotap",2,"average",NA,24.2379543,27.40879931,3.486439293,51.54471265,"EXCLUSION",TRUE,TRUE,FALSE,TRUE,TRUE,TRUE
"2023-08","Elegible","Vulnerabilidad Elevada",2.070141643,1,2.578385269,1,1.776038647,1,2.580217391,2.544987923,"sotap",2,"low",-500,17.46888676,30.38303782,3.367962543,47.43633428,"INCLUSION",FALSE,TRUE,FALSE,FALSE,TRUE,TRUE
"2023-08","Elegible","Vulnerabilidad Moderada",1,1,1,1,1.776038647,2.823478261,1.790108696,1,"sotap",1,"low",0,0,26.18890898,2.730928248,25.3461237,"INCLUSION",TRUE,TRUE,FALSE,FALSE,FALSE,TRUE
"2023-09","Lista de Reserva","Vulnerabilidad Baja",1,1,1,1.564135978,1,2.117608696,1,1,"sotap",1,"low",NA,3.975239986,7.392265486,2.32464347,11.25754217,"EXCLUSION",TRUE,TRUE,FALSE,FALSE,FALSE,TRUE
"2023-07","Lista de Reserva","Vulnerabilidad Elevada",2.700708215,2.051104816,2.578385269,1,1,1,1,1,"fupal",2,"average",NA,31.71522481,0,2.944031657,32.73585246,"EXCLUSION",FALSE,TRUE,FALSE,TRUE,FALSE,TRUE
"2024-05","No Elegible","Vulnerabilidad Baja",1,1,2.578385269,1,1,1.498900966,1,1,"sotap",7,"high",NA,8.975915299,3.815111519,2.373655191,12.95710664,"EXCLUSION",TRUE,TRUE,FALSE,FALSE,FALSE,TRUE
"2024-01","Elegible","Vulnerabilidad Baja",1,1.525552408,1,1,1.776038647,1.498900966,1,1,"sotap",2,"low",NA,3.741369748,9.93697889,2.388704659,13.47896774,"INCLUSION",TRUE,TRUE,TRUE,FALSE,FALSE,TRUE
"2024-03","Elegible","Vulnerabilidad Baja",2.700708215,1,1,1,1.776038647,1,1.790108696,1,"sotap",1,"low",0,9.472088355,12.01413641,2.61725769,21.40441912,"INCLUSION",TRUE,TRUE,FALSE,FALSE,FALSE,TRUE
"2023-12","No Elegible","Vulnerabilidad Baja",1,1,1,1,1.776038647,1.498900966,1.790108696,1,"fomon",1,"low",NA,0,17.10850297,2.477495573,16.55793424,"EXCLUSION",TRUE,TRUE,FALSE,FALSE,FALSE,TRUE
"2024-01","Elegible","Vulnerabilidad Baja",1,1,1,1,1.776038647,1.498900966,1.790108696,1,"pcr_cdmx",3,"low",NA,0,17.10850297,2.477495573,16.55793424,"INCLUSION",FALSE,FALSE,FALSE,FALSE,FALSE,TRUE
"2023-11","Lista de Reserva","Vulnerabilidad Severa",2.700708215,2.051104816,3.251728045,1,1.776038647,2.823478261,1.790108696,1,"futij",2,"complete",0,35.61565687,26.18890898,3.791059708,62.10792802,"EXCLUSION",TRUE,TRUE,FALSE,TRUE,TRUE,TRUE
"2023-07","No Elegible","Vulnerabilidad Elevada",1,1.525552408,2.578385269,1,1.776038647,1.498900966,1.790108696,1.043888889,"sotap",3,"low",NA,13.7168894,17.68003002,2.901742121,31.26938159,"EXCLUSION",FALSE,TRUE,TRUE,FALSE,TRUE,TRUE
"2024-03","Elegible","Vulnerabilidad Elevada",1,1,3.251728045,1,1.776038647,2.823478261,1.790108696,1,"fupal",4,"average",-500,11.51832969,26.18890898,3.073781497,37.23512476,"INCLUSION",TRUE,TRUE,FALSE,FALSE,FALSE,TRUE
"2024-01","No Elegible","Vulnerabilidad Baja",2.070141643,1,1,1,1.776038647,1.498900966,1.790108696,1.043888889,"pcr_cdmx",1,"low",0,6.702282231,17.68003002,2.692946147,24.02903735,"EXCLUSION",TRUE,TRUE,FALSE,FALSE,FALSE,TRUE
"2023-08","No Elegible","Vulnerabilidad Moderada",1,1.525552408,1,1,1.776038647,2.117608696,2.580217391,1.043888889,"sotap",1,"low",0,3.741369748,28.09152966,2.895395259,31.04928691,"EXCLUSION",TRUE,TRUE,FALSE,FALSE,FALSE,TRUE
"2024-03","Elegible","Vulnerabilidad Elevada",2.700708215,2.051104816,2.578385269,1,1,1,1,1,"sotap",2,"complete",NA,31.71522481,0,2.944031657,32.73585246,"INCLUSION",TRUE,TRUE,FALSE,TRUE,TRUE,TRUE
"2023-08","Elegible","Vulnerabilidad Baja",1,1.525552408,1,1,1,2.117608696,1,1,"futij",1,"low",NA,3.741369748,7.392265486,2.317682116,11.01614576,"INCLUSION",TRUE,TRUE,FALSE,FALSE,FALSE,TRUE
"2024-02","Elegible","Vulnerabilidad Elevada",1,1.525552408,1,1.564135978,1.776038647,2.823478261,2.580217391,1,"fupal",3,"low",NA,8.159313021,32.12448674,3.139458425,39.51257651,"INCLUSION",TRUE,TRUE,TRUE,FALSE,FALSE,TRUE
"2024-06","No Elegible","Vulnerabilidad Elevada",2.700708215,1,2.578385269,1,1.776038647,1.498900966,1.790108696,2.544987923,"fupal",1,"low",NA,20.97871872,31.0340229,3.490604678,51.68915188,"EXCLUSION",TRUE,TRUE,FALSE,FALSE,FALSE,TRUE
"2024-06","No Elegible","Vulnerabilidad Moderada",1,1,1,1,1.776038647,2.823478261,1.790108696,1,"sotap",1,"low",NA,0,26.18890898,2.730928248,25.3461237,"EXCLUSION",TRUE,TRUE,FALSE,FALSE,FALSE,TRUE
"2023-10","No Elegible","Vulnerabilidad Baja",1,1,2.578385269,1,1,1.498900966,1,1,"sotap",2,"low",NA,8.975915299,3.815111519,2.373655191,12.95710664,"EXCLUSION",TRUE,TRUE,FALSE,FALSE,TRUE,TRUE
"2023-09","Lista de Reserva","Vulnerabilidad Baja",1,1,1,1,1.776038647,1.498900966,2.580217391,1,"sotap",4,"average",NA,0,22.17502718,2.618901451,21.46141263,"EXCLUSION",TRUE,TRUE,FALSE,FALSE,FALSE,TRUE
"2024-07","Lista de Reserva","Vulnerabilidad Baja",1,1.525552408,1,1,1.776038647,1,1,1,"sotap",1,"low",NA,3.741369748,5.532745347,2.265783208,9.216466837,"EXCLUSION",TRUE,TRUE,FALSE,FALSE,FALSE,TRUE
"2024-06","No Elegible","Vulnerabilidad Baja",1,1,1,1,1.776038647,1.498900966,1.790108696,1,"fupal",1,"low",NA,0,17.10850297,2.477495573,16.55793424,"EXCLUSION",TRUE,TRUE,FALSE,FALSE,FALSE,TRUE
"2023-08","Lista de Reserva","Vulnerabilidad Moderada",2.700708215,1,2.578385269,1,1,2.117608696,1,1,"pcr_cdmx",2,"average",NA,20.97871872,7.392265486,2.830767021,28.80820986,"EXCLUSION",TRUE,FALSE,FALSE,TRUE,TRUE,TRUE
"2023-09","No Elegible","Vulnerabilidad Elevada",2.700708215,2.051104816,1.249197356,1,1.776038647,1,1.790108696,1,"sotap",4,"average",NA,20.89305637,12.01413641,2.957212882,33.1929253,"EXCLUSION",TRUE,TRUE,FALSE,FALSE,FALSE,TRUE
"2024-02","No Elegible","Vulnerabilidad Baja",1,1,2.578385269,1,1,1.498900966,1,1,"fupal",1,"low",0,8.975915299,3.815111519,2.373655191,12.95710664,"EXCLUSION",TRUE,TRUE,FALSE,FALSE,FALSE,TRUE
"2024-02","Elegible","Vulnerabilidad Baja",1,1,2.578385269,1,1,1.498900966,1.790108696,1.043888889,"pcr_cdmx",1,"low",0,8.975915299,10.52243148,2.560855415,19.44857834,"INCLUSION",TRUE,TRUE,FALSE,FALSE,FALSE,TRUE
"2024-01","Lista de Reserva","Vulnerabilidad Baja",2.700708215,1,1.249197356,1,1,1,1.790108696,1,"fomon",2,"average",0,11.93561888,5.614422911,2.511971873,17.7534642,"EXCLUSION",TRUE,TRUE,FALSE,TRUE,TRUE,TRUE
"2024-05","Lista de Reserva","Vulnerabilidad Elevada",1,1,3.251728045,1,1.776038647,2.823478261,1.790108696,1.738466184,"sotap",5,"high",NA,11.51832969,35.38399904,3.330414986,46.13430762,"EXCLUSION",TRUE,TRUE,FALSE,FALSE,TRUE,TRUE
"2024-05","Elegible","Vulnerabilidad Baja",1,1,1,1,1.776038647,1.498900966,1.790108696,1,"sotap",1,"low",0,0,17.10850297,2.477495573,16.55793424,"INCLUSION",TRUE,TRUE,FALSE,FALSE,FALSE,TRUE
"2024-04","Lista de Reserva","Vulnerabilidad Baja",1,1,2.578385269,1,1.776038647,1,1.790108696,1.043888889,"sotap",3,"average",0,8.975915299,12.53066404,2.616904864,21.39218397,"EXCLUSION",TRUE,TRUE,FALSE,FALSE,FALSE,TRUE
"2024-02","No Elegible","Vulnerabilidad Baja",1,1,1,1,1,1.498900966,1,1,"sotap",3,"low",0,0,3.815111519,2.10647915,3.692337415,"EXCLUSION",TRUE,TRUE,FALSE,FALSE,FALSE,TRUE
"2024-05","No Elegible","Vulnerabilidad Moderada",1,1,1,1,1.776038647,2.823478261,1.790108696,1,"sotap",1,"low",NA,0,26.18890898,2.730928248,25.3461237,"EXCLUSION",TRUE,TRUE,FALSE,FALSE,FALSE,TRUE
"2023-10","Lista de Reserva","Vulnerabilidad Baja",1,1,1,1,1,1,1,1,"sotap",2,"average",-500,0,0,2,0,"EXCLUSION",TRUE,TRUE,FALSE,TRUE,TRUE,TRUE
"2023-09","No Elegible","Vulnerabilidad Elevada",1,1,2.578385269,1,1.776038647,2.117608696,2.580217391,1.043888889,"sotap",1,"low",0,8.975915299,28.09152966,3.051206127,36.45228537,"EXCLUSION",FALSE,TRUE,FALSE,FALSE,FALSE,TRUE
"2023-12","Lista de Reserva","Vulnerabilidad Baja",2.700708215,1,1,1,1.776038647,1,1.790108696,1,"fupal",1,"low",NA,9.472088355,12.01413641,2.61725769,21.40441912,"EXCLUSION",TRUE,TRUE,FALSE,FALSE,FALSE,TRUE
"2024-02","Elegible","Vulnerabilidad Elevada",2.700708215,1,1.249197356,1,1.776038647,2.823478261,1.790108696,1.043888889,"foten",4,"low",NA,11.93561888,26.85846924,3.104889798,38.31385587,"INCLUSION",TRUE,TRUE,FALSE,FALSE,FALSE,TRUE
"2023-10","Elegible","Vulnerabilidad Severa",2.070141643,2.051104816,2.578385269,1,1.776038647,2.823478261,2.580217391,2.544987923,"sotap",3,"complete",0,27.51489601,50,4.214497142,76.79130288,"INCLUSION",FALSE,TRUE,FALSE,FALSE,FALSE,TRUE
"2023-09","Lista de Reserva","Vulnerabilidad Severa",2.700708215,1,1.249197356,1,1.776038647,2.117608696,2.580217391,2.544987923,NA,3,"low",0,11.93561888,44.04383881,3.584530706,54.94618306,"EXCLUSION",TRUE,TRUE,FALSE,TRUE,TRUE,TRUE
"2024-02","Elegible","Vulnerabilidad Moderada",1,1,2.578385269,1.564135978,1.776038647,1,1.790108696,1,"foten",1,"low",0,14.01324416,12.01413641,2.7524292,26.09171386,"INCLUSION",TRUE,TRUE,FALSE,FALSE,FALSE,TRUE
"2023-08","No Elegible","Vulnerabilidad Baja",1,1,1,1,1.776038647,1.498900966,1.790108696,1,"sotap",1,"low",NA,0,17.10850297,2.477495573,16.55793424,"EXCLUSION",TRUE,TRUE,FALSE,FALSE,FALSE,TRUE
"2024-05","No Elegible","Vulnerabilidad Baja",1,1,1.249197356,1,1.776038647,1,2.580217391,1,"sotap",3,"average",0,1.921713018,16.59309681,2.520312154,18.04267003,"EXCLUSION",TRUE,TRUE,FALSE,FALSE,TRUE,TRUE
"2023-12","Elegible","Vulnerabilidad Baja",1,1,1,1,1,1,1,1,"fomon",1,"low",0,0,0,2,0,"INCLUSION",TRUE,TRUE,FALSE,FALSE,FALSE,TRUE
"2024-03","No Elegible","Vulnerabilidad Baja",2.070141643,1,1,1,1.776038647,1,1.790108696,1,"fomon",2,"average",NA,6.702282231,12.01413641,2.534811966,18.54547786,"EXCLUSION",TRUE,TRUE,FALSE,TRUE,TRUE,TRUE
"2024-01","No Elegible por Duplicidad","Vulnerabilidad Baja",1,1,1,1,1.776038647,1,1,1,"pcr_cdmx",1,"low",0,0,5.532745347,2.154418035,5.354696069,"EXCLUSION",TRUE,TRUE,FALSE,FALSE,FALSE,TRUE
"2024-05","Elegible","Vulnerabilidad Elevada",2.070141643,1,1,1,1.776038647,2.823478261,1.790108696,1.043888889,"sotap",3,"average",NA,6.702282231,26.85846924,2.949114914,32.91210522,"INCLUSION",TRUE,TRUE,FALSE,FALSE,TRUE,TRUE
"2023-06","No Elegible","Vulnerabilidad Elevada",2.070141643,1,2.578385269,1,1.776038647,2.823478261,2.580217391,1.043888889,"sotap",3,"average",0,17.46888676,32.85812825,3.43704192,49.83177383,"EXCLUSION",TRUE,TRUE,FALSE,FALSE,FALSE,TRUE
"2024-01","No Elegible","Vulnerabilidad Baja",1,1,1,1,1.776038647,1.498900966,2.580217391,1,"sotap",4,"average",0,0,22.17502718,2.618901451,21.46141263,"EXCLUSION",TRUE,TRUE,FALSE,FALSE,FALSE,TRUE
"2023-10","Lista de Reserva","Vulnerabilidad Elevada",2.070141643,1,1,1.564135978,1.776038647,1.498900966,2.580217391,1,"sotap",2,"average",0,11.47057999,22.17502718,2.960333388,33.30112735,"EXCLUSION",TRUE,TRUE,FALSE,TRUE,TRUE,TRUE
"2024-05","No Elegible","Vulnerabilidad Moderada",1,1,1,1,1.776038647,2.823478261,1.790108696,1,"sotap",1,"low",0,0,26.18890898,2.730928248,25.3461237,"EXCLUSION",TRUE,TRUE,FALSE,FALSE,FALSE,TRUE
"2024-02","No Elegible","Vulnerabilidad Severa",2.070141643,1,1,1,1.776038647,2.823478261,2.580217391,2.544987923,"fupal",3,"average",NA,6.702282231,50,3.594991325,55.30891838,"EXCLUSION",TRUE,FALSE,FALSE,FALSE,FALSE,TRUE
"2024-01","Elegible","Vulnerabilidad Elevada",2.070141643,1,2.578385269,1,1.776038647,1,2.580217391,2.544987923,"sotap",2,"average",NA,17.46888676,30.38303782,3.367962543,47.43633428,"INCLUSION",TRUE,FALSE,FALSE,TRUE,TRUE,TRUE
"2023-09","Lista de Reserva","Vulnerabilidad Elevada",1,2.051104816,1,1,1.776038647,2.823478261,1.790108696,1,"sotap",1,"low",0,6.609317356,26.18890898,2.927660413,32.1681355,"EXCLUSION",TRUE,TRUE,FALSE,FALSE,FALSE,TRUE
"2024-02","No Elegible","Vulnerabilidad Baja",2.700708215,1,1,1,1,1.498900966,1,1,"fupal",1,"low",NA,9.472088355,3.815111519,2.38842422,13.46924705,"EXCLUSION",TRUE,TRUE,FALSE,FALSE,FALSE,TRUE
"2024-01","Elegible","Vulnerabilidad Elevada",2.700708215,1,3.251728045,1.564135978,1,1.498900966,2.580217391,1,"foten",1,"low",NA,31.08118723,14.41616583,3.327511845,46.03365011,"INCLUSION",FALSE,FALSE,FALSE,FALSE,FALSE,TRUE
"2023-12","Lista de Reserva","Vulnerabilidad Elevada",2.700708215,1,1.249197356,1,1,2.117608696,1.790108696,1.738466184,"sotap",2,"average",NA,11.93561888,21.57742793,2.957496782,33.20276375,"EXCLUSION",TRUE,TRUE,FALSE,TRUE,TRUE,TRUE
"2024-01","No Elegible","Vulnerabilidad Baja",1,1,1,1,1.776038647,2.117608696,1.790108696,1,"pcr_cdmx",1,"low",NA,0,21.88512181,2.610810239,21.18083671,"EXCLUSION",TRUE,FALSE,FALSE,FALSE,FALSE,TRUE
"2023-12","No Elegible","Vulnerabilidad Moderada",1,1,1,1,1.776038647,2.823478261,1.790108696,1,"sotap",2,"average",0,0,26.18890898,2.730928248,25.3461237,"EXCLUSION",TRUE,TRUE,FALSE,FALSE,TRUE,TRUE
"2024-04","No Elegible","Vulnerabilidad Elevada",2.070141643,1,1,1.564135978,1.776038647,2.117608696,2.580217391,1.043888889,"sotap",2,"complete",NA,11.47057999,28.09152966,3.125462023,39.02723087,"EXCLUSION",TRUE,TRUE,FALSE,TRUE,TRUE,TRUE
"2023-08","Elegible","Vulnerabilidad Moderada",1,1,1,1,1.776038647,2.823478261,2.580217391,1,"sotap",7,"average",NA,0,32.12448674,2.896589272,31.09068863,"INCLUSION",TRUE,FALSE,FALSE,FALSE,FALSE,TRUE
"2023-11","No Elegible","Vulnerabilidad Baja",1,1,1,1,1.776038647,2.117608696,1.790108696,1,"sotap",1,"low",NA,0,21.88512181,2.610810239,21.18083671,"EXCLUSION",TRUE,TRUE,FALSE,FALSE,FALSE,TRUE
"2023-07","Lista de Reserva","Vulnerabilidad Baja",1,1,1,1,1,1,1.790108696,1,"sotap",3,"average",0,0,5.614422911,2.156697643,5.433745167,"EXCLUSION",TRUE,TRUE,FALSE,TRUE,TRUE,TRUE
"2024-01","Elegible","Vulnerabilidad Baja",1,1,1,1,1,1,1,1,"sotap",1,"low",0,0,0,2,0,"INCLUSION",TRUE,TRUE,FALSE,FALSE,FALSE,TRUE
"2024-03","No Elegible","Vulnerabilidad Elevada",1,1,2.578385269,1,1.776038647,2.823478261,2.580217391,1,"sotap",1,"low",0,8.975915299,32.12448674,3.163765312,40.35545786,"EXCLUSION",TRUE,TRUE,FALSE,FALSE,FALSE,TRUE
"2024-05","Lista de Reserva","Vulnerabilidad Moderada",1,1,2.578385269,1,1.776038647,1.498900966,1.790108696,1,"sotap",3,"complete",NA,8.975915299,17.10850297,2.744671614,25.82270347,"EXCLUSION",TRUE,TRUE,FALSE,TRUE,TRUE,TRUE
"2024-04","No Elegible","Vulnerabilidad Elevada",1,2.051104816,1,1,1.776038647,2.823478261,2.580217391,1,"foten",1,"low",NA,6.609317356,32.12448674,3.093321436,37.91270043,"EXCLUSION",TRUE,TRUE,FALSE,FALSE,FALSE,TRUE
"2024-05","No Elegible","Vulnerabilidad Elevada",1,2.051104816,1,1,1.776038647,2.823478261,2.580217391,1,"sotap",2,"average",0,6.609317356,32.12448674,3.093321436,37.91270043,"EXCLUSION",FALSE,TRUE,FALSE,TRUE,FALSE,TRUE
"2023-07","No Elegible","Vulnerabilidad Elevada",1,2.051104816,1,1,1.776038647,2.823478261,2.580217391,1,"sotap",6,"high",0,6.609317356,32.12448674,3.093321436,37.91270043,"EXCLUSION",TRUE,TRUE,FALSE,FALSE,TRUE,TRUE
"2024-01","Lista de Reserva","Vulnerabilidad Baja",2.700708215,1,1.249197356,1,1.776038647,1.498900966,1,1,"sotap",1,"low",0,11.93561888,9.93697889,2.632613717,21.936916,"EXCLUSION",TRUE,TRUE,FALSE,FALSE,FALSE,TRUE
"2024-02","Elegible","Vulnerabilidad Severa",2.700708215,1,3.251728045,1,1.776038647,2.823478261,2.580217391,1,"fupal",2,"average",NA,24.2379543,32.12448674,3.618053373,56.10864454,"INCLUSION",FALSE,FALSE,FALSE,TRUE,TRUE,TRUE
"2023-10","Lista de Reserva","Vulnerabilidad Elevada",2.700708215,1,2.578385269,1,1.776038647,2.823478261,1.790108696,1,"sotap",1,"low",-500,20.97871872,26.18890898,3.355378326,46.99995857,"EXCLUSION",TRUE,TRUE,FALSE,FALSE,FALSE,TRUE
"2024-01","Elegible por Proceso Acelerado","Vulnerabilidad Moderada",2.700708215,1,2.578385269,1,1,1.498900966,1,1,"sotap",1,"low",NA,20.97871872,3.815111519,2.730929228,25.34617228,"INCLUSION",TRUE,TRUE,FALSE,FALSE,FALSE,TRUE
"2023-08","No Elegible","Vulnerabilidad Elevada",1,1.525552408,2.578385269,1,1.776038647,2.117608696,1.790108696,1,"futij",3,"average",NA,13.7168894,21.88512181,3.019105558,35.33914932,"EXCLUSION",TRUE,TRUE,FALSE,TRUE,TRUE,TRUE
"2024-05","No Elegible","Vulnerabilidad Elevada",1,1.525552408,2.578385269,1,1.776038647,2.823478261,1.790108696,1,"sotap",3,"average",NA,13.7168894,26.18890898,3.139223567,39.50443632,"EXCLUSION",TRUE,TRUE,FALSE,FALSE,FALSE,TRUE
"2023-09","No Elegible","Vulnerabilidad Severa",2.700708215,1,3.251728045,1,1.776038647,1,2.580217391,2.544987923,"futij",2,"complete",NA,24.2379543,30.38303782,3.569449813,54.42323719,"EXCLUSION",TRUE,FALSE,FALSE,TRUE,TRUE,TRUE
"2024-01","Elegible","Vulnerabilidad Moderada",1,1,2.578385269,1,1.776038647,2.823478261,1,1,"sotap",1,"low",NA,8.975915299,17.78726377,2.763615719,26.47962106,"INCLUSION",FALSE,TRUE,FALSE,FALSE,FALSE,TRUE
"2024-01","No Elegible","Vulnerabilidad Baja",1.599560907,1,1,1,1.776038647,1.498900966,1.790108696,1,"pcr_cdmx",4,"low",0,4.186184624,17.10850297,2.602101053,20.87883447,"EXCLUSION",TRUE,TRUE,FALSE,FALSE,FALSE,TRUE
"2024-07","No Elegible","Vulnerabilidad Severa",2.700708215,1.525552408,3.251728045,1,1.776038647,2.823478261,1.790108696,1,"sotap",1,"low",0,30.67858802,26.18890898,3.644103496,57.01197936,"EXCLUSION",FALSE,TRUE,FALSE,FALSE,FALSE,TRUE
"2024-03","Lista de Reserva","Vulnerabilidad Moderada",1,1,2.578385269,1,1,2.117608696,2.580217391,1.043888889,"sotap",2,"low",0,8.975915299,19.54126117,2.812569505,28.17717307,"EXCLUSION",TRUE,TRUE,FALSE,FALSE,FALSE,TRUE
"2024-05","No Elegible","Vulnerabilidad Baja",1,1,1,1,1,1,1.790108696,1,"sotap",2,"average",0,0,5.614422911,2.156697643,5.433745167,"EXCLUSION",TRUE,TRUE,FALSE,TRUE,TRUE,TRUE
"2024-01","Lista de Reserva","Vulnerabilidad Elevada",1,1,2.578385269,1,1.776038647,2.117608696,2.580217391,1.043888889,"foten",5,"high",NA,8.975915299,28.09152966,3.051206127,36.45228537,"EXCLUSION",TRUE,TRUE,FALSE,FALSE,FALSE,TRUE
"2023-08","No Elegible","Vulnerabilidad Moderada",2.070141643,1,3.251728045,1,1,1.498900966,1.790108696,1,"sotap",1,"low",-500,20.51851115,10.02735341,2.890613418,30.88348051,"EXCLUSION",TRUE,FALSE,FALSE,FALSE,FALSE,TRUE
"2024-05","No Elegible","Vulnerabilidad Baja",1,1,1,1,1.776038647,1.498900966,2.580217391,1.043888889,"sotap",1,"low",0,0,22.80125306,2.636379315,22.06748594,"EXCLUSION",TRUE,TRUE,FALSE,FALSE,FALSE,TRUE
"2024-04","Lista de Reserva","Vulnerabilidad Baja",2.070141643,1,1,1,1.776038647,1,2.580217391,1.043888889,"pcr_cdmx",2,"average",0,6.702282231,17.15905947,2.678405943,23.52483215,"EXCLUSION",TRUE,TRUE,FALSE,FALSE,FALSE,TRUE
"2024-02","Elegible","Vulnerabilidad Baja",1.599560907,1,1,1,1,2.823478261,1.790108696,1.043888889,"sotap",5,"average",0,4.186184624,18.47313819,2.640187803,22.19955436,"INCLUSION",TRUE,TRUE,FALSE,FALSE,FALSE,TRUE
"2024-01","Lista de Reserva","Vulnerabilidad Baja",1,1,1,1,1.776038647,2.117608696,1.790108696,1,"sotap",5,"average",NA,0,21.88512181,2.610810239,21.18083671,"EXCLUSION",TRUE,TRUE,FALSE,FALSE,FALSE,TRUE
"2024-03","Elegible","Vulnerabilidad Baja",2.700708215,1.525552408,1,1,1,1.498900966,1,1,"sotap",1,"low",NA,14.26831886,3.815111519,2.531188254,18.41982504,"INCLUSION",TRUE,TRUE,FALSE,FALSE,FALSE,FALSE
"2023-11","Lista de Reserva","Vulnerabilidad Baja",1,1,1,1,1.776038647,2.117608696,1.790108696,1.043888889,"sotap",1,"low",-500,0,22.50821784,2.628200749,21.78388088,"EXCLUSION",TRUE,TRUE,FALSE,FALSE,FALSE,TRUE
"2024-04","No Elegible","Vulnerabilidad Severa",2.700708215,1,3.251728045,1,1.776038647,2.117608696,2.580217391,2.544987923,"fupal",2,"average",NA,24.2379543,44.04383881,3.950720577,67.64441994,"EXCLUSION",FALSE,FALSE,FALSE,TRUE,TRUE,TRUE
"2024-06","No Elegible","Vulnerabilidad Baja",1,1,1,1,1,1,1,1,"sotap",1,"low",0,0,0,2,0,"EXCLUSION",TRUE,TRUE,FALSE,FALSE,FALSE,TRUE
"2023-11","Lista de Reserva","Vulnerabilidad Moderada",1,1,2.578385269,1,1.776038647,1.498900966,1.790108696,1.043888889,"sotap",2,"low",NA,8.975915299,17.68003002,2.760622842,26.3758382,"EXCLUSION",TRUE,TRUE,FALSE,FALSE,TRUE,TRUE
"2024-04","Lista de Reserva","Vulnerabilidad Elevada",1,1.525552408,2.578385269,1,1.776038647,2.823478261,1,1,"sotap",1,"low",0,13.7168894,17.78726377,2.904734997,31.37316445,"EXCLUSION",FALSE,TRUE,FALSE,FALSE,FALSE,TRUE
"2024-05","Elegible","Vulnerabilidad Baja",1,2.051104816,1,1,1,1,1,1,"sotap",4,"average",NA,6.609317356,0,2.196732164,6.822011798,"INCLUSION",TRUE,TRUE,FALSE,FALSE,FALSE,TRUE
"2023-07","Lista de Reserva","Vulnerabilidad Baja",1,1,2.578385269,1,1,1,1,1,"sotap",1,"low",NA,8.975915299,0,2.267176041,9.264769229,"EXCLUSION",TRUE,FALSE,FALSE,FALSE,FALSE,TRUE
"2024-01","No Elegible","Vulnerabilidad Moderada",1,1,1,1,1.776038647,2.823478261,1.790108696,1,"sotap",1,"low",0,0,26.18890898,2.730928248,25.3461237,"EXCLUSION",TRUE,TRUE,FALSE,FALSE,FALSE,TRUE
"2024-02","Elegible","Vulnerabilidad Moderada",1,1,1,1,1.776038647,2.823478261,2.580217391,1,"sotap",4,"average",0,0,32.12448674,2.896589272,31.09068863,"INCLUSION",TRUE,TRUE,FALSE,TRUE,TRUE,TRUE
"2023-08","No Elegible","Vulnerabilidad Baja",1,1,1,1,1,2.117608696,2.580217391,1,"sotap",1,"low",0,0,18.94985465,2.528887403,18.34002938,"EXCLUSION",TRUE,TRUE,FALSE,FALSE,FALSE,TRUE
"2023-09","No Elegible","Vulnerabilidad Moderada",1,1,1,1,1.776038647,2.823478261,1.790108696,1,"sotap",1,"low",0,0,26.18890898,2.730928248,25.3461237,"EXCLUSION",TRUE,FALSE,FALSE,FALSE,FALSE,TRUE
"2023-12","Lista de Reserva","Vulnerabilidad Baja",1,1,1,1,1,1,2.580217391,1.043888889,"fupal",1,"low",NA,0,10.07114734,2.281084107,9.747047747,"EXCLUSION",TRUE,TRUE,FALSE,FALSE,FALSE,TRUE
"2024-01","No Elegible","Vulnerabilidad Baja",1,1,1,1.564135978,1.776038647,1.498900966,1.790108696,1,"fupal",1,"low",0,3.975239986,17.10850297,2.5958221,20.66110142,"EXCLUSION",TRUE,TRUE,FALSE,FALSE,FALSE,TRUE
"2023-08","Lista de Reserva","Vulnerabilidad Baja",2.070141643,1,1.249197356,1,1,1,1,1.043888889,"sotap",1,"low",-500,9.00737574,0.386821499,2.278908614,9.671615295,"EXCLUSION",TRUE,TRUE,FALSE,FALSE,FALSE,TRUE
"2024-04","No Elegible por Duplicidad","Vulnerabilidad Elevada",2.700708215,1,1,1,1.776038647,2.823478261,2.580217391,1,"foten",4,"average",NA,9.472088355,32.12448674,3.178534341,40.86759826,"EXCLUSION",TRUE,TRUE,FALSE,TRUE,TRUE,TRUE
"2023-11","Lista de Reserva","Vulnerabilidad Baja",1,1,1,1,1.776038647,1,1.790108696,1,"sotap",2,"average",NA,0,12.01413641,2.33531262,11.62750949,"EXCLUSION",TRUE,TRUE,FALSE,TRUE,TRUE,TRUE
"2024-02","No Elegible","Vulnerabilidad Baja",1,1,1,1,1,1.498900966,1,1,"sotap",1,"low",NA,0,3.815111519,2.10647915,3.692337415,"EXCLUSION",TRUE,TRUE,FALSE,FALSE,FALSE,TRUE
"2024-02","Elegible","Vulnerabilidad Baja",2.070141643,1,1,1,1.776038647,1,1.790108696,1.043888889,"pcr_cdmx",1,"low",0,6.702282231,12.53066404,2.549228169,19.04538312,"INCLUSION",TRUE,TRUE,FALSE,FALSE,FALSE,TRUE
"2024-05","Lista de Reserva","Vulnerabilidad Elevada",1,1.525552408,2.578385269,1,1.776038647,2.823478261,2.580217391,1,"sotap",3,"average",0,13.7168894,32.12448674,3.304884591,45.24900125,"EXCLUSION",TRUE,TRUE,FALSE,FALSE,FALSE,TRUE
"2024-03","Elegible","Vulnerabilidad Moderada",1,1,3.251728045,1,1.776038647,2.823478261,1,1,"sotap",1,"low",NA,11.51832969,17.78726377,2.839292927,29.10385289,"INCLUSION",TRUE,TRUE,FALSE,FALSE,FALSE,TRUE
"2024-02","No Elegible","Vulnerabilidad Baja",1,1,1,1,1,1.498900966,1.790108696,1.043888889,"sotap",5,"average",NA,0,10.52243148,2.293679375,10.18380911,"EXCLUSION",TRUE,TRUE,FALSE,FALSE,FALSE,TRUE
"2024-05","No Elegible","Vulnerabilidad Baja",1.599560907,1,1,1,1,2.823478261,1.790108696,1.043888889,"sotap",3,"average",0,4.186184624,18.47313819,2.640187803,22.19955436,"EXCLUSION",TRUE,TRUE,FALSE,TRUE,TRUE,TRUE
"2024-07","Lista de Reserva","Vulnerabilidad Elevada",1,1,2.578385269,1,1.776038647,2.117608696,2.580217391,1.043888889,"sotap",5,"high",NA,8.975915299,28.09152966,3.051206127,36.45228537,"EXCLUSION",TRUE,TRUE,FALSE,FALSE,TRUE,TRUE
"2023-07","Lista de Reserva","Vulnerabilidad Moderada",1,1,1,1,1.776038647,2.823478261,2.580217391,1,"fupal",1,"low",NA,0,32.12448674,2.896589272,31.09068863,"EXCLUSION",TRUE,TRUE,FALSE,FALSE,FALSE,TRUE
"2024-02","No Elegible","Vulnerabilidad Moderada",1,1,1,1,1.776038647,2.823478261,1.790108696,1.043888889,"futij",1,"low",NA,0,26.85846924,2.749615568,25.99413684,"EXCLUSION",FALSE,TRUE,FALSE,FALSE,FALSE,TRUE
"2023-07","Elegible","Vulnerabilidad Baja",1,1,3.251728045,1,1.776038647,1,1.790108696,1.043888889,"sotap",1,"low",NA,11.51832969,12.53066404,2.692582072,24.0164158,"INCLUSION",TRUE,FALSE,FALSE,FALSE,FALSE,TRUE
"2023-11","No Elegible","Vulnerabilidad Moderada",2.700708215,1,1,1,1.776038647,1,2.580217391,1,"sotap",2,"complete",0,9.472088355,16.59309681,2.74505574,25.83602399,"EXCLUSION",TRUE,TRUE,FALSE,TRUE,TRUE,TRUE
"2023-09","No Elegible por Intenciones","Vulnerabilidad Baja",2.070141643,1,1,1,1,1.498900966,2.580217391,1.043888889,"fupal",1,"low",NA,6.702282231,14.95862607,2.6169922,21.3952109,"EXCLUSION",TRUE,TRUE,FALSE,FALSE,FALSE,TRUE
"2023-08","Elegible","Vulnerabilidad Baja",1,1,1,1,1.776038647,2.117608696,1.790108696,1,"sotap",1,"low",NA,0,21.88512181,2.610810239,21.18083671,"INCLUSION",TRUE,TRUE,FALSE,FALSE,FALSE,TRUE
"2024-01","No Elegible","Vulnerabilidad Baja",1,1,1,1,1.776038647,1,1.790108696,1,"sotap",1,"low",NA,0,12.01413641,2.33531262,11.62750949,"EXCLUSION",TRUE,TRUE,FALSE,FALSE,FALSE,TRUE
"2023-08","Lista de Reserva","Vulnerabilidad Moderada",1,1,1,1,1.776038647,2.823478261,1.790108696,1,"sotap",1,"low",NA,0,26.18890898,2.730928248,25.3461237,"EXCLUSION",TRUE,TRUE,FALSE,FALSE,FALSE,TRUE
"2024-03","No Elegible","Vulnerabilidad Baja",1,1,1,1,1,1,1.790108696,1,"sotap",3,"low",0,0,5.614422911,2.156697643,5.433745167,"EXCLUSION",TRUE,TRUE,FALSE,FALSE,FALSE,TRUE
"2023-10","Elegible","Vulnerabilidad Severa",2.700708215,1.525552408,3.251728045,1,1.776038647,2.823478261,1.790108696,1,"fupal",2,"average",NA,30.67858802,26.18890898,3.644103496,57.01197936,"INCLUSION",FALSE,FALSE,FALSE,TRUE,TRUE,TRUE
"2024-06","No Elegible","Vulnerabilidad Baja",1,1,1,1,1.776038647,1.498900966,1,1,"sotap",1,"low",0,0,9.93697889,2.277339487,9.617196972,"EXCLUSION",TRUE,TRUE,FALSE,FALSE,FALSE,TRUE
"2023-07","No Elegible","Vulnerabilidad Elevada",1,1,1,1.564135978,1.776038647,2.823478261,2.580217391,1.043888889,"sotap",1,"low",0,3.975239986,32.85812825,3.035391615,35.90388801,"EXCLUSION",TRUE,TRUE,FALSE,FALSE,FALSE,TRUE
"2024-02","No Elegible","Vulnerabilidad Elevada",2.700708215,1,1,1,1.776038647,2.823478261,1.790108696,1,"sotap",5,"average",NA,9.472088355,26.18890898,3.012873318,35.12303333,"EXCLUSION",FALSE,TRUE,FALSE,FALSE,FALSE,FALSE
"2024-06","Lista de Reserva","Vulnerabilidad Baja",1,1,1,1,1,1,1,1,"sotap",1,"low",NA,0,0,2,0,"EXCLUSION",TRUE,TRUE,FALSE,FALSE,FALSE,TRUE
"2024-04","No Elegible","Vulnerabilidad Moderada",1,2.051104816,1,1,1.776038647,2.117608696,1.790108696,1,"foten",1,"low",NA,6.609317356,21.88512181,2.807542403,28.0028485,"EXCLUSION",TRUE,TRUE,FALSE,FALSE,FALSE,TRUE
"2024-01","No Elegible por Duplicidad","Vulnerabilidad Elevada",2.070141643,1,1,1,1.776038647,2.823478261,1.790108696,1.043888889,"fupal",5,"high",NA,6.702282231,26.85846924,2.949114914,32.91210522,"EXCLUSION",TRUE,FALSE,FALSE,FALSE,FALSE,TRUE
"2023-12","No Elegible","Vulnerabilidad Baja",2.070141643,1,1,1,1,1,1,1.043888889,"pcr_cdmx",1,"low",NA,6.702282231,0.386821499,2.210295472,7.292341572,"EXCLUSION",TRUE,TRUE,FALSE,FALSE,FALSE,TRUE
"2023-06","Lista de Reserva","Vulnerabilidad Baja",1,1,1,1,1,1,1,1,"sotap",2,"average",NA,0,0,2,0,"EXCLUSION",TRUE,TRUE,FALSE,TRUE,TRUE,TRUE
"2024-04","Lista de Reserva","Vulnerabilidad Elevada",2.070141643,2.051104816,1,1,1.776038647,2.823478261,1.790108696,1.043888889,"sotap",1,"low",NA,14.63015408,26.85846924,3.185095016,41.09510391,"EXCLUSION",FALSE,TRUE,FALSE,FALSE,FALSE,TRUE
"2023-10","Lista de Reserva","Vulnerabilidad Elevada",2.070141643,2.051104816,1,1,1.776038647,2.823478261,2.580217391,1.043888889,"sotap",4,"average",-500,14.63015408,32.85812825,3.352544536,46.90168789,"EXCLUSION",TRUE,TRUE,FALSE,FALSE,FALSE,TRUE
"2023-10","Lista de Reserva","Vulnerabilidad Elevada",1,2.051104816,1,1,1.776038647,2.823478261,2.580217391,1,NA,4,"average",NA,6.609317356,32.12448674,3.093321436,37.91270043,"EXCLUSION",TRUE,TRUE,FALSE,FALSE,FALSE,TRUE
"2024-07","No Elegible","Vulnerabilidad Severa",2.700708215,2.051104816,3.251728045,1,1.776038647,2.823478261,1.790108696,1,"sotap",1,"low",0,35.61565687,26.18890898,3.791059708,62.10792802,"EXCLUSION",FALSE,FALSE,FALSE,FALSE,FALSE,TRUE
"2024-05","No Elegible","Vulnerabilidad Baja",1,1,1,1,1,1,1,1,"sotap",1,"low",NA,0,0,2,0,"EXCLUSION",TRUE,TRUE,FALSE,FALSE,FALSE,FALSE
"2023-10","Lista de Reserva","Vulnerabilidad Moderada",2.700708215,1,1,1,1.776038647,2.117608696,1.790108696,1,"sotap",4,"average",-500,9.472088355,21.88512181,2.892755308,30.95774634,"EXCLUSION",TRUE,TRUE,FALSE,FALSE,FALSE,TRUE
"2024-01","Lista de Reserva","Vulnerabilidad Moderada",1,1,1,1,1.776038647,2.823478261,1.790108696,1,"sotap",4,"low",0,0,26.18890898,2.730928248,25.3461237,"EXCLUSION",FALSE,FALSE,FALSE,FALSE,TRUE,TRUE
"2024-02","No Elegible","Vulnerabilidad Elevada",1,1,3.251728045,1,1.776038647,2.117608696,2.580217391,1.043888889,"sotap",1,"low",0,11.51832969,28.09152966,3.126883335,39.0765172,"EXCLUSION",FALSE,FALSE,FALSE,FALSE,FALSE,TRUE
"2024-06","No Elegible","Vulnerabilidad Elevada",1,1.525552408,2.578385269,1,1.776038647,2.823478261,1.790108696,1,"sotap",1,"low",NA,13.7168894,26.18890898,3.139223567,39.50443632,"EXCLUSION",TRUE,TRUE,FALSE,FALSE,FALSE,TRUE
"2023-08","No Elegible por Intenciones","Vulnerabilidad Baja",1,1,1,1,1,1.498900966,1.790108696,1,"sotap",1,"low",NA,0,10.02735341,2.279861825,9.70466315,"EXCLUSION",FALSE,TRUE,FALSE,FALSE,FALSE,TRUE
"2024-04","No Elegible por Duplicidad","Vulnerabilidad Moderada",1,1,1,1,1.776038647,2.823478261,1.790108696,1,"fupal",1,"low",-500,0,26.18890898,2.730928248,25.3461237,"EXCLUSION",FALSE,TRUE,FALSE,FALSE,FALSE,TRUE
"2023-07","Lista de Reserva","Vulnerabilidad Baja",1,1,1,1,1.776038647,2.117608696,1.790108696,1,"sotap",5,"average",NA,0,21.88512181,2.610810239,21.18083671,"EXCLUSION",TRUE,TRUE,FALSE,FALSE,FALSE,TRUE
"2023-07","Lista de Reserva","Vulnerabilidad Baja",1,1,1.249197356,1,1,1.498900966,1.790108696,1.043888889,"sotap",1,"low",NA,1.921713018,10.52243148,2.350880859,12.16736478,"EXCLUSION",TRUE,TRUE,FALSE,FALSE,FALSE,TRUE
"2024-05","No Elegible","Vulnerabilidad Elevada",2.070141643,1,3.251728045,1,1.776038647,2.117608696,2.580217391,1.043888889,"sotap",1,"low",0,20.51851115,28.09152966,3.39478168,48.3663335,"EXCLUSION",TRUE,TRUE,FALSE,FALSE,FALSE,TRUE
"2024-03","Elegible","Vulnerabilidad Baja",2.700708215,1.525552408,1,1,1,1.498900966,1,1,"sotap",1,"low",NA,14.26831886,3.815111519,2.531188254,18.41982504,"INCLUSION",TRUE,TRUE,FALSE,FALSE,FALSE,TRUE
"2024-04","Lista de Reserva","Vulnerabilidad Baja",1,1,1,1,1,1,1,1,"pcr_cdmx",4,"low",0,0,0,2,0,"EXCLUSION",TRUE,TRUE,FALSE,FALSE,FALSE,TRUE
"2023-08","No Elegible","Vulnerabilidad Severa",2.700708215,1,3.251728045,1,1.776038647,2.117608696,2.580217391,1.043888889,"sotap",4,"complete",NA,24.2379543,28.09152966,3.505494188,52.20547205,"EXCLUSION",FALSE,FALSE,FALSE,TRUE,TRUE,TRUE
"2024-05","No Elegible","Vulnerabilidad Baja",2.700708215,1,1,1,1,1.498900966,1.790108696,1,"sotap",1,"low",NA,9.472088355,10.02735341,2.561806895,19.48157278,"EXCLUSION",TRUE,TRUE,FALSE,FALSE,FALSE,TRUE
"2024-04","No Elegible","Vulnerabilidad Baja",1,1,1,1,1.776038647,1.498900966,1.790108696,1,"pcr_cdmx",1,"low",0,0,17.10850297,2.477495573,16.55793424,"EXCLUSION",TRUE,TRUE,FALSE,FALSE,FALSE,TRUE
"2023-08","No Elegible","Vulnerabilidad Baja",1,1,1,1,1,1,1,1,"sotap",1,"low",-500,0,0,2,0,"EXCLUSION",TRUE,TRUE,FALSE,FALSE,FALSE,TRUE
"2023-07","No Elegible","Vulnerabilidad Elevada",2.070141643,1,2.578385269,1,1.776038647,2.823478261,2.580217391,1.043888889,"sotap",2,"average",0,17.46888676,32.85812825,3.43704192,49.83177383,"EXCLUSION",FALSE,TRUE,TRUE,TRUE,TRUE,TRUE
"2024-02","Elegible","Vulnerabilidad Baja",1,1,1,1,1,2.117608696,1.790108696,1,"foten",1,"low",NA,0,14.16503897,2.395343965,13.70919385,"INCLUSION",TRUE,TRUE,FALSE,FALSE,FALSE,TRUE
"2023-08","No Elegible","Vulnerabilidad Elevada",2.700708215,1,3.251728045,1,1,2.117608696,2.580217391,1.738466184,"fupal",1,"low",NA,24.2379543,27.07165714,3.477029709,51.21842005,"EXCLUSION",FALSE,FALSE,FALSE,FALSE,FALSE,TRUE
"2023-10","Lista de Reserva","Vulnerabilidad Elevada",1,1.525552408,1,1,1.776038647,2.823478261,2.580217391,1,"sotap",1,"low",NA,3.741369748,32.12448674,3.007954444,34.9524594,"EXCLUSION",TRUE,TRUE,FALSE,FALSE,FALSE,TRUE
"2024-01","Elegible","Vulnerabilidad Severa",2.700708215,1,2.578385269,1,1.776038647,2.823478261,2.580217391,1.738466184,"fupal",1,"low",0,20.97871872,42.19960637,3.802234322,62.4954157,"INCLUSION",TRUE,TRUE,FALSE,FALSE,FALSE,TRUE
"2023-07","No Elegible","Vulnerabilidad Baja",2.070141643,1,1,1,1,1,1.790108696,1.043888889,"sotap",4,"average",NA,6.702282231,6.061858428,2.368684842,12.78475014,"EXCLUSION",TRUE,TRUE,TRUE,FALSE,FALSE,TRUE
"2024-04","No Elegible","Vulnerabilidad Baja",1,1,1,1.564135978,1,1,1.790108696,1,"pcr_cdmx",4,"low",0,3.975239986,5.614422911,2.275024169,9.536912351,"EXCLUSION",TRUE,TRUE,FALSE,TRUE,TRUE,TRUE
"2023-08","Elegible","Vulnerabilidad Elevada",1,1,1,1,1.776038647,2.117608696,2.580217391,1.738466184,"sotap",4,"average",NA,0,36.78475459,3.0266566,35.6009844,"INCLUSION",FALSE,TRUE,FALSE,FALSE,TRUE,TRUE
"2024-06","No Elegible","Vulnerabilidad Baja",1,1,2.578385269,1,1.776038647,1,1.790108696,1,"sotap",2,"average",0,8.975915299,12.01413641,2.602488661,20.89227872,"EXCLUSION",TRUE,TRUE,TRUE,TRUE,TRUE,TRUE
"2024-06","No Elegible","Vulnerabilidad Baja",1,1,1,1,1.776038647,1,2.580217391,1.043888889,"sotap",3,"low",-500,0,17.15905947,2.478906597,16.60686378,"EXCLUSION",TRUE,TRUE,FALSE,FALSE,FALSE,TRUE
"2023-12","No Elegible","Vulnerabilidad Elevada",1.599560907,1,1,1,1.776038647,2.117608696,2.580217391,1.043888889,"sotap",1,"low",-500,4.186184624,28.09152966,2.908635566,31.50841638,"EXCLUSION",TRUE,TRUE,FALSE,FALSE,FALSE,TRUE
"2024-06","Lista de Reserva","Vulnerabilidad Baja",1,2.051104816,1,1,1.776038647,2.117608696,1,1,"fomon",1,"low",0,6.609317356,14.06650994,2.5893262,20.43584738,"EXCLUSION",TRUE,TRUE,FALSE,FALSE,FALSE,TRUE
"2024-01","No Elegible","Vulnerabilidad Baja",1,1,1,1,1.776038647,1,1.790108696,1,"sotap",5,"average",0,0,12.01413641,2.33531262,11.62750949,"EXCLUSION",TRUE,TRUE,FALSE,FALSE,FALSE,TRUE
"2023-06","No Elegible","Vulnerabilidad Elevada",2.070141643,1,1,1,1.776038647,2.823478261,1.790108696,1.043888889,"sotap",1,"low",NA,6.702282231,26.85846924,2.949114914,32.91210522,"EXCLUSION",FALSE,FALSE,FALSE,FALSE,FALSE,TRUE
"2023-11","Elegible","Vulnerabilidad Baja",1,1,1,1,1.776038647,1,2.580217391,1.043888889,"sotap",1,"low",NA,0,17.15905947,2.478906597,16.60686378,"INCLUSION",FALSE,TRUE,FALSE,FALSE,FALSE,TRUE
"2024-06","Lista de Reserva","Vulnerabilidad Baja",1,1,1,1,1,1.498900966,1,1,"sotap",1,"low",0,0,3.815111519,2.10647915,3.692337415,"EXCLUSION",TRUE,TRUE,FALSE,FALSE,FALSE,TRUE
"2024-06","No Elegible por Intenciones","Vulnerabilidad Moderada",2.070141643,1,1,1,1,2.117608696,2.580217391,1.043888889,"sotap",6,"average",NA,6.702282231,19.54126117,2.74489281,25.83037222,"EXCLUSION",TRUE,TRUE,FALSE,FALSE,FALSE,TRUE
"2024-05","Lista de Reserva","Vulnerabilidad Elevada",2.070141643,1,2.578385269,1,1.776038647,2.823478261,2.580217391,1.043888889,"sotap",3,"average",NA,17.46888676,32.85812825,3.43704192,49.83177383,"EXCLUSION",TRUE,TRUE,FALSE,FALSE,FALSE,TRUE
"2024-01","No Elegible por Duplicidad","Vulnerabilidad Baja",1,1,1,1,1.776038647,1,1.790108696,1,"pcr_cdmx",3,"low",0,0,12.01413641,2.33531262,11.62750949,"EXCLUSION",TRUE,TRUE,FALSE,FALSE,FALSE,TRUE
"2023-09","No Elegible","Vulnerabilidad Baja",1,1,1,1,1.776038647,1.498900966,1,1,"futij",1,"low",NA,0,9.93697889,2.277339487,9.617196972,"EXCLUSION",TRUE,TRUE,FALSE,FALSE,FALSE,TRUE
"2024-03","Elegible","Vulnerabilidad Elevada",2.070141643,1,2.578385269,1,1.776038647,2.823478261,2.580217391,1.043888889,"sotap",2,"low",-500,17.46888676,32.85812825,3.43704192,49.83177383,"INCLUSION",TRUE,TRUE,FALSE,FALSE,FALSE,TRUE
"2023-07","Lista de Reserva","Vulnerabilidad Elevada",2.700708215,1,1,1,1.776038647,2.823478261,1.790108696,1,"sotap",2,"complete",0,9.472088355,26.18890898,3.012873318,35.12303333,"EXCLUSION",TRUE,TRUE,TRUE,TRUE,TRUE,TRUE
"2024-05","No Elegible","Vulnerabilidad Elevada",1,1,2.578385269,1,1.776038647,2.823478261,2.580217391,1,"sotap",5,"high",NA,8.975915299,32.12448674,3.163765312,40.35545786,"EXCLUSION",TRUE,TRUE,FALSE,FALSE,TRUE,FALSE
"2023-11","Elegible","Vulnerabilidad Moderada",1,1,2.578385269,1,1.776038647,2.117608696,1.790108696,1,"fupal",1,"low",NA,8.975915299,21.88512181,2.877986279,30.44560593,"INCLUSION",TRUE,TRUE,FALSE,FALSE,FALSE,TRUE
"2024-02","No Elegible por Intenciones","Vulnerabilidad Moderada",1,1,2.578385269,1,1.776038647,1.498900966,1.790108696,1,"foten",1,"low",NA,8.975915299,17.10850297,2.744671614,25.82270347,"EXCLUSION",TRUE,TRUE,FALSE,FALSE,FALSE,TRUE
"2024-02","No Elegible","Vulnerabilidad Elevada",1,2.051104816,1,1,1.776038647,2.823478261,1.790108696,1,"sotap",2,"low",0,6.609317356,26.18890898,2.927660413,32.1681355,"EXCLUSION",TRUE,TRUE,FALSE,FALSE,FALSE,TRUE
"2024-04","Lista de Reserva","Vulnerabilidad Baja",1,1,2.578385269,1,1,1,1.790108696,1.043888889,"sotap",2,"average",NA,8.975915299,6.061858428,2.436361537,15.13155099,"EXCLUSION",TRUE,TRUE,FALSE,TRUE,TRUE,TRUE
"2024-06","No Elegible","Vulnerabilidad Elevada",2.700708215,1,3.251728045,1,1.776038647,2.117608696,2.580217391,1,"sotap",1,"low",NA,24.2379543,27.40879931,3.486439293,51.54471265,"EXCLUSION",TRUE,FALSE,FALSE,FALSE,FALSE,TRUE
"2024-04","Elegible","Vulnerabilidad Baja",1,1,1,1,1,1,1,1,"fupal",1,"low",NA,0,0,2,0,"INCLUSION",TRUE,FALSE,FALSE,FALSE,FALSE,TRUE
"2024-05","No Elegible","Vulnerabilidad Baja",1,1,1,1,1.776038647,2.117608696,1,1,"sotap",2,"low",0,0,14.06650994,2.392594036,13.61383558,"EXCLUSION",TRUE,TRUE,FALSE,FALSE,TRUE,TRUE
"2023-08","No Elegible por Intenciones","Vulnerabilidad Baja",1,1,1,1,1.776038647,2.117608696,1.790108696,1,"sotap",2,"low",0,0,21.88512181,2.610810239,21.18083671,"EXCLUSION",TRUE,TRUE,FALSE,FALSE,TRUE,TRUE
"2023-08","Lista de Reserva","Vulnerabilidad Baja",1,2.051104816,1,1,1,1.498900966,1,1,"sotap",1,"low",NA,6.609317356,3.815111519,2.303211315,10.51434921,"EXCLUSION",TRUE,TRUE,FALSE,FALSE,FALSE,TRUE
"2023-11","Elegible","Vulnerabilidad Moderada",1,1,2.578385269,1,1.776038647,1.498900966,2.580217391,1.043888889,"foten",1,"low",NA,8.975915299,22.80125306,2.903555356,31.33225516,"INCLUSION",TRUE,TRUE,FALSE,FALSE,FALSE,TRUE
"2024-02","No Elegible","Vulnerabilidad Elevada",1,1.525552408,2.578385269,1,1.776038647,2.117608696,2.580217391,1.043888889,"foten",2,"average",NA,13.7168894,28.09152966,3.192325406,41.34582876,"EXCLUSION",TRUE,TRUE,FALSE,TRUE,TRUE,TRUE
"2024-01","Elegible","Vulnerabilidad Elevada",1,1.525552408,2.578385269,1,1.776038647,2.823478261,2.580217391,1,"futij",3,"low",0,13.7168894,32.12448674,3.304884591,45.24900125,"INCLUSION",TRUE,TRUE,FALSE,FALSE,FALSE,TRUE
"2024-02","Elegible","Vulnerabilidad Baja",2.700708215,1,1,1,1.776038647,1,1,1,"sotap",4,"average",NA,9.472088355,5.532745347,2.436363105,15.1316057,"INCLUSION",FALSE,FALSE,FALSE,FALSE,FALSE,TRUE
"2023-09","No Elegible","Vulnerabilidad Baja",1,1,1,1,1,2.117608696,1.790108696,1,"pcr_cdmx",3,"average",0,0,14.16503897,2.395343965,13.70919385,"EXCLUSION",TRUE,TRUE,FALSE,FALSE,TRUE,TRUE
"2024-05","Elegible","Vulnerabilidad Baja",1,1,2.578385269,1,1,1,1,1.043888889,"sotap",1,"low",NA,8.975915299,0.386821499,2.277972167,9.639142426,"INCLUSION",TRUE,TRUE,TRUE,FALSE,FALSE,TRUE
"2024-03","No Elegible","Vulnerabilidad Moderada",1,1.525552408,1,1,1.776038647,2.823478261,2.580217391,1,"foten",1,"low",NA,3.741369748,32.12448674,3.007954444,34.9524594,"EXCLUSION",TRUE,TRUE,FALSE,FALSE,FALSE,TRUE
"2023-10","No Elegible","Vulnerabilidad Baja",1,1,1,1,1,1,1,1,"fupal",1,"low",0,0,0,2,0,"EXCLUSION",TRUE,TRUE,FALSE,FALSE,FALSE,TRUE
"2023-08","No Elegible","Vulnerabilidad Baja",1.599560907,1.525552408,1,1,1.776038647,1.498900966,1,1.043888889,"sotap",1,"low",-500,8.393749546,10.43108127,2.540977168,18.75926744,"EXCLUSION",TRUE,TRUE,FALSE,FALSE,FALSE,FALSE
"2023-12","Lista de Reserva","Vulnerabilidad Baja",1,1,1,1,1,1,1,1,"sotap",1,"low",0,0,0,2,0,"EXCLUSION",TRUE,TRUE,FALSE,FALSE,FALSE,TRUE
"2023-10","Elegible","Vulnerabilidad Baja",1,1,1,1,1,2.117608696,1.790108696,1,"sotap",1,"low",NA,0,14.16503897,2.395343965,13.70919385,"INCLUSION",TRUE,TRUE,FALSE,FALSE,FALSE,TRUE
"2024-04","No Elegible","Vulnerabilidad Moderada",1,1,1,1,1.776038647,2.823478261,1.790108696,1,"sotap",1,"low",0,0,26.18890898,2.730928248,25.3461237,"EXCLUSION",TRUE,TRUE,FALSE,FALSE,FALSE,TRUE
"2024-05","No Elegible","Vulnerabilidad Moderada",1,1,2.578385269,1,1.776038647,2.117608696,1.790108696,1,"sotap",1,"low",NA,8.975915299,21.88512181,2.877986279,30.44560593,"EXCLUSION",FALSE,TRUE,FALSE,FALSE,FALSE,TRUE
"2023-10","Lista de Reserva","Vulnerabilidad Baja",1,1,2.578385269,1,1,1,1,1,"pcr_cdmx",1,"low",0,8.975915299,0,2.267176041,9.264769229,"EXCLUSION",TRUE,TRUE,FALSE,FALSE,FALSE,TRUE
"2023-11","No Elegible","Vulnerabilidad Moderada",2.700708215,1,2.578385269,1,1,1,1.790108696,1.043888889,"sotap",1,"low",0,20.97871872,6.061858428,2.793635574,27.52061663,"EXCLUSION",TRUE,TRUE,FALSE,FALSE,FALSE,TRUE
"2024-01","Elegible","Vulnerabilidad Baja",1,1,1,1,1.776038647,2.117608696,1.790108696,1,"pcr_cdmx",2,"low",0,0,21.88512181,2.610810239,21.18083671,"INCLUSION",TRUE,TRUE,FALSE,FALSE,TRUE,TRUE
"2024-03","Elegible","Vulnerabilidad Elevada",1,1,2.578385269,1,1.776038647,2.117608696,2.580217391,1.738466184,"sotap",2,"complete",0,8.975915299,36.78475459,3.29383264,44.86575363,"INCLUSION",TRUE,TRUE,FALSE,TRUE,TRUE,TRUE
"2024-02","No Elegible","Vulnerabilidad Elevada",1,1,2.578385269,1,1.776038647,2.117608696,2.580217391,1.738466184,"sotap",4,"average",NA,8.975915299,36.78475459,3.29383264,44.86575363,"EXCLUSION",TRUE,FALSE,FALSE,FALSE,FALSE,TRUE
"2024-02","Lista de Reserva","Vulnerabilidad Baja",1,1,2.578385269,1,1,1.498900966,1,1,"sotap",1,"low",NA,8.975915299,3.815111519,2.373655191,12.95710664,"EXCLUSION",TRUE,FALSE,FALSE,FALSE,FALSE,TRUE
"2023-12","Elegible","Vulnerabilidad Baja",1,1,1,1,1,1.498900966,1.790108696,1,"sotap",4,"average",0,0,10.02735341,2.279861825,9.70466315,"INCLUSION",TRUE,TRUE,TRUE,TRUE,TRUE,TRUE
"2024-02","Elegible","Vulnerabilidad Moderada",1,1,1,1,1.776038647,2.823478261,1.790108696,1,"sotap",4,"average",0,0,26.18890898,2.730928248,25.3461237,"INCLUSION",TRUE,TRUE,FALSE,FALSE,FALSE,TRUE
"2024-05","No Elegible","Vulnerabilidad Moderada",1,1.525552408,1,1,1.776038647,2.117608696,1.790108696,1.043888889,"foten",1,"low",0,3.741369748,22.50821784,2.739565922,25.64565165,"EXCLUSION",TRUE,TRUE,FALSE,FALSE,FALSE,TRUE
"2024-07","No Elegible","Vulnerabilidad Moderada",1,1,2.578385269,1,1.776038647,2.823478261,1.790108696,1,"foten",2,"average",NA,8.975915299,26.18890898,2.998104289,34.61089293,"EXCLUSION",TRUE,TRUE,FALSE,TRUE,TRUE,TRUE
"2023-12","No Elegible","Vulnerabilidad Baja",1,1,2.578385269,1,1,1,1,1,"sotap",1,"low",NA,8.975915299,0,2.267176041,9.264769229,"EXCLUSION",TRUE,FALSE,FALSE,FALSE,FALSE,TRUE
"2024-04","No Elegible","Vulnerabilidad Baja",1,1,2.578385269,1,1.776038647,1.498900966,1,1,"fupal",1,"low",0,8.975915299,9.93697889,2.544515527,18.8819662,"EXCLUSION",TRUE,TRUE,FALSE,FALSE,FALSE,TRUE
"2024-05","No Elegible","Vulnerabilidad Baja",1,1,1,1,1,2.117608696,1,1,"sotap",1,"low",NA,0,7.392265486,2.206316944,7.15437499,"EXCLUSION",TRUE,TRUE,FALSE,FALSE,FALSE,TRUE
"2024-02","Elegible","Vulnerabilidad Elevada",1.599560907,1,2.578385269,1,1.776038647,2.823478261,2.580217391,1.043888889,"sotap",3,"low",0,14.28054816,32.85812825,3.342138208,46.54083131,"INCLUSION",TRUE,FALSE,FALSE,FALSE,FALSE,TRUE
"2023-10","No Elegible","Vulnerabilidad Moderada",1,1,1,1,1.776038647,2.823478261,1.790108696,1,"sotap",3,"average",NA,0,26.18890898,2.730928248,25.3461237,"EXCLUSION",TRUE,TRUE,FALSE,FALSE,FALSE,TRUE
"2023-06","No Elegible","Vulnerabilidad Baja",1,1,1,1,1.776038647,2.117608696,1.790108696,1,"sotap",2,"average",0,0,21.88512181,2.610810239,21.18083671,"EXCLUSION",TRUE,TRUE,FALSE,TRUE,TRUE,TRUE
"2024-04","Lista de Reserva","Vulnerabilidad Elevada",2.700708215,1.525552408,2.578385269,1,1,2.117608696,1.790108696,1.043888889,"pcr_cdmx",4,"average",0,27.05638709,14.70478802,3.215765515,42.15866192,"EXCLUSION",TRUE,TRUE,FALSE,FALSE,FALSE,TRUE
"2023-07","Lista de Reserva","Vulnerabilidad Elevada",1,1,1,1,1.776038647,2.823478261,2.580217391,1.043888889,"sotap",4,"average",0,0,32.85812825,2.917065088,31.80072082,"EXCLUSION",TRUE,TRUE,FALSE,TRUE,TRUE,TRUE
"2023-12","Lista de Reserva","Vulnerabilidad Baja",1,1,1,1,1.776038647,1,1.790108696,1,"fupal",1,"low",NA,0,12.01413641,2.33531262,11.62750949,"EXCLUSION",TRUE,TRUE,FALSE,FALSE,FALSE,TRUE
"2024-07","No Elegible","Vulnerabilidad Elevada",2.070141643,1,1,1,1.776038647,2.117608696,2.580217391,1.043888889,"sotap",2,"average",-500,6.702282231,28.09152966,2.983529432,34.10548452,"EXCLUSION",TRUE,TRUE,FALSE,TRUE,TRUE,TRUE
"2024-01","Elegible","Vulnerabilidad Elevada",2.070141643,1,2.578385269,1,1.776038647,2.117608696,1.790108696,1.043888889,"sotap",8,"average",NA,17.46888676,22.50821784,3.148177581,39.81493389,"INCLUSION",TRUE,TRUE,FALSE,FALSE,FALSE,TRUE
"2023-12","No Elegible","Vulnerabilidad Moderada",1,2.051104816,2.578385269,1,1.776038647,1,1.790108696,1,"sotap",2,"average",0,17.3510839,12.01413641,2.851782945,29.53696862,"EXCLUSION",FALSE,TRUE,FALSE,FALSE,FALSE,TRUE
"2023-11","Elegible","Vulnerabilidad Baja",1,1,1,1,1.776038647,2.117608696,1.790108696,1,"sotap",2,"average",0,0,21.88512181,2.610810239,21.18083671,"INCLUSION",TRUE,TRUE,FALSE,TRUE,TRUE,TRUE
"2024-01","No Elegible","Vulnerabilidad Moderada",2.070141643,1,1,1,1.776038647,2.117608696,1.790108696,1,"sotap",1,"low",0,6.702282231,21.88512181,2.810309585,28.09880508,"EXCLUSION",TRUE,TRUE,FALSE,FALSE,FALSE,TRUE
"2024-04","Elegible","Vulnerabilidad Moderada",1,1.525552408,1,1,1.776038647,2.823478261,1.790108696,1,"pcr_cdmx",2,"average",NA,3.741369748,26.18890898,2.842293421,29.20789447,"INCLUSION",TRUE,FALSE,FALSE,FALSE,TRUE,TRUE
"2024-04","No Elegible","Vulnerabilidad Baja",1,1,1,1,1,2.117608696,1,1,"sotap",1,"low",0,0,7.392265486,2.206316944,7.15437499,"EXCLUSION",FALSE,TRUE,FALSE,FALSE,FALSE,TRUE
"2023-12","No Elegible","Vulnerabilidad Severa",2.700708215,1,3.251728045,1,1.776038647,1.498900966,1.790108696,2.544987923,"sotap",4,"average",0,24.2379543,31.0340229,3.587618702,55.05327292,"EXCLUSION",FALSE,TRUE,FALSE,TRUE,TRUE,TRUE
"2023-07","No Elegible","Vulnerabilidad Moderada",1,1,1,1,1.776038647,2.823478261,2.580217391,1,"foten",1,"low",0,0,32.12448674,2.896589272,31.09068863,"EXCLUSION",TRUE,TRUE,TRUE,FALSE,FALSE,TRUE
"2024-03","No Elegible","Vulnerabilidad Elevada",1,1,2.578385269,1,1.776038647,2.823478261,1.790108696,1,"sotap",3,"complete",NA,8.975915299,26.18890898,2.998104289,34.61089293,"EXCLUSION",TRUE,TRUE,FALSE,TRUE,TRUE,TRUE
"2024-01","Lista de Reserva","Vulnerabilidad Elevada",2.700708215,2.051104816,3.251728045,1,1,1.498900966,1,1,"sotap",3,"average",0,35.61565687,3.815111519,3.16661061,40.45414174,"EXCLUSION",FALSE,TRUE,FALSE,FALSE,TRUE,TRUE
"2023-10","Lista de Reserva","Vulnerabilidad Baja",1,1,1,1.564135978,1,1,1,1,"sotap",1,"low",NA,3.975239986,0,2.118326527,4.103167184,"EXCLUSION",TRUE,TRUE,FALSE,FALSE,FALSE,TRUE
"2024-03","No Elegible","Vulnerabilidad Baja",1,1,1,1,1,1,1,1,"sotap",1,"low",0,0,0,2,0,"EXCLUSION",TRUE,TRUE,FALSE,FALSE,FALSE,TRUE
"2023-10","Elegible","Vulnerabilidad Moderada",1,1,1,1,1.776038647,2.823478261,1.790108696,1,"sotap",1,"low",0,0,26.18890898,2.730928248,25.3461237,"INCLUSION",TRUE,TRUE,FALSE,FALSE,FALSE,TRUE
"2023-12","Lista de Reserva","Vulnerabilidad Baja",1,1,1,1,1.776038647,1.498900966,1.790108696,1,"pcr_cdmx",2,"average",NA,0,17.10850297,2.477495573,16.55793424,"EXCLUSION",TRUE,TRUE,FALSE,TRUE,FALSE,TRUE
"2023-10","No Elegible","Vulnerabilidad Elevada",2.700708215,1,1.249197356,1,1.776038647,2.823478261,1.790108696,1.043888889,"sotap",3,"average",0,11.93561888,26.85846924,3.104889798,38.31385587,"EXCLUSION",TRUE,TRUE,FALSE,TRUE,TRUE,TRUE
"2023-06","No Elegible","Vulnerabilidad Elevada",2.700708215,2.051104816,1,1,1.776038647,2.823478261,1.790108696,1,"sotap",1,"low",0,17.94487015,26.18890898,3.265073146,43.86847772,"EXCLUSION",TRUE,FALSE,FALSE,FALSE,FALSE,TRUE
"2023-12","Lista de Reserva","Vulnerabilidad Severa",2.700708215,1,2.578385269,1,1.776038647,2.823478261,2.580217391,1.043888889,"sotap",2,"average",0,20.97871872,32.85812825,3.541515166,53.45455569,"EXCLUSION",TRUE,TRUE,FALSE,TRUE,TRUE,TRUE
"2023-07","Lista de Reserva","Vulnerabilidad Moderada",2.700708215,1,1,1,1,1,1.790108696,2.544987923,"sotap",1,"low",-500,9.472088355,16.51639539,2.742915015,25.7617909,"EXCLUSION",TRUE,FALSE,FALSE,FALSE,FALSE,TRUE
"2023-08","Elegible","Vulnerabilidad Elevada",2.070141643,1,3.251728045,1,1.776038647,1.498900966,1,1.043888889,"sotap",3,"average",0,20.51851115,10.43108127,2.901881398,31.274216,"INCLUSION",FALSE,TRUE,FALSE,FALSE,FALSE,TRUE
"2023-08","Elegible","Vulnerabilidad Moderada",1,1,1.249197356,1,1.776038647,2.117608696,2.580217391,1.043888889,"fomon",4,"average",NA,1.921713018,28.09152966,2.841231571,29.17107181,"INCLUSION",TRUE,FALSE,FALSE,FALSE,FALSE,TRUE
"2023-07","No Elegible","Vulnerabilidad Moderada",2.700708215,1,1.249197356,1,1.776038647,1,2.580217391,1,"sotap",1,"low",-500,11.93561888,16.59309681,2.8183849,28.37883339,"EXCLUSION",TRUE,TRUE,FALSE,FALSE,FALSE,TRUE
"2024-02","No Elegible por Intenciones","Vulnerabilidad Elevada",1,1,2.578385269,1,1.776038647,2.823478261,2.580217391,1,"sotap",1,"low",0,8.975915299,32.12448674,3.163765312,40.35545786,"EXCLUSION",TRUE,TRUE,FALSE,FALSE,FALSE,TRUE
"2024-06","Lista de Reserva","Vulnerabilidad Baja",1,1.525552408,1,1,1.776038647,1,2.580217391,1.043888889,"futij",1,"low",NA,3.741369748,17.15905947,2.59027177,20.46863455,"EXCLUSION",TRUE,TRUE,FALSE,FALSE,FALSE,TRUE
"2023-07","No Elegible","Vulnerabilidad Baja",1,1,1,1,1.776038647,1,2.580217391,1.043888889,"sotap",1,"low",0,0,17.15905947,2.478906597,16.60686378,"EXCLUSION",TRUE,TRUE,FALSE,FALSE,FALSE,TRUE
"2024-04","No Elegible","Vulnerabilidad Baja",1,1,2.578385269,1,1.776038647,1.498900966,1,1,"sotap",3,"average",0,8.975915299,9.93697889,2.544515527,18.8819662,"EXCLUSION",TRUE,TRUE,FALSE,TRUE,TRUE,TRUE
"2024-04","No Elegible por Duplicidad","Vulnerabilidad Elevada",1,2.051104816,2.578385269,1,1.776038647,2.823478261,1.790108696,1,"foten",1,"low",NA,17.3510839,26.18890898,3.247398574,43.25558283,"EXCLUSION",TRUE,TRUE,FALSE,FALSE,FALSE,TRUE
"2024-03","No Elegible","Vulnerabilidad Moderada",1.599560907,1,1,1,1.776038647,2.823478261,2.580217391,1.043888889,"fupal",1,"low",0,4.186184624,32.85812825,3.041670568,36.12162106,"EXCLUSION",TRUE,TRUE,FALSE,FALSE,FALSE,TRUE
"2023-11","No Elegible","Vulnerabilidad Baja",1,1,1,1,1.776038647,1.498900966,1.790108696,1,"sotap",1,"low",0,0,17.10850297,2.477495573,16.55793424,"EXCLUSION",TRUE,TRUE,FALSE,FALSE,FALSE,TRUE
"2023-08","No Elegible","Vulnerabilidad Baja",1,1,1,1,1.776038647,1.498900966,2.580217391,1,"sotap",1,"low",0,0,22.17502718,2.618901451,21.46141263,"EXCLUSION",TRUE,TRUE,FALSE,FALSE,FALSE,TRUE
"2023-07","Lista de Reserva","Vulnerabilidad Elevada",1,1,3.251728045,1,1.776038647,2.117608696,1.790108696,1,"fupal",1,"low",NA,11.51832969,21.88512181,2.953663487,33.06983776,"EXCLUSION",TRUE,TRUE,FALSE,FALSE,FALSE,TRUE
"2023-08","No Elegible","Vulnerabilidad Elevada",1,1,2.578385269,1,1.776038647,2.823478261,2.580217391,1.043888889,"sotap",1,"low",0,8.975915299,32.85812825,3.184241129,41.06549005,"EXCLUSION",TRUE,TRUE,FALSE,FALSE,FALSE,TRUE
"2024-02","Elegible","Vulnerabilidad Elevada",1,2.051104816,1,1,1.776038647,2.823478261,1.790108696,1,"sotap",2,"average",0,6.609317356,26.18890898,2.927660413,32.1681355,"INCLUSION",TRUE,TRUE,FALSE,TRUE,TRUE,TRUE
"2023-08","Lista de Reserva","Vulnerabilidad Baja",1,1,1,1,1,1,1,1,"sotap",1,"low",0,0,0,2,0,"EXCLUSION",TRUE,TRUE,FALSE,FALSE,FALSE,TRUE
"2023-09","No Elegible","Vulnerabilidad Baja",1,1,1,1,1.776038647,2.117608696,1,1,"sotap",1,"low",NA,0,14.06650994,2.392594036,13.61383558,"EXCLUSION",TRUE,FALSE,FALSE,FALSE,FALSE,TRUE
"2024-05","No Elegible","Vulnerabilidad Baja",1,1,1,1,1,1.498900966,1,1,"sotap",4,"average",0,0,3.815111519,2.10647915,3.692337415,"EXCLUSION",TRUE,TRUE,FALSE,FALSE,FALSE,TRUE
"2024-05","No Elegible","Vulnerabilidad Baja",2.070141643,1,1,1,1,1,2.580217391,1,"sotap",3,"low",0,6.702282231,9.580889352,2.466900431,16.19053513,"EXCLUSION",TRUE,TRUE,FALSE,FALSE,FALSE,TRUE
"2024-05","No Elegible","Vulnerabilidad Baja",1,1,1,1,1,1.498900966,1.790108696,1,"sotap",3,"low",0,0,10.02735341,2.279861825,9.70466315,"EXCLUSION",TRUE,TRUE,FALSE,FALSE,TRUE,TRUE
"2023-11","Elegible","Vulnerabilidad Elevada",1,1,2.578385269,1,1.776038647,2.823478261,2.580217391,1,"sotap",1,"low",0,8.975915299,32.12448674,3.163765312,40.35545786,"INCLUSION",TRUE,TRUE,FALSE,FALSE,FALSE,TRUE
"2024-01","Lista de Reserva","Vulnerabilidad Elevada",2.070141643,1,1,1,1.776038647,2.117608696,2.580217391,1.043888889,"foten",3,"average",NA,6.702282231,28.09152966,2.983529432,34.10548452,"EXCLUSION",TRUE,TRUE,FALSE,TRUE,TRUE,TRUE
"2024-05","No Elegible","Vulnerabilidad Baja",1,1,1,1,1,1,1,1,"sotap",3,"low",0,0,0,2,0,"EXCLUSION",TRUE,TRUE,FALSE,FALSE,FALSE,TRUE
"2024-03","Lista de Reserva","Vulnerabilidad Baja",1,1,1,1,1.776038647,2.117608696,1.790108696,1,"sotap",1,"low",0,0,21.88512181,2.610810239,21.18083671,"EXCLUSION",TRUE,TRUE,FALSE,FALSE,FALSE,TRUE
"2023-09","No Elegible","Vulnerabilidad Baja",1,1,2.578385269,1,1,1.498900966,1,1,"sotap",1,"low",0,8.975915299,3.815111519,2.373655191,12.95710664,"EXCLUSION",TRUE,TRUE,FALSE,FALSE,FALSE,TRUE
"2023-10","No Elegible por Intenciones","Vulnerabilidad Elevada",1,1,1,1,1.776038647,2.117608696,2.580217391,1.738466184,"sotap",2,"average",0,0,36.78475459,3.0266566,35.6009844,"EXCLUSION",TRUE,TRUE,FALSE,TRUE,TRUE,TRUE
"2023-12","Elegible","Vulnerabilidad Severa",2.700708215,1.525552408,3.251728045,1,1.776038647,2.117608696,1.790108696,1,"sotap",4,"average",0,30.67858802,21.88512181,3.523985487,52.84669237,"INCLUSION",TRUE,TRUE,FALSE,FALSE,TRUE,TRUE
"2024-04","No Elegible","Vulnerabilidad Elevada",1,1,1,1,1.776038647,2.117608696,2.580217391,1.738466184,"pcr_cdmx",1,"low",NA,0,36.78475459,3.0266566,35.6009844,"EXCLUSION",TRUE,FALSE,FALSE,FALSE,FALSE,TRUE
"2023-11","No Elegible por Intenciones","Vulnerabilidad Baja",1,1,2.578385269,1,1.776038647,1,1.790108696,1.043888889,"pcr_cdmx",1,"low",0,8.975915299,12.53066404,2.616904864,21.39218397,"EXCLUSION",TRUE,TRUE,FALSE,FALSE,FALSE,TRUE
"2024-03","Lista de Reserva","Vulnerabilidad Baja",1,1,1,1,1.776038647,1,2.580217391,1.043888889,"pcr_cdmx",1,"low",0,0,17.15905947,2.478906597,16.60686378,"EXCLUSION",TRUE,TRUE,FALSE,FALSE,FALSE,TRUE
"2024-02","No Elegible","Vulnerabilidad Elevada",2.070141643,1,1,1,1.776038647,2.823478261,2.580217391,1.043888889,"sotap",7,"average",NA,6.702282231,32.85812825,3.116564434,38.7186892,"EXCLUSION",TRUE,TRUE,FALSE,FALSE,TRUE,FALSE
"2023-06","No Elegible","Vulnerabilidad Moderada",1,1,1,1,1.776038647,2.117608696,2.580217391,1.043888889,"sotap",2,"average",NA,0,28.09152966,2.784030087,27.18751614,"EXCLUSION",TRUE,TRUE,FALSE,FALSE,TRUE,TRUE
"2023-11","Elegible","Vulnerabilidad Moderada",2.070141643,1,1,1,1.776038647,2.117608696,1.790108696,1.043888889,"foten",1,"low",0,6.702282231,22.50821784,2.827700095,28.70184926,"INCLUSION",TRUE,TRUE,FALSE,FALSE,FALSE,TRUE
"2024-02","No Elegible","Vulnerabilidad Elevada",1,1,2.578385269,1,1.776038647,2.823478261,1.790108696,1.043888889,"sotap",1,"low",0,8.975915299,26.85846924,3.016791609,35.25890607,"EXCLUSION",TRUE,FALSE,FALSE,FALSE,FALSE,TRUE
"2023-08","Elegible","Vulnerabilidad Elevada",2.700708215,1,2.578385269,1,1.776038647,2.823478261,1.790108696,1,"sotap",4,"average",0,20.97871872,26.18890898,3.355378326,46.99995857,"INCLUSION",TRUE,TRUE,TRUE,FALSE,FALSE,TRUE
"2024-06","Lista de Reserva","Vulnerabilidad Moderada",2.700708215,1,2.578385269,1,1,2.117608696,1,1.043888889,"sotap",1,"low",NA,20.97871872,7.858894815,2.843790571,29.25982259,"EXCLUSION",TRUE,TRUE,FALSE,FALSE,FALSE,TRUE
"2023-11","Elegible","Vulnerabilidad Baja",1,1.525552408,1,1,1.776038647,1,1,1,"pcr_cdmx",1,"low",0,3.741369748,5.532745347,2.265783208,9.216466837,"INCLUSION",TRUE,TRUE,FALSE,FALSE,FALSE,TRUE
"2024-02","No Elegible","Vulnerabilidad Elevada",1,1,3.251728045,1,1.776038647,2.823478261,2.580217391,1,"sotap",3,"average",0,11.51832969,32.12448674,3.23944252,42.97968969,"EXCLUSION",TRUE,TRUE,TRUE,FALSE,TRUE,TRUE
"2024-04","No Elegible","Vulnerabilidad Baja",1.599560907,1,1,1,1,1,1.790108696,1.043888889,"sotap",1,"low",NA,4.186184624,6.061858428,2.293790976,10.18768199,"EXCLUSION",TRUE,TRUE,FALSE,FALSE,FALSE,TRUE
"2024-05","Lista de Reserva","Vulnerabilidad Elevada",1,1,1,1,1.776038647,2.823478261,2.580217391,1.043888889,"sotap",4,"complete",NA,0,32.85812825,2.917065088,31.80072082,"EXCLUSION",TRUE,TRUE,FALSE,TRUE,TRUE,TRUE
"2023-09","No Elegible","Vulnerabilidad Baja",1,1,2.578385269,1,1,1.498900966,1,1,"pcr_cdmx",1,"low",0,8.975915299,3.815111519,2.373655191,12.95710664,"EXCLUSION",TRUE,FALSE,FALSE,FALSE,FALSE,TRUE
"2023-08","No Elegible","Vulnerabilidad Moderada",1,1,1,1,1.776038647,2.823478261,1.790108696,1.043888889,"sotap",1,"low",NA,0,26.85846924,2.749615568,25.99413684,"EXCLUSION",TRUE,TRUE,FALSE,FALSE,FALSE,TRUE
"2023-09","No Elegible","Vulnerabilidad Moderada",2.700708215,1,1.249197356,1,1,2.117608696,2.580217391,1,"sotap",1,"low",-500,11.93561888,18.94985465,2.884161633,30.65974841,"EXCLUSION",TRUE,TRUE,FALSE,FALSE,FALSE,TRUE
"2024-05","No Elegible","Vulnerabilidad Severa",2.700708215,2.051104816,3.251728045,1,1.776038647,2.823478261,2.580217391,1.043888889,"sotap",4,"complete",NA,35.61565687,32.85812825,3.977196548,68.56252515,"EXCLUSION",FALSE,TRUE,FALSE,TRUE,FALSE,TRUE
"2024-06","No Elegible","Vulnerabilidad Elevada",1,1,2.578385269,1.564135978,1.776038647,2.117608696,1.790108696,1.043888889,"sotap",1,"low",-500,14.01324416,22.50821784,3.045317329,36.24808525,"EXCLUSION",TRUE,TRUE,FALSE,FALSE,FALSE,TRUE
"2023-10","Elegible","Vulnerabilidad Elevada",1,1,1,1,1.776038647,2.823478261,2.580217391,1.043888889,"pcr_cdmx",2,"average",-500,0,32.85812825,2.917065088,31.80072082,"INCLUSION",TRUE,TRUE,FALSE,FALSE,FALSE,TRUE
"2024-03","No Elegible","Vulnerabilidad Moderada",2.700708215,1,2.578385269,1,1,1,1.790108696,1,"sotap",2,"average",0,20.97871872,5.614422911,2.78114772,27.08758003,"EXCLUSION",FALSE,FALSE,FALSE,FALSE,TRUE,TRUE
"2023-11","Elegible","Vulnerabilidad Moderada",1,1,1,1,1.776038647,2.823478261,1.790108696,1,"sotap",1,"low",0,0,26.18890898,2.730928248,25.3461237,"INCLUSION",TRUE,TRUE,FALSE,FALSE,FALSE,TRUE
"2023-06","No Elegible","Vulnerabilidad Severa",2.700708215,1,2.578385269,1,1.776038647,2.823478261,2.580217391,1,"sotap",2,"low",0,20.97871872,32.12448674,3.521039349,52.7445235,"EXCLUSION",FALSE,FALSE,FALSE,FALSE,FALSE,TRUE
"2023-11","Elegible","Vulnerabilidad Moderada",1,1.525552408,1,1,1.776038647,2.823478261,1.790108696,1,"sotap",5,"low",NA,3.741369748,26.18890898,2.842293421,29.20789447,"INCLUSION",TRUE,TRUE,FALSE,FALSE,FALSE,TRUE
"2024-02","No Elegible","Vulnerabilidad Severa",2.700708215,1,2.578385269,1,1.776038647,2.823478261,2.580217391,1.738466184,"sotap",3,"complete",-500,20.97871872,42.19960637,3.802234322,62.4954157,"EXCLUSION",TRUE,TRUE,FALSE,TRUE,TRUE,TRUE
"2024-03","No Elegible","Vulnerabilidad Moderada",1,1,1,1,1.776038647,2.823478261,2.580217391,1,"sotap",7,"low",NA,0,32.12448674,2.896589272,31.09068863,"EXCLUSION",TRUE,FALSE,FALSE,FALSE,FALSE,TRUE
"2023-10","No Elegible","Vulnerabilidad Elevada",1,1,2.578385269,1,1.776038647,2.117608696,2.580217391,1.043888889,"sotap",5,"high",NA,8.975915299,28.09152966,3.051206127,36.45228537,"EXCLUSION",TRUE,TRUE,FALSE,FALSE,FALSE,TRUE
"2024-05","Lista de Reserva","Vulnerabilidad Baja",1.599560907,1,1,1,1,1,1.790108696,1.043888889,"fupal",1,"low",0,4.186184624,6.061858428,2.293790976,10.18768199,"EXCLUSION",TRUE,TRUE,FALSE,FALSE,FALSE,TRUE
"2023-06","No Elegible","Vulnerabilidad Moderada",1.599560907,1,1,1,1.776038647,2.823478261,1.790108696,1.043888889,"sotap",1,"low",0,4.186184624,26.85846924,2.874221048,30.31503707,"EXCLUSION",TRUE,TRUE,FALSE,FALSE,FALSE,TRUE
"2023-12","Lista de Reserva","Vulnerabilidad Baja",1,1,1,1,1.776038647,2.117608696,1.790108696,1.043888889,"sotap",1,"low",NA,0,22.50821784,2.628200749,21.78388088,"EXCLUSION",TRUE,TRUE,FALSE,FALSE,FALSE,TRUE
"2023-11","No Elegible","Vulnerabilidad Moderada",2.700708215,1,2.578385269,1,1.776038647,1,1,1,"sotap",1,"low",-500,20.97871872,5.532745347,2.778868113,27.00853094,"EXCLUSION",TRUE,TRUE,FALSE,FALSE,FALSE,TRUE
"2023-07","No Elegible","Vulnerabilidad Elevada",2.700708215,2.051104816,1.249197356,1,1.776038647,2.117608696,1,1.043888889,"sotap",2,"complete",-500,20.89305637,14.60519526,3.029528919,35.70060129,"EXCLUSION",TRUE,TRUE,FALSE,TRUE,TRUE,TRUE
"2023-08","No Elegible","Vulnerabilidad Elevada",2.070141643,1,1,1,1.776038647,2.823478261,2.580217391,1.043888889,"foten",2,"average",0,6.702282231,32.85812825,3.116564434,38.7186892,"EXCLUSION",TRUE,TRUE,FALSE,FALSE,FALSE,TRUE
"2024-06","No Elegible","Vulnerabilidad Baja",2.070141643,1,2.578385269,1,1,1,1,1.043888889,"sotap",1,"low",NA,17.46888676,0.386821499,2.530772958,18.4054262,"EXCLUSION",TRUE,TRUE,FALSE,FALSE,FALSE,TRUE
"2023-09","No Elegible","Vulnerabilidad Baja",1,1,1,1,1,2.117608696,1.790108696,1,"fomon",1,"low",0,0,14.16503897,2.395343965,13.70919385,"EXCLUSION",FALSE,TRUE,FALSE,FALSE,FALSE,TRUE
"2023-09","Lista de Reserva","Vulnerabilidad Baja",1,1,1,1,1.776038647,1,1.790108696,1,"fomon",1,"low",NA,0,12.01413641,2.33531262,11.62750949,"EXCLUSION",TRUE,FALSE,FALSE,FALSE,FALSE,TRUE
"2024-05","No Elegible","Vulnerabilidad Severa",2.700708215,2.051104816,2.578385269,1,1.776038647,2.823478261,2.580217391,1,"sotap",2,"complete",NA,31.71522481,32.12448674,3.840620929,63.82654109,"EXCLUSION",TRUE,TRUE,FALSE,TRUE,TRUE,TRUE
"2024-05","No Elegible","Vulnerabilidad Elevada",2.700708215,1,2.578385269,1,1.776038647,2.823478261,1.790108696,1,"sotap",1,"low",NA,20.97871872,26.18890898,3.355378326,46.99995857,"EXCLUSION",TRUE,TRUE,FALSE,FALSE,FALSE,TRUE
"2023-08","No Elegible","Vulnerabilidad Elevada",1,1,2.578385269,1,1.776038647,2.117608696,2.580217391,1.043888889,"sotap",3,"average",NA,8.975915299,28.09152966,3.051206127,36.45228537,"EXCLUSION",TRUE,TRUE,FALSE,FALSE,FALSE,TRUE
"2024-03","No Elegible","Vulnerabilidad Baja",1,1,1,1,1,1.498900966,1.790108696,1,"sotap",4,"average",NA,0,10.02735341,2.279861825,9.70466315,"EXCLUSION",TRUE,TRUE,FALSE,FALSE,FALSE,TRUE
"2023-10","Elegible","Vulnerabilidad Baja",1,1,1,1,1.776038647,1,2.580217391,1,"pcr_cdmx",2,"average",0,0,16.59309681,2.46311067,16.05911436,"INCLUSION",TRUE,TRUE,FALSE,FALSE,FALSE,TRUE
"2024-04","No Elegible","Vulnerabilidad Baja",2.070141643,1,1,1,1,1.498900966,1.790108696,1.043888889,"sotap",1,"low",0,6.702282231,10.52243148,2.49317872,17.10177749,"EXCLUSION",TRUE,TRUE,FALSE,FALSE,FALSE,TRUE
"2023-11","Elegible","Vulnerabilidad Moderada",1,1,2.578385269,1,1.776038647,2.117608696,1.790108696,1.043888889,"sotap",6,"average",0,8.975915299,22.50821784,2.89537679,31.04865011,"INCLUSION",TRUE,TRUE,TRUE,FALSE,FALSE,TRUE
"2024-02","Elegible","Vulnerabilidad Baja",1,1.525552408,2.578385269,1,1.776038647,1,1,1.043888889,"sotap",1,"low",NA,13.7168894,5.979299062,2.575176597,19.94519186,"INCLUSION",TRUE,TRUE,FALSE,FALSE,FALSE,TRUE
"2023-08","No Elegible","Vulnerabilidad Elevada",2.070141643,1,1,1,1.776038647,2.117608696,2.580217391,1.043888889,"sotap",1,"low",NA,6.702282231,28.09152966,2.983529432,34.10548452,"EXCLUSION",TRUE,TRUE,FALSE,FALSE,FALSE,TRUE
"2024-03","No Elegible","Vulnerabilidad Elevada",1.599560907,1,1,1,1.776038647,2.823478261,2.580217391,1,"sotap",2,"complete",NA,4.186184624,32.12448674,3.021194752,35.41158886,"EXCLUSION",TRUE,TRUE,FALSE,TRUE,TRUE,TRUE
"2023-07","Lista de Reserva","Vulnerabilidad Baja",2.700708215,1,1,1,1,1.498900966,1.790108696,1,"sotap",5,"average",NA,9.472088355,10.02735341,2.561806895,19.48157278,"EXCLUSION",TRUE,TRUE,FALSE,FALSE,FALSE,TRUE
"2023-08","No Elegible","Vulnerabilidad Severa",2.070141643,2.051104816,1,1,1.776038647,2.117608696,2.580217391,2.544987923,"sotap",3,"average",0,14.63015408,44.04383881,3.664735924,57.7274311,"EXCLUSION",TRUE,FALSE,FALSE,TRUE,TRUE,TRUE
"2024-02","No Elegible","Vulnerabilidad Elevada",2.700708215,1,2.578385269,1,1.776038647,2.823478261,1,1,"sotap",1,"low",0,20.97871872,17.78726377,3.120889756,38.8686867,"EXCLUSION",TRUE,FALSE,FALSE,FALSE,FALSE,TRUE
"2023-06","Lista de Reserva","Vulnerabilidad Baja",1.599560907,1,1,1,1,1,2.580217391,1.043888889,"sotap",2,"low",-500,4.186184624,10.07114734,2.405689587,14.06794798,"EXCLUSION",TRUE,TRUE,FALSE,FALSE,TRUE,TRUE
"2024-06","No Elegible","Vulnerabilidad Baja",1,2.051104816,1,1,1,1.498900966,1,1,"sotap",1,"low",0,6.609317356,3.815111519,2.303211315,10.51434921,"EXCLUSION",TRUE,TRUE,FALSE,FALSE,FALSE,TRUE
"2024-02","Elegible","Vulnerabilidad Baja",1,1,1,1,1,1.498900966,1,1,"sotap",1,"low",0,0,3.815111519,2.10647915,3.692337415,"INCLUSION",TRUE,TRUE,FALSE,FALSE,FALSE,TRUE
"2024-07","Lista de Reserva","Vulnerabilidad Baja",1,1.525552408,1,1,1,1.498900966,1.790108696,1,"sotap",2,"average",0,3.741369748,10.02735341,2.391226998,13.56643392,"EXCLUSION",TRUE,TRUE,FALSE,FALSE,FALSE,TRUE
"2023-10","Elegible","Vulnerabilidad Baja",1,1,3.251728045,1,1,1.498900966,1.790108696,1,"sotap",3,"average",0,11.51832969,10.02735341,2.622715074,21.59366421,"INCLUSION",FALSE,FALSE,FALSE,FALSE,FALSE,TRUE
"2023-12","No Elegible","Vulnerabilidad Baja",1,1,2.578385269,1,1,1,1,1,"sotap",1,"low",0,8.975915299,0,2.267176041,9.264769229,"EXCLUSION",TRUE,TRUE,FALSE,FALSE,FALSE,TRUE
"2023-07","Lista de Reserva","Vulnerabilidad Baja",1,1.525552408,1,1,1.776038647,1,1,1,"futij",1,"low",NA,3.741369748,5.532745347,2.265783208,9.216466837,"EXCLUSION",TRUE,TRUE,FALSE,FALSE,FALSE,TRUE
"2023-07","Lista de Reserva","Vulnerabilidad Baja",1,1,3.251728045,1,1.776038647,1,1.790108696,1.043888889,"fupal",1,"low",0,11.51832969,12.53066404,2.692582072,24.0164158,"EXCLUSION",TRUE,TRUE,FALSE,FALSE,FALSE,FALSE
"2024-01","No Elegible","Vulnerabilidad Moderada",1,1.525552408,2.578385269,1,1.776038647,1,1.790108696,1,"sotap",1,"low",0,13.7168894,12.01413641,2.743607939,25.7858221,"EXCLUSION",TRUE,TRUE,FALSE,FALSE,FALSE,TRUE
"2023-12","Elegible","Vulnerabilidad Elevada",1,1,2.578385269,1,1.776038647,2.823478261,1.790108696,1,"pcr_cdmx",4,"average",NA,8.975915299,26.18890898,2.998104289,34.61089293,"INCLUSION",TRUE,FALSE,FALSE,FALSE,FALSE,TRUE
"2024-05","No Elegible por Intenciones","Vulnerabilidad Baja",1,1,1,1,1,2.117608696,1.790108696,1,"foten",2,"average",0,0,14.16503897,2.395343965,13.70919385,"EXCLUSION",TRUE,TRUE,FALSE,FALSE,FALSE,TRUE
"2024-03","No Elegible","Vulnerabilidad Elevada",1,2.051104816,2.578385269,1,1.776038647,2.823478261,1.790108696,1,"fupal",1,"low",NA,17.3510839,26.18890898,3.247398574,43.25558283,"EXCLUSION",FALSE,FALSE,FALSE,FALSE,FALSE,TRUE
"2024-03","No Elegible","Vulnerabilidad Moderada",1,1,2.578385269,1,1.776038647,1.498900966,1.790108696,1,"sotap",2,"average",0,8.975915299,17.10850297,2.744671614,25.82270347,"EXCLUSION",TRUE,FALSE,FALSE,TRUE,TRUE,TRUE
"2023-08","No Elegible","Vulnerabilidad Baja",1,1,1,1.564135978,1.776038647,2.823478261,1,1.043888889,"sotap",1,"low",0,3.975239986,18.36611881,2.630921956,21.87824592,"EXCLUSION",TRUE,TRUE,FALSE,FALSE,FALSE,TRUE
"2023-08","Lista de Reserva","Vulnerabilidad Moderada",1,1,1,1,1.776038647,2.823478261,1.790108696,1,"sotap",1,"low",0,0,26.18890898,2.730928248,25.3461237,"EXCLUSION",TRUE,FALSE,FALSE,FALSE,FALSE,TRUE
"2023-12","Lista de Reserva","Vulnerabilidad Elevada",1,1,2.578385269,1,1.776038647,2.823478261,2.580217391,1.043888889,"sotap",1,"low",0,8.975915299,32.85812825,3.184241129,41.06549005,"EXCLUSION",FALSE,TRUE,FALSE,FALSE,FALSE,TRUE
"2024-02","Elegible","Vulnerabilidad Baja",1,1.525552408,1,1,1.776038647,1.498900966,1.790108696,1,"sotap",1,"low",NA,3.741369748,17.10850297,2.588860746,20.419705,"INCLUSION",TRUE,TRUE,FALSE,FALSE,FALSE,TRUE
"2023-06","No Elegible","Vulnerabilidad Baja",1,1,1,1,1.776038647,2.117608696,1.790108696,1,"pcr_cdmx",1,"low",0,0,21.88512181,2.610810239,21.18083671,"EXCLUSION",TRUE,TRUE,FALSE,FALSE,FALSE,TRUE
"2024-04","No Elegible","Vulnerabilidad Moderada",1,1,1,1,1.776038647,2.117608696,2.580217391,1,"sotap",1,"low",NA,0,27.40879931,2.764975192,26.52675674,"EXCLUSION",TRUE,TRUE,FALSE,FALSE,FALSE,TRUE
"2023-10","Elegible","Vulnerabilidad Baja",1,1,1,1,1.776038647,1.498900966,1.790108696,1,"sotap",1,"low",NA,0,17.10850297,2.477495573,16.55793424,"INCLUSION",TRUE,TRUE,FALSE,FALSE,FALSE,TRUE
"2024-05","No Elegible","Vulnerabilidad Severa",2.070141643,1,1,1,1.776038647,2.823478261,2.580217391,2.544987923,"sotap",2,"complete",NA,6.702282231,50,3.594991325,55.30891838,"EXCLUSION",TRUE,TRUE,FALSE,TRUE,TRUE,TRUE
"2023-11","Elegible","Vulnerabilidad Elevada",2.700708215,1,3.251728045,1,1.776038647,2.117608696,1.790108696,1,"sotap",3,"complete",0,24.2379543,21.88512181,3.33227434,46.19879261,"INCLUSION",TRUE,TRUE,FALSE,TRUE,TRUE,TRUE
"2023-12","No Elegible","Vulnerabilidad Baja",1,1,1,1,1.776038647,1.498900966,1.790108696,1,"pcr_cdmx",1,"low",0,0,17.10850297,2.477495573,16.55793424,"EXCLUSION",TRUE,TRUE,FALSE,FALSE,FALSE,TRUE
"2024-05","No Elegible","Vulnerabilidad Elevada",2.700708215,2.051104816,3.251728045,1,1,2.117608696,1,1,"sotap",2,"complete",NA,35.61565687,7.392265486,3.266448403,43.91617931,"EXCLUSION",TRUE,TRUE,TRUE,TRUE,TRUE,TRUE
"2023-11","No Elegible","Vulnerabilidad Baja",1,1,1,1,1,1,1.790108696,1,"futij",1,"low",NA,0,5.614422911,2.156697643,5.433745167,"EXCLUSION",TRUE,TRUE,FALSE,FALSE,FALSE,TRUE
"2024-05","No Elegible","Vulnerabilidad Baja",1,1.525552408,1,1,1,1.498900966,1,1,"foten",1,"low",NA,3.741369748,3.815111519,2.217844323,7.554108183,"EXCLUSION",FALSE,FALSE,FALSE,FALSE,FALSE,TRUE
"2023-07","Lista de Reserva","Vulnerabilidad Baja",1.599560907,1,1,1,1,2.823478261,1.790108696,1.043888889,"sotap",1,"low",NA,4.186184624,18.47313819,2.640187803,22.19955436,"EXCLUSION",TRUE,TRUE,FALSE,FALSE,FALSE,TRUE
"2024-03","Elegible","Vulnerabilidad Elevada",1,2.051104816,1,1,1.776038647,2.823478261,2.580217391,1,"sotap",1,"low",NA,6.609317356,32.12448674,3.093321436,37.91270043,"INCLUSION",FALSE,TRUE,FALSE,FALSE,FALSE,TRUE
"2023-09","No Elegible","Vulnerabilidad Baja",2.070141643,1,1,1,1.776038647,1,1.790108696,1.043888889,"sotap",1,"low",NA,6.702282231,12.53066404,2.549228169,19.04538312,"EXCLUSION",TRUE,TRUE,FALSE,FALSE,FALSE,TRUE
"2024-05","No Elegible","Vulnerabilidad Elevada",2.070141643,1,1,1,1.776038647,2.117608696,2.580217391,1.043888889,"sotap",1,"low",0,6.702282231,28.09152966,2.983529432,34.10548452,"EXCLUSION",TRUE,FALSE,FALSE,FALSE,FALSE,TRUE
"2024-03","Lista de Reserva","Vulnerabilidad Baja",1,1,2.578385269,1,1.776038647,1,1.790108696,1.043888889,"fupal",1,"low",NA,8.975915299,12.53066404,2.616904864,21.39218397,"EXCLUSION",TRUE,TRUE,FALSE,FALSE,FALSE,TRUE
"2024-03","No Elegible","Vulnerabilidad Baja",1,1,1,1,1.776038647,2.117608696,1.790108696,1,"sotap",3,"low",0,0,21.88512181,2.610810239,21.18083671,"EXCLUSION",TRUE,TRUE,FALSE,FALSE,TRUE,TRUE
"2024-03","No Elegible","Vulnerabilidad Elevada",2.070141643,1,2.578385269,1,1.776038647,2.823478261,2.580217391,1.043888889,"sotap",2,"average",0,17.46888676,32.85812825,3.43704192,49.83177383,"EXCLUSION",FALSE,TRUE,FALSE,TRUE,FALSE,TRUE
"2023-06","No Elegible","Vulnerabilidad Severa",2.700708215,2.051104816,3.251728045,1,1.776038647,1,2.580217391,1.043888889,"sotap",2,"complete",0,35.61565687,17.15905947,3.539038057,53.3686681,"EXCLUSION",TRUE,TRUE,FALSE,TRUE,FALSE,TRUE
"2024-02","Lista de Reserva","Vulnerabilidad Severa",2.070141643,1,1,1,1.776038647,2.823478261,2.580217391,2.544987923,"fupal",1,"low",NA,6.702282231,50,3.594991325,55.30891838,"EXCLUSION",TRUE,TRUE,FALSE,FALSE,FALSE,TRUE
"2024-02","Lista de Reserva","Vulnerabilidad Baja",1,1,2.578385269,1,1,1,1,1,"sotap",1,"low",0,8.975915299,0,2.267176041,9.264769229,"EXCLUSION",TRUE,TRUE,FALSE,FALSE,FALSE,TRUE
"2024-04","No Elegible","Vulnerabilidad Baja",1,2.051104816,1,1,1,1.498900966,1,1.043888889,"sotap",1,"low",0,6.609317356,4.243121443,2.315157003,10.92858535,"EXCLUSION",TRUE,TRUE,FALSE,FALSE,FALSE,TRUE
"2024-05","No Elegible","Vulnerabilidad Baja",1,1,1,1,1,1,1.790108696,1,"sotap",3,"average",-500,0,5.614422911,2.156697643,5.433745167,"EXCLUSION",TRUE,TRUE,FALSE,FALSE,TRUE,TRUE
"2024-05","No Elegible","Vulnerabilidad Severa",2.700708215,1.525552408,3.251728045,1,1.776038647,1.498900966,2.580217391,1.043888889,"sotap",2,"complete",NA,30.67858802,22.80125306,3.549554563,53.7333416,"EXCLUSION",TRUE,TRUE,FALSE,TRUE,TRUE,TRUE
"2023-07","Lista de Reserva","Vulnerabilidad Elevada",1,1,2.578385269,1,1.776038647,2.117608696,2.580217391,1.738466184,"sotap",1,"low",NA,8.975915299,36.78475459,3.29383264,44.86575363,"EXCLUSION",TRUE,TRUE,FALSE,FALSE,FALSE,TRUE
"2024-03","Lista de Reserva","Vulnerabilidad Moderada",1,2.051104816,1.249197356,1,1.776038647,2.117608696,1.790108696,1,"sotap",1,"low",NA,8.909093135,21.88512181,2.875997259,30.37663337,"EXCLUSION",TRUE,TRUE,FALSE,FALSE,FALSE,TRUE
"2024-02","Lista de Reserva","Vulnerabilidad Severa",2.700708215,2.051104816,3.251728045,1.564135978,1.776038647,2.117608696,1.790108696,1.043888889,"sotap",1,"low",NA,43.80517382,22.50821784,3.932100408,66.998749,"EXCLUSION",TRUE,TRUE,FALSE,FALSE,FALSE,TRUE
"2024-01","Lista de Reserva","Vulnerabilidad Moderada",1,1,2.578385269,1,1.776038647,2.117608696,1.790108696,1.043888889,"sotap",4,"average",0,8.975915299,22.50821784,2.89537679,31.04865011,"EXCLUSION",TRUE,TRUE,FALSE,FALSE,FALSE,TRUE
"2024-01","No Elegible","Vulnerabilidad Baja",1,1.525552408,1,1,1.776038647,2.117608696,1,1,"fupal",4,"average",0,3.741369748,14.06650994,2.503959209,17.47560635,"EXCLUSION",TRUE,TRUE,FALSE,FALSE,TRUE,TRUE
"2023-06","No Elegible","Vulnerabilidad Elevada",1,1,2.578385269,1,1.776038647,2.823478261,1.790108696,1,"sotap",4,"average",NA,8.975915299,26.18890898,2.998104289,34.61089293,"EXCLUSION",FALSE,TRUE,FALSE,TRUE,TRUE,TRUE
"2024-01","Elegible","Vulnerabilidad Elevada",2.070141643,1,2.578385269,1,1,2.117608696,2.580217391,1.043888889,"sotap",2,"average",0,17.46888676,19.54126117,3.065370296,36.94345685,"INCLUSION",TRUE,TRUE,FALSE,TRUE,TRUE,TRUE
"2024-04","No Elegible","Vulnerabilidad Baja",2.070141643,1,1,1,1,1.498900966,1.790108696,1.043888889,"sotap",1,"low",NA,6.702282231,10.52243148,2.49317872,17.10177749,"EXCLUSION",TRUE,TRUE,FALSE,FALSE,FALSE,TRUE
"2023-11","Lista de Reserva","Vulnerabilidad Baja",1,1,1,1,1.776038647,2.117608696,1.790108696,1,"fomon",5,"average",-500,0,21.88512181,2.610810239,21.18083671,"EXCLUSION",TRUE,TRUE,FALSE,FALSE,FALSE,TRUE
"2024-05","Lista de Reserva","Vulnerabilidad Moderada",1,1.525552408,1,1,1.776038647,2.823478261,1.790108696,1,"sotap",5,"high",NA,3.741369748,26.18890898,2.842293421,29.20789447,"EXCLUSION",TRUE,TRUE,FALSE,FALSE,FALSE,FALSE
"2024-05","No Elegible","Vulnerabilidad Elevada",1,1,2.578385269,1,1.776038647,2.117608696,2.580217391,1,"sotap",6,"high",NA,8.975915299,27.40879931,3.032151233,35.79152597,"EXCLUSION",TRUE,TRUE,FALSE,FALSE,TRUE,TRUE
"2024-05","No Elegible","Vulnerabilidad Elevada",2.700708215,1,2.578385269,1,1.776038647,2.823478261,1.790108696,1,"fupal",1,"low",NA,20.97871872,26.18890898,3.355378326,46.99995857,"EXCLUSION",TRUE,TRUE,FALSE,FALSE,FALSE,TRUE
"2023-06","No Elegible","Vulnerabilidad Moderada",1,2.051104816,2.578385269,1,1.776038647,1.498900966,1,1,"sotap",1,"low",-500,17.3510839,9.93697889,2.793809812,27.5266561,"EXCLUSION",TRUE,TRUE,FALSE,FALSE,FALSE,TRUE
"2023-07","No Elegible","Vulnerabilidad Severa",2.700708215,1.525552408,3.251728045,1,1.776038647,2.117608696,1.790108696,1,"sotap",2,"complete",0,30.67858802,21.88512181,3.523985487,52.84669237,"EXCLUSION",TRUE,TRUE,FALSE,TRUE,FALSE,TRUE
"2024-03","Lista de Reserva","Vulnerabilidad Moderada",1,1,1,1,1.776038647,1.498900966,2.580217391,1.738466184,"sotap",2,"low",NA,0,30.77500505,2.858925454,29.78463461,"EXCLUSION",TRUE,FALSE,FALSE,FALSE,FALSE,TRUE
"2024-04","Lista de Reserva","Vulnerabilidad Baja",1,2.051104816,1,1,1.776038647,1,1.790108696,1,"sotap",2,"average",0,6.609317356,12.01413641,2.532044784,18.44952128,"EXCLUSION",TRUE,TRUE,FALSE,TRUE,TRUE,TRUE
"2024-03","No Elegible","Vulnerabilidad Moderada",1,1,1,1,1.776038647,2.823478261,1.790108696,1,"sotap",1,"low",NA,0,26.18890898,2.730928248,25.3461237,"EXCLUSION",FALSE,FALSE,FALSE,FALSE,FALSE,TRUE
"2024-05","No Elegible","Vulnerabilidad Moderada",1,1,1,1,1.776038647,2.823478261,1.790108696,1,"sotap",1,"low",0,0,26.18890898,2.730928248,25.3461237,"EXCLUSION",TRUE,TRUE,FALSE,FALSE,FALSE,TRUE
"2024-06","Elegible","Vulnerabilidad Moderada",1,1,1,1,1.776038647,2.823478261,1.790108696,1,"sotap",1,"low",NA,0,26.18890898,2.730928248,25.3461237,"INCLUSION",TRUE,TRUE,FALSE,FALSE,FALSE,TRUE
"2024-01","No Elegible","Vulnerabilidad Moderada",1,1,1,1,1.776038647,2.823478261,1.790108696,1,"sotap",1,"low",0,0,26.18890898,2.730928248,25.3461237,"EXCLUSION",TRUE,FALSE,FALSE,FALSE,FALSE,TRUE
"2023-12","Lista de Reserva","Vulnerabilidad Baja",1.599560907,1,1,1,1,1.498900966,1.790108696,1,"sotap",1,"low",0,4.186184624,10.02735341,2.404467305,14.02556338,"EXCLUSION",TRUE,TRUE,FALSE,FALSE,FALSE,TRUE
"2024-06","No Elegible","Vulnerabilidad Baja",1,1,1.249197356,1,1,1.498900966,1.790108696,1,"foten",4,"average",NA,1.921713018,10.02735341,2.337063309,11.68821881,"EXCLUSION",TRUE,TRUE,FALSE,FALSE,FALSE,TRUE
"2023-11","Lista de Reserva","Vulnerabilidad Baja",1,1,2.578385269,1,1,1,1.790108696,1,"sotap",1,"low",NA,8.975915299,5.614422911,2.423873683,14.6985144,"EXCLUSION",TRUE,TRUE,FALSE,FALSE,FALSE,TRUE
"2023-09","No Elegible","Vulnerabilidad Elevada",1,1.525552408,3.251728045,1,1.776038647,2.823478261,2.580217391,1.043888889,"sotap",2,"average",-500,16.54244021,32.85812825,3.409465421,48.8755133,"EXCLUSION",TRUE,TRUE,FALSE,TRUE,FALSE,TRUE
"2023-12","No Elegible","Vulnerabilidad Elevada",2.070141643,2.051104816,1,1,1.776038647,2.823478261,1.790108696,1.043888889,"sotap",3,"low",NA,14.63015408,26.85846924,3.185095016,41.09510391,"EXCLUSION",TRUE,TRUE,FALSE,TRUE,TRUE,TRUE
"2024-05","No Elegible","Vulnerabilidad Elevada",2.070141643,1.525552408,1,1,1.776038647,1.498900966,2.580217391,1.043888889,"fomon",3,"complete",-500,11.1900528,22.80125306,2.969461113,33.61764582,"EXCLUSION",TRUE,TRUE,FALSE,TRUE,TRUE,FALSE
"2024-05","Elegible","Vulnerabilidad Severa",2.700708215,2.051104816,3.251728045,1,1.776038647,2.823478261,1.790108696,1,"sotap",2,"complete",0,35.61565687,26.18890898,3.791059708,62.10792802,"INCLUSION",TRUE,TRUE,FALSE,TRUE,FALSE,TRUE
"2023-09","Lista de Reserva","Vulnerabilidad Elevada",2.700708215,2.051104816,3.251728045,1,1.776038647,1,1.790108696,1.043888889,"sotap",6,"average",0,35.61565687,12.53066404,3.409860283,48.88921906,"EXCLUSION",TRUE,TRUE,FALSE,FALSE,TRUE,TRUE
"2023-07","No Elegible","Vulnerabilidad Elevada",2.700708215,1,3.251728045,1,1.776038647,2.823478261,1.790108696,1,"sotap",5,"high",NA,24.2379543,26.18890898,3.45239235,50.36407961,"EXCLUSION",TRUE,TRUE,FALSE,FALSE,TRUE,TRUE
"2024-02","Elegible","Vulnerabilidad Moderada",1,1,2.578385269,1,1.776038647,2.117608696,1.790108696,1,"sotap",2,"average",NA,8.975915299,21.88512181,2.877986279,30.44560593,"INCLUSION",TRUE,TRUE,FALSE,FALSE,FALSE,TRUE
"2024-06","No Elegible","Vulnerabilidad Severa",2.070141643,1,2.578385269,1,1.776038647,2.823478261,2.580217391,1.738466184,"fupal",2,"complete",NA,17.46888676,42.19960637,3.697761076,58.87263384,"EXCLUSION",FALSE,TRUE,FALSE,TRUE,TRUE,TRUE
"2023-08","No Elegible","Vulnerabilidad Moderada",1,1,2.578385269,1,1.776038647,2.117608696,1.790108696,1,"sotap",1,"low",NA,8.975915299,21.88512181,2.877986279,30.44560593,"EXCLUSION",TRUE,TRUE,FALSE,FALSE,FALSE,TRUE
"2023-07","Lista de Reserva","Vulnerabilidad Elevada",2.070141643,1,1,1,1.776038647,2.823478261,1.790108696,1.043888889,"sotap",2,"complete",0,6.702282231,26.85846924,2.949114914,32.91210522,"EXCLUSION",TRUE,TRUE,TRUE,TRUE,TRUE,TRUE
"2023-07","No Elegible","Vulnerabilidad Elevada",2.700708215,1,1.249197356,1,1.776038647,2.823478261,2.580217391,1,"fupal",3,"complete",NA,11.93561888,32.12448674,3.251863502,43.41040766,"EXCLUSION",TRUE,TRUE,FALSE,TRUE,TRUE,TRUE
"2024-03","Lista de Reserva","Vulnerabilidad Baja",1,1,2.578385269,1,1,1,1.790108696,1.043888889,"sotap",1,"low",NA,8.975915299,6.061858428,2.436361537,15.13155099,"EXCLUSION",TRUE,TRUE,FALSE,FALSE,FALSE,TRUE
"2024-02","Lista de Reserva","Vulnerabilidad Elevada",1,1.525552408,2.578385269,1,1.776038647,2.823478261,1.790108696,1,"foten",2,"average",NA,13.7168894,26.18890898,3.139223567,39.50443632,"EXCLUSION",TRUE,TRUE,FALSE,TRUE,TRUE,TRUE
"2024-04","Elegible","Vulnerabilidad Elevada",2.070141643,1,2.578385269,1,1.776038647,2.823478261,1.790108696,1.043888889,"sotap",1,"low",0,17.46888676,26.85846924,3.2695924,44.02518985,"INCLUSION",TRUE,TRUE,FALSE,FALSE,FALSE,TRUE
"2024-05","No Elegible","Vulnerabilidad Elevada",1,2.051104816,1,1,1.776038647,2.823478261,1.790108696,1,NA,4,"average",NA,6.609317356,26.18890898,2.927660413,32.1681355,"EXCLUSION",TRUE,TRUE,FALSE,FALSE,FALSE,TRUE
"2023-07","Lista de Reserva","Vulnerabilidad Elevada",2.070141643,1,1,1,1.776038647,2.823478261,2.580217391,1.043888889,"sotap",2,"average",-500,6.702282231,32.85812825,3.116564434,38.7186892,"EXCLUSION",TRUE,FALSE,FALSE,TRUE,FALSE,TRUE
"2024-02","No Elegible","Vulnerabilidad Elevada",2.700708215,1,3.251728045,1,1,2.117608696,2.580217391,1,"sotap",2,"low",0,24.2379543,18.94985465,3.250351505,43.35798528,"EXCLUSION",TRUE,TRUE,FALSE,FALSE,TRUE,TRUE
"2023-07","Lista de Reserva","Vulnerabilidad Moderada",1,1,1,1,1.776038647,2.823478261,1.790108696,1,"sotap",3,"average",NA,0,26.18890898,2.730928248,25.3461237,"EXCLUSION",TRUE,TRUE,FALSE,TRUE,TRUE,TRUE
"2023-11","Elegible","Vulnerabilidad Baja",1,1.525552408,1,1,1,1,1,1,"sotap",1,"low",0,3.741369748,0,2.111365173,3.861770768,"INCLUSION",TRUE,TRUE,FALSE,FALSE,FALSE,TRUE
"2024-06","No Elegible","Vulnerabilidad Baja",1,1.525552408,1,1,1.776038647,1,1,1,"sotap",4,"average",NA,3.741369748,5.532745347,2.265783208,9.216466837,"EXCLUSION",TRUE,TRUE,FALSE,TRUE,TRUE,TRUE
"2024-02","No Elegible","Vulnerabilidad Moderada",1,2.051104816,1,1,1.776038647,2.117608696,1.790108696,1,"fupal",1,"low",NA,6.609317356,21.88512181,2.807542403,28.0028485,"EXCLUSION",TRUE,TRUE,FALSE,FALSE,FALSE,TRUE
"2024-02","No Elegible","Vulnerabilidad Elevada",1,1,2.578385269,1,1.776038647,2.823478261,1.790108696,1.043888889,"sotap",2,"low",-500,8.975915299,26.85846924,3.016791609,35.25890607,"EXCLUSION",TRUE,TRUE,FALSE,FALSE,FALSE,TRUE
"2023-08","No Elegible por Intenciones","Vulnerabilidad Baja",1,1,1,1,1.776038647,1.498900966,2.580217391,1.043888889,"foten",2,"average",NA,0,22.80125306,2.636379315,22.06748594,"EXCLUSION",TRUE,FALSE,FALSE,FALSE,FALSE,TRUE
"2024-02","No Elegible","Vulnerabilidad Baja",1,2.051104816,1,1,1.776038647,1.498900966,1.790108696,1,"sotap",3,"low",-500,6.609317356,17.10850297,2.674227738,23.37994603,"EXCLUSION",TRUE,TRUE,TRUE,FALSE,FALSE,TRUE
"2024-05","No Elegible","Vulnerabilidad Moderada",1,1,1,1,1.776038647,2.117608696,2.580217391,1,"foten",1,"low",NA,0,27.40879931,2.764975192,26.52675674,"EXCLUSION",TRUE,TRUE,FALSE,FALSE,FALSE,TRUE
"2023-07","Lista de Reserva","Vulnerabilidad Baja",1,1,1,1,1.776038647,1,1,1.043888889,"sotap",1,"low",0,0,5.979299062,2.166881278,5.786879239,"EXCLUSION",TRUE,TRUE,FALSE,FALSE,FALSE,TRUE
"2023-07","Lista de Reserva","Vulnerabilidad Moderada",2.700708215,1,2.578385269,1,1,1,2.580217391,1,"sotap",1,"low",500,20.97871872,9.580889352,2.891851162,30.92640162,"EXCLUSION",FALSE,TRUE,FALSE,FALSE,FALSE,TRUE
"2024-03","No Elegible","Vulnerabilidad Baja",1,1,2.578385269,1,1,1,1,1,"sotap",5,"low",NA,8.975915299,0,2.267176041,9.264769229,"EXCLUSION",TRUE,TRUE,FALSE,FALSE,FALSE,TRUE
"2023-07","No Elegible","Vulnerabilidad Elevada",1,1,2.578385269,1,1.776038647,2.823478261,1.790108696,1,"sotap",2,"complete",0,8.975915299,26.18890898,2.998104289,34.61089293,"EXCLUSION",TRUE,TRUE,FALSE,TRUE,TRUE,TRUE
"2024-01","No Elegible","Vulnerabilidad Baja",1,1,1,1,1.776038647,1.498900966,2.580217391,1,"fomon",1,"low",0,0,22.17502718,2.618901451,21.46141263,"EXCLUSION",TRUE,TRUE,FALSE,FALSE,FALSE,TRUE
"2024-04","No Elegible","Vulnerabilidad Baja",1,1,1,1,1.776038647,1.498900966,1,1,"sotap",1,"low",0,0,9.93697889,2.277339487,9.617196972,"EXCLUSION",TRUE,TRUE,FALSE,FALSE,FALSE,TRUE
"2023-10","Elegible","Vulnerabilidad Elevada",1,1,2.578385269,1.564135978,1.776038647,1.498900966,2.580217391,1.738466184,"sotap",2,"average",NA,14.01324416,30.77500505,3.276042034,44.24883898,"INCLUSION",TRUE,TRUE,FALSE,FALSE,FALSE,TRUE
"2024-01","Lista de Reserva","Vulnerabilidad Baja",1,1,1,1,1.776038647,1.498900966,1.790108696,1,"sotap",3,"average",0,0,17.10850297,2.477495573,16.55793424,"EXCLUSION",TRUE,TRUE,FALSE,FALSE,TRUE,TRUE
"2024-02","No Elegible","Vulnerabilidad Elevada",1,1,2.578385269,1,1.776038647,2.823478261,1.790108696,1.043888889,"sotap",2,"low",NA,8.975915299,26.85846924,3.016791609,35.25890607,"EXCLUSION",TRUE,TRUE,FALSE,FALSE,FALSE,TRUE
"2023-06","No Elegible por Duplicidad","Vulnerabilidad Baja",1,1,1,1,1.776038647,2.823478261,1,1.043888889,"fupal",1,"low",NA,0,18.36611881,2.51259543,17.77507874,"EXCLUSION",TRUE,TRUE,FALSE,FALSE,FALSE,TRUE
"2024-05","No Elegible","Vulnerabilidad Elevada",1,1,1,1,1.776038647,2.823478261,2.580217391,1.738466184,"foten",4,"average",NA,0,42.19960637,3.177784244,40.84158084,"EXCLUSION",TRUE,TRUE,FALSE,FALSE,FALSE,TRUE
"2024-02","No Elegible","Vulnerabilidad Severa",2.700708215,2.051104816,2.578385269,1,1.776038647,2.823478261,1.790108696,1,"sotap",1,"low",NA,31.71522481,26.18890898,3.674959905,58.08197616,"EXCLUSION",TRUE,TRUE,FALSE,FALSE,FALSE,TRUE
"2024-05","No Elegible","Vulnerabilidad Elevada",1,1,2.578385269,1,1.776038647,2.823478261,2.580217391,1.738466184,"foten",7,"high",0,8.975915299,42.19960637,3.444960285,50.10635007,"EXCLUSION",TRUE,TRUE,FALSE,FALSE,FALSE,TRUE
"2023-10","No Elegible","Vulnerabilidad Baja",1,1,1,1,1.776038647,1,1.790108696,1,"sotap",1,"low",NA,0,12.01413641,2.33531262,11.62750949,"EXCLUSION",TRUE,TRUE,FALSE,FALSE,FALSE,TRUE
"2023-07","No Elegible","Vulnerabilidad Elevada",2.700708215,1,3.251728045,1,1.776038647,1.498900966,1.790108696,1.043888889,"fupal",7,"average",NA,24.2379543,17.68003002,3.214910903,42.12902488,"EXCLUSION",TRUE,TRUE,FALSE,FALSE,TRUE,TRUE
"2023-12","Lista de Reserva","Vulnerabilidad Elevada",1,1,2.578385269,1,1.776038647,2.823478261,2.580217391,1,"fupal",3,"low",NA,8.975915299,32.12448674,3.163765312,40.35545786,"EXCLUSION",FALSE,FALSE,FALSE,FALSE,FALSE,TRUE
"2024-03","No Elegible","Vulnerabilidad Elevada",1,1,2.578385269,1,1.776038647,2.823478261,2.580217391,1.043888889,"foten",5,"high",NA,8.975915299,32.85812825,3.184241129,41.06549005,"EXCLUSION",TRUE,TRUE,FALSE,FALSE,FALSE,TRUE
"2023-10","No Elegible","Vulnerabilidad Baja",1,1,1,1,1,2.117608696,1.790108696,1,"foten",1,"low",NA,0,14.16503897,2.395343965,13.70919385,"EXCLUSION",TRUE,TRUE,FALSE,FALSE,FALSE,TRUE
"2023-12","No Elegible","Vulnerabilidad Moderada",1,1,1,1,1.776038647,2.117608696,2.580217391,1,"fupal",1,"low",NA,0,27.40879931,2.764975192,26.52675674,"EXCLUSION",TRUE,TRUE,FALSE,FALSE,FALSE,TRUE
"2023-08","Elegible","Vulnerabilidad Severa",2.700708215,1,1.249197356,1,1.776038647,2.823478261,2.580217391,2.544987923,"sotap",2,"complete",NA,11.93561888,50,3.750766209,60.71066903,"INCLUSION",TRUE,TRUE,FALSE,TRUE,TRUE,TRUE
"2024-05","No Elegible","Vulnerabilidad Baja",1,1,3.251728045,1,1.776038647,1,1.790108696,1.043888889,"sotap",1,"low",0,11.51832969,12.53066404,2.692582072,24.0164158,"EXCLUSION",TRUE,TRUE,FALSE,FALSE,FALSE,TRUE
"2024-05","No Elegible","Vulnerabilidad Baja",1,1.525552408,1,1,1,1.498900966,1,1,"pcr_cdmx",1,"low",NA,3.741369748,3.815111519,2.217844323,7.554108183,"EXCLUSION",TRUE,TRUE,FALSE,FALSE,FALSE,TRUE
"2024-01","Elegible","Vulnerabilidad Elevada",1,1,2.578385269,1,1.776038647,2.823478261,2.580217391,1.043888889,"sotap",5,"average",NA,8.975915299,32.85812825,3.184241129,41.06549005,"INCLUSION",TRUE,TRUE,FALSE,FALSE,TRUE,TRUE
"2023-06","Lista de Reserva","Vulnerabilidad Baja",2.700708215,1,1,1,1.776038647,1.498900966,1,1,"sotap",1,"low",NA,9.472088355,9.93697889,2.559284556,19.3941066,"EXCLUSION",TRUE,TRUE,FALSE,FALSE,FALSE,TRUE
"2024-01","No Elegible","Vulnerabilidad Elevada",1,1,2.578385269,1,1,2.117608696,2.580217391,1.738466184,"sotap",4,"average",NA,8.975915299,27.07165714,3.022741649,35.46523337,"EXCLUSION",TRUE,TRUE,FALSE,TRUE,FALSE,TRUE
"2024-01","Elegible","Vulnerabilidad Elevada",2.700708215,1,1.249197356,1,1.776038647,2.117608696,2.580217391,1.043888889,"sotap",5,"average",NA,11.93561888,28.09152966,3.139304316,39.50723518,"INCLUSION",FALSE,TRUE,FALSE,FALSE,FALSE,TRUE
"2024-05","Elegible","Vulnerabilidad Baja",1,1,1,1,1.776038647,1,2.580217391,1,"pcr_cdmx",1,"low",NA,0,16.59309681,2.46311067,16.05911436,"INCLUSION",TRUE,TRUE,FALSE,FALSE,FALSE,TRUE
"2024-04","Lista de Reserva","Vulnerabilidad Moderada",2.070141643,2.051104816,1,1,1.776038647,1,1.790108696,1,"sotap",1,"low",-500,14.63015408,12.01413641,2.770792068,26.72847655,"EXCLUSION",TRUE,TRUE,FALSE,FALSE,FALSE,TRUE
"2023-11","No Elegible","Vulnerabilidad Moderada",2.700708215,1,2.578385269,1,1,1.498900966,1,1,"sotap",1,"low",0,20.97871872,3.815111519,2.730929228,25.34617228,"EXCLUSION",FALSE,FALSE,FALSE,FALSE,FALSE,TRUE
"2023-10","No Elegible","Vulnerabilidad Moderada",1,1.525552408,1,1,1.776038647,2.117608696,1.790108696,1,"sotap",1,"low",NA,3.741369748,21.88512181,2.722175411,25.04260747,"EXCLUSION",FALSE,FALSE,FALSE,FALSE,FALSE,TRUE
"2024-02","Elegible","Vulnerabilidad Baja",2.700708215,1,1,1,1,1.498900966,1,1,"sotap",7,"low",0,9.472088355,3.815111519,2.38842422,13.46924705,"INCLUSION",TRUE,TRUE,FALSE,FALSE,FALSE,TRUE
"2024-05","No Elegible","Vulnerabilidad Moderada",1,2.051104816,1,1,1.776038647,1.498900966,2.580217391,1,"sotap",4,"average",0,6.609317356,22.17502718,2.815633615,28.28342443,"EXCLUSION",TRUE,TRUE,FALSE,FALSE,FALSE,TRUE
"2024-01","Lista de Reserva","Vulnerabilidad Baja",1,1,1,1,1.776038647,1.498900966,2.580217391,1.043888889,"sotap",4,"average",0,0,22.80125306,2.636379315,22.06748594,"EXCLUSION",TRUE,TRUE,FALSE,TRUE,TRUE,TRUE
"2024-06","No Elegible","Vulnerabilidad Baja",1,1,1,1,1.776038647,1.498900966,1,1,"sotap",4,"average",0,0,9.93697889,2.277339487,9.617196972,"EXCLUSION",TRUE,TRUE,FALSE,FALSE,FALSE,TRUE
"2024-05","No Elegible","Vulnerabilidad Baja",1,1,1,1,1.776038647,1.498900966,2.580217391,1,"sotap",1,"low",0,0,22.17502718,2.618901451,21.46141263,"EXCLUSION",TRUE,TRUE,TRUE,FALSE,FALSE,TRUE
"2024-04","No Elegible","Vulnerabilidad Elevada",1,1,2.578385269,1,1.776038647,2.823478261,2.580217391,1,"sotap",1,"low",0,8.975915299,32.12448674,3.163765312,40.35545786,"EXCLUSION",TRUE,TRUE,FALSE,FALSE,FALSE,TRUE
"2024-01","Lista de Reserva","Vulnerabilidad Baja",1,1,1,1,1.776038647,1.498900966,1.790108696,1,"fupal",2,"average",NA,0,17.10850297,2.477495573,16.55793424,"EXCLUSION",TRUE,TRUE,FALSE,TRUE,TRUE,TRUE
"2024-02","Elegible","Vulnerabilidad Elevada",2.700708215,1,2.578385269,1,1.776038647,2.117608696,1.790108696,1,"sotap",1,"low",0,20.97871872,21.88512181,3.235260316,42.83467157,"INCLUSION",TRUE,TRUE,FALSE,FALSE,FALSE,TRUE
"2023-12","Lista de Reserva","Vulnerabilidad Elevada",2.070141643,1,1,1,1.776038647,2.117608696,2.580217391,1.043888889,"sotap",3,"average",0,6.702282231,28.09152966,2.983529432,34.10548452,"EXCLUSION",TRUE,TRUE,FALSE,TRUE,TRUE,TRUE
"2023-09","No Elegible","Vulnerabilidad Elevada",1,1,1,1,1.776038647,2.823478261,2.580217391,1.043888889,"sotap",2,"average",0,0,32.85812825,2.917065088,31.80072082,"EXCLUSION",FALSE,FALSE,FALSE,TRUE,TRUE,TRUE
"2023-09","No Elegible","Vulnerabilidad Baja",2.700708215,1,1,1,1,1.498900966,1,1,"sotap",1,"low",0,9.472088355,3.815111519,2.38842422,13.46924705,"EXCLUSION",TRUE,TRUE,FALSE,FALSE,FALSE,TRUE
"2023-10","No Elegible","Vulnerabilidad Elevada",2.700708215,1,1.249197356,1,1.776038647,2.117608696,1.790108696,1.043888889,"foten",2,"average",0,11.93561888,22.50821784,2.983474979,34.10359991,"EXCLUSION",TRUE,TRUE,FALSE,FALSE,FALSE,TRUE
"2024-02","Lista de Reserva","Vulnerabilidad Severa",2.070141643,1,2.578385269,1,1.776038647,2.117608696,2.580217391,2.544987923,"sotap",3,"complete",NA,17.46888676,44.04383881,3.749233307,60.65751704,"EXCLUSION",TRUE,TRUE,FALSE,TRUE,TRUE,TRUE
"2023-09","Lista de Reserva","Vulnerabilidad Baja",1,1,1,1,1.776038647,1,1.790108696,1,"pcr_cdmx",3,"low",-500,0,12.01413641,2.33531262,11.62750949,"EXCLUSION",TRUE,TRUE,FALSE,FALSE,FALSE,TRUE
"2024-01","Elegible","Vulnerabilidad Elevada",1,1.525552408,2.578385269,1,1.776038647,2.117608696,1.790108696,1,"foten",2,"average",NA,13.7168894,21.88512181,3.019105558,35.33914932,"INCLUSION",TRUE,TRUE,FALSE,FALSE,FALSE,TRUE
"2023-12","Elegible","Vulnerabilidad Elevada",2.700708215,1,3.251728045,1,1.776038647,2.117608696,1.790108696,1,"sotap",4,"average",NA,24.2379543,21.88512181,3.33227434,46.19879261,"INCLUSION",TRUE,TRUE,FALSE,FALSE,FALSE,TRUE
"2023-12","Elegible","Vulnerabilidad Elevada",2.070141643,2.051104816,1,1,1.776038647,1.498900966,2.580217391,1.043888889,"sotap",2,"low",0,14.63015408,22.80125306,3.071858763,37.168453,"INCLUSION",TRUE,TRUE,FALSE,FALSE,FALSE,TRUE
"2024-06","No Elegible","Vulnerabilidad Elevada",2.700708215,1,3.251728045,1,1.776038647,2.823478261,1.790108696,1,"fusal",5,"high",0,24.2379543,26.18890898,3.45239235,50.36407961,"EXCLUSION",TRUE,TRUE,FALSE,FALSE,FALSE,TRUE
"2024-01","Elegible","Vulnerabilidad Elevada",1,1,1,1,1.776038647,2.823478261,2.580217391,1.043888889,"sotap",4,"average",0,0,32.85812825,2.917065088,31.80072082,"INCLUSION",FALSE,FALSE,FALSE,FALSE,FALSE,TRUE
"2023-12","No Elegible","Vulnerabilidad Baja",1,1,1,1,1.776038647,2.117608696,1.790108696,1,"sotap",1,"low",0,0,21.88512181,2.610810239,21.18083671,"EXCLUSION",TRUE,TRUE,TRUE,FALSE,FALSE,TRUE
"2023-10","Lista de Reserva","Vulnerabilidad Baja",1,1,1,1,1,1,1.790108696,1,"fomon",1,"low",NA,0,5.614422911,2.156697643,5.433745167,"EXCLUSION",TRUE,TRUE,FALSE,FALSE,FALSE,TRUE
"2024-06","No Elegible por Duplicidad","Vulnerabilidad Elevada",2.700708215,1,2.578385269,1,1.776038647,2.823478261,1.790108696,1,"sotap",2,"complete",0,20.97871872,26.18890898,3.355378326,46.99995857,"EXCLUSION",TRUE,TRUE,FALSE,TRUE,TRUE,TRUE
"2023-11","No Elegible","Vulnerabilidad Moderada",1,1,1,1,1.776038647,2.117608696,2.580217391,1.043888889,"fupal",3,"low",NA,0,28.09152966,2.784030087,27.18751614,"EXCLUSION",TRUE,TRUE,FALSE,FALSE,FALSE,TRUE
"2024-03","No Elegible","Vulnerabilidad Baja",1,1,1,1,1.776038647,2.117608696,1.790108696,1,"sotap",1,"low",0,0,21.88512181,2.610810239,21.18083671,"EXCLUSION",TRUE,TRUE,FALSE,FALSE,FALSE,TRUE
"2024-02","No Elegible por Duplicidad","Vulnerabilidad Baja",1,1,1,1,1,1,1,1,"sotap",1,"low",0,0,0,2,0,"EXCLUSION",TRUE,TRUE,FALSE,FALSE,FALSE,TRUE
"2023-07","Lista de Reserva","Vulnerabilidad Baja",2.070141643,2.051104816,1,1,1,1,1.790108696,1.043888889,"sotap",4,"average",0,14.63015408,6.061858428,2.604664944,20.96774883,"EXCLUSION",TRUE,TRUE,FALSE,FALSE,TRUE,TRUE
"2024-04","No Elegible","Vulnerabilidad Moderada",1,1,1,1,1.776038647,2.823478261,1.790108696,1,"sotap",1,"low",0,0,26.18890898,2.730928248,25.3461237,"EXCLUSION",TRUE,TRUE,FALSE,FALSE,FALSE,TRUE
"2024-04","No Elegible","Vulnerabilidad Moderada",1,1,1,1,1.776038647,2.823478261,2.580217391,1,"sotap",3,"average",0,0,32.12448674,2.896589272,31.09068863,"EXCLUSION",TRUE,TRUE,FALSE,FALSE,FALSE,TRUE
"2024-06","Elegible","Vulnerabilidad Baja",1,1,1,1,1.776038647,2.117608696,1.790108696,1,"sotap",1,"low",NA,0,21.88512181,2.610810239,21.18083671,"INCLUSION",FALSE,FALSE,FALSE,FALSE,FALSE,TRUE
"2024-06","Lista de Reserva","Vulnerabilidad Elevada",1,1,2.578385269,1,1.776038647,2.823478261,2.580217391,1.738466184,"sotap",4,"average",NA,8.975915299,42.19960637,3.444960285,50.10635007,"EXCLUSION",TRUE,TRUE,FALSE,TRUE,FALSE,TRUE
"2023-10","No Elegible","Vulnerabilidad Severa",2.700708215,2.051104816,3.251728045,1,1.776038647,2.823478261,2.580217391,1.043888889,"sotap",2,"complete",NA,35.61565687,32.85812825,3.977196548,68.56252515,"EXCLUSION",FALSE,TRUE,FALSE,TRUE,TRUE,TRUE
"2023-10","No Elegible","Vulnerabilidad Baja",1,1,1,1,1.776038647,2.117608696,1.790108696,1,"pcr_cdmx",1,"low",0,0,21.88512181,2.610810239,21.18083671,"EXCLUSION",TRUE,TRUE,FALSE,FALSE,FALSE,TRUE
"2024-07","No Elegible","Vulnerabilidad Baja",1,1,1,1.564135978,1,2.117608696,1,1,"sotap",3,"low",NA,3.975239986,7.392265486,2.32464347,11.25754217,"EXCLUSION",TRUE,TRUE,FALSE,FALSE,FALSE,TRUE
"2024-07","Lista de Reserva","Vulnerabilidad Elevada",2.070141643,1,1,1,1.776038647,1.498900966,2.580217391,2.544987923,"fupal",4,"low",NA,6.702282231,37.43330939,3.244257006,43.14663644,"EXCLUSION",TRUE,TRUE,FALSE,FALSE,FALSE,TRUE
"2023-09","No Elegible","Vulnerabilidad Moderada",1,1,1,1,1.776038647,2.117608696,2.580217391,1,"sotap",1,"low",0,0,27.40879931,2.764975192,26.52675674,"EXCLUSION",TRUE,TRUE,FALSE,FALSE,FALSE,TRUE
"2023-10","Lista de Reserva","Vulnerabilidad Severa",2.700708215,2.051104816,2.578385269,1,1.776038647,2.823478261,2.580217391,2.544987923,"foten",2,"average",NA,31.71522481,50,4.339523636,81.12680246,"EXCLUSION",FALSE,TRUE,FALSE,TRUE,TRUE,TRUE
"2023-08","Lista de Reserva","Vulnerabilidad Elevada",1,2.051104816,1,1,1.776038647,2.823478261,2.580217391,1,"sotap",4,"complete",NA,6.609317356,32.12448674,3.093321436,37.91270043,"EXCLUSION",TRUE,TRUE,TRUE,TRUE,TRUE,FALSE
"2023-06","Elegible","Vulnerabilidad Moderada",1,1.525552408,1,1,1.776038647,2.117608696,1.790108696,1,"fupal",2,"average",NA,3.741369748,21.88512181,2.722175411,25.04260747,"INCLUSION",TRUE,TRUE,FALSE,TRUE,FALSE,TRUE
"2024-05","No Elegible","Vulnerabilidad Moderada",1,1,1,1,1.776038647,2.823478261,2.580217391,1,"sotap",1,"low",0,0,32.12448674,2.896589272,31.09068863,"EXCLUSION",TRUE,TRUE,FALSE,FALSE,FALSE,TRUE
"2024-04","Lista de Reserva","Vulnerabilidad Baja",1,1.525552408,1,1,1.776038647,1,1.790108696,1.043888889,"foten",3,"average",NA,3.741369748,12.53066404,2.461093996,15.98918551,"EXCLUSION",TRUE,TRUE,FALSE,FALSE,FALSE,TRUE
"2024-05","No Elegible por Intenciones","Vulnerabilidad Baja",1,1,1,1,1.776038647,1,1,1.043888889,"pcr_cdmx",1,"low",0,0,5.979299062,2.166881278,5.786879239,"EXCLUSION",TRUE,TRUE,FALSE,FALSE,FALSE,TRUE
"2024-07","No Elegible","Vulnerabilidad Baja",1,1,3.251728045,1,1,1,1.790108696,1.043888889,"sotap",1,"low",NA,11.51832969,6.061858428,2.512038745,17.75578282,"EXCLUSION",TRUE,TRUE,FALSE,FALSE,FALSE,TRUE
"2024-02","No Elegible","Vulnerabilidad Baja",1,1,1,1,1.776038647,1,2.580217391,1.043888889,"sotap",1,"low",0,0,17.15905947,2.478906597,16.60686378,"EXCLUSION",TRUE,TRUE,FALSE,FALSE,FALSE,TRUE
"2023-11","Lista de Reserva","Vulnerabilidad Moderada",1,1,1,1,1.776038647,2.823478261,1.790108696,1,"foten",1,"low",NA,0,26.18890898,2.730928248,25.3461237,"EXCLUSION",TRUE,TRUE,FALSE,FALSE,FALSE,TRUE
"2024-05","Lista de Reserva","Vulnerabilidad Moderada",2.700708215,1,1.249197356,1,1.776038647,1,2.580217391,1.043888889,"pcr_cdmx",1,"low",0,11.93561888,17.15905947,2.834180827,28.92658281,"EXCLUSION",TRUE,FALSE,FALSE,FALSE,FALSE,TRUE
"2024-02","No Elegible","Vulnerabilidad Elevada",1,1,2.578385269,1,1.776038647,2.117608696,2.580217391,1.043888889,"sotap",2,"average",NA,8.975915299,28.09152966,3.051206127,36.45228537,"EXCLUSION",FALSE,FALSE,FALSE,TRUE,TRUE,TRUE
"2023-07","Lista de Reserva","Vulnerabilidad Baja",1,1,1,1,1.776038647,1.498900966,1.790108696,1,"sotap",4,"average",0,0,17.10850297,2.477495573,16.55793424,"EXCLUSION",TRUE,TRUE,FALSE,FALSE,FALSE,TRUE
"2023-06","No Elegible","Vulnerabilidad Elevada",2.070141643,1,1,1,1.776038647,2.823478261,1.790108696,1.043888889,"fupal",3,"average",-500,6.702282231,26.85846924,2.949114914,32.91210522,"EXCLUSION",TRUE,TRUE,FALSE,FALSE,TRUE,TRUE
"2023-10","Elegible","Vulnerabilidad Elevada",1,1,2.578385269,1,1.776038647,2.823478261,1.790108696,1.043888889,"sotap",2,"average",-500,8.975915299,26.85846924,3.016791609,35.25890607,"INCLUSION",TRUE,TRUE,FALSE,TRUE,TRUE,TRUE
"2024-01","No Elegible","Vulnerabilidad Baja",1,1,1,1,1.776038647,1,1.790108696,1,"sotap",6,"average",NA,0,12.01413641,2.33531262,11.62750949,"EXCLUSION",TRUE,TRUE,FALSE,FALSE,FALSE,TRUE
"2024-06","No Elegible","Vulnerabilidad Severa",2.070141643,2.051104816,2.578385269,1,1.776038647,2.823478261,2.580217391,2.544987923,"sotap",2,"complete",NA,27.51489601,50,4.214497142,76.79130288,"EXCLUSION",TRUE,TRUE,FALSE,TRUE,TRUE,TRUE
"2024-02","No Elegible","Vulnerabilidad Moderada",1,1,1,1,1.776038647,2.823478261,2.580217391,1,"futij",1,"low",0,0,32.12448674,2.896589272,31.09068863,"EXCLUSION",TRUE,FALSE,FALSE,FALSE,FALSE,TRUE
"2024-03","No Elegible","Vulnerabilidad Elevada",1,1,3.251728045,1,1.776038647,1.498900966,2.580217391,1.043888889,"fupal",4,"average",NA,11.51832969,22.80125306,2.979232564,33.95648699,"EXCLUSION",TRUE,TRUE,FALSE,TRUE,TRUE,TRUE
"2024-01","No Elegible","Vulnerabilidad Baja",1,1,1,1,1,1,1.790108696,1.043888889,"foten",1,"low",0,0,6.061858428,2.169185496,5.866781762,"EXCLUSION",TRUE,TRUE,FALSE,FALSE,FALSE,TRUE
"2023-10","No Elegible","Vulnerabilidad Baja",1,1,1,1,1.776038647,2.117608696,1.790108696,1.043888889,"sotap",1,"low",NA,0,22.50821784,2.628200749,21.78388088,"EXCLUSION",TRUE,TRUE,TRUE,FALSE,FALSE,TRUE
"2024-03","Elegible","Vulnerabilidad Elevada",2.700708215,1,3.251728045,1,1.776038647,2.117608696,2.580217391,1,"sotap",1,"low",NA,24.2379543,27.40879931,3.486439293,51.54471265,"INCLUSION",TRUE,TRUE,FALSE,FALSE,FALSE,TRUE
"2024-04","No Elegible","Vulnerabilidad Moderada",2.070141643,1,1,1,1.776038647,2.117608696,1.790108696,1.043888889,"fupal",2,"average",NA,6.702282231,22.50821784,2.827700095,28.70184926,"EXCLUSION",TRUE,TRUE,FALSE,TRUE,FALSE,TRUE
"2024-02","Lista de Reserva","Vulnerabilidad Baja",1.599560907,1,1,1,1,2.117608696,1.790108696,1,"sotap",1,"low",0,4.186184624,14.16503897,2.519949445,18.03009408,"EXCLUSION",TRUE,TRUE,FALSE,FALSE,FALSE,TRUE
"2024-04","No Elegible","Vulnerabilidad Baja",1,1,1,1,1,1.498900966,1,1,"sotap",3,"low",NA,0,3.815111519,2.10647915,3.692337415,"EXCLUSION",TRUE,TRUE,FALSE,FALSE,FALSE,TRUE
"2024-02","No Elegible","Vulnerabilidad Elevada",1,1,1,1,1.776038647,2.823478261,2.580217391,1.043888889,"sotap",1,"low",NA,0,32.85812825,2.917065088,31.80072082,"EXCLUSION",FALSE,TRUE,FALSE,FALSE,FALSE,TRUE
"2023-11","No Elegible","Vulnerabilidad Baja",1,1,1,1,1.776038647,2.117608696,1.790108696,1,"sotap",4,"average",NA,0,21.88512181,2.610810239,21.18083671,"EXCLUSION",TRUE,TRUE,FALSE,FALSE,FALSE,TRUE
"2023-09","No Elegible","Vulnerabilidad Baja",2.700708215,1,1.249197356,1,1,1.498900966,1.790108696,1,"sotap",1,"low",-500,11.93561888,10.02735341,2.635136055,22.02438218,"EXCLUSION",TRUE,TRUE,FALSE,FALSE,FALSE,TRUE
"2024-02","Lista de Reserva","Vulnerabilidad Baja",2.700708215,1,1,1,1.776038647,1,1.790108696,1,"sotap",3,"low",NA,9.472088355,12.01413641,2.61725769,21.40441912,"EXCLUSION",TRUE,TRUE,FALSE,TRUE,TRUE,TRUE
"2023-06","No Elegible","Vulnerabilidad Baja",1,1,1,1.564135978,1.776038647,1.498900966,1.790108696,1,"sotap",1,"low",NA,3.975239986,17.10850297,2.5958221,20.66110142,"EXCLUSION",TRUE,TRUE,FALSE,FALSE,FALSE,TRUE
"2024-01","Lista de Reserva","Vulnerabilidad Elevada",1,1,2.578385269,1,1.776038647,2.117608696,2.580217391,1.043888889,"sotap",4,"average",NA,8.975915299,28.09152966,3.051206127,36.45228537,"EXCLUSION",TRUE,TRUE,FALSE,TRUE,TRUE,TRUE
"2023-09","Lista de Reserva","Vulnerabilidad Baja",1,1,1,1,1,1.498900966,1.790108696,1,"sotap",1,"low",0,0,10.02735341,2.279861825,9.70466315,"EXCLUSION",TRUE,TRUE,FALSE,FALSE,FALSE,TRUE
"2024-06","No Elegible","Vulnerabilidad Moderada",2.070141643,1,1,1,1.776038647,1.498900966,2.580217391,1,"fupal",1,"low",NA,6.702282231,22.17502718,2.818400797,28.37938101,"EXCLUSION",TRUE,TRUE,FALSE,FALSE,FALSE,TRUE
"2024-05","Elegible","Vulnerabilidad Baja",2.070141643,1,2.578385269,1,1,1,1.790108696,1.043888889,"sotap",1,"low",0,17.46888676,6.061858428,2.689162328,23.89783477,"INCLUSION",TRUE,TRUE,FALSE,FALSE,FALSE,TRUE
"2023-07","Lista de Reserva","Vulnerabilidad Elevada",2.070141643,1,1,1,1.776038647,2.823478261,2.580217391,1.043888889,NA,5,"average",0,6.702282231,32.85812825,3.116564434,38.7186892,"EXCLUSION",TRUE,TRUE,FALSE,FALSE,FALSE,TRUE
"2023-07","Lista de Reserva","Vulnerabilidad Elevada",1,1,2.578385269,1,1.776038647,2.117608696,2.580217391,1.043888889,"sotap",4,"complete",0,8.975915299,28.09152966,3.051206127,36.45228537,"EXCLUSION",TRUE,TRUE,FALSE,TRUE,TRUE,TRUE
"2023-07","Lista de Reserva","Vulnerabilidad Moderada",1,1.525552408,1,1,1.776038647,2.117608696,1.790108696,1,"foten",2,"average",NA,3.741369748,21.88512181,2.722175411,25.04260747,"EXCLUSION",TRUE,TRUE,FALSE,TRUE,FALSE,TRUE
"2024-04","No Elegible","Vulnerabilidad Moderada",2.700708215,1,2.578385269,1,1,1,1.790108696,1.043888889,"fupal",1,"low",NA,20.97871872,6.061858428,2.793635574,27.52061663,"EXCLUSION",TRUE,TRUE,FALSE,FALSE,FALSE,TRUE
"2024-04","No Elegible por Intenciones","Vulnerabilidad Severa",2.700708215,1,3.251728045,1.564135978,1.776038647,2.823478261,1.790108696,1.043888889,"foten",2,"average",0,31.08118723,26.85846924,3.674774537,58.07554776,"EXCLUSION",FALSE,TRUE,FALSE,TRUE,FALSE,TRUE
"2024-01","Elegible","Vulnerabilidad Baja",1,1,2.578385269,1,1,1,1.790108696,1,"sotap",6,"average",NA,8.975915299,5.614422911,2.423873683,14.6985144,"INCLUSION",TRUE,TRUE,FALSE,TRUE,TRUE,TRUE
"2023-07","Lista de Reserva","Vulnerabilidad Moderada",1,1,2.578385269,1,1.776038647,2.117608696,1.790108696,1,"sotap",3,"average",0,8.975915299,21.88512181,2.877986279,30.44560593,"EXCLUSION",TRUE,TRUE,FALSE,FALSE,FALSE,TRUE
"2024-01","Elegible","Vulnerabilidad Baja",1,2.051104816,1,1,1.776038647,2.823478261,1,1,"fomon",1,"low",NA,6.609317356,17.78726377,2.693171842,24.03686363,"INCLUSION",TRUE,FALSE,FALSE,FALSE,FALSE,TRUE
"2024-04","Lista de Reserva","Vulnerabilidad Baja",2.700708215,1,1,1,1,1.498900966,1,1,"sotap",3,"low",NA,9.472088355,3.815111519,2.38842422,13.46924705,"EXCLUSION",TRUE,FALSE,FALSE,FALSE,FALSE,TRUE
"2023-11","Elegible","Vulnerabilidad Baja",1,1,1,1,1,1.498900966,1.790108696,1,"sotap",1,"low",NA,0,10.02735341,2.279861825,9.70466315,"INCLUSION",TRUE,TRUE,FALSE,FALSE,FALSE,TRUE
"2023-11","Elegible","Vulnerabilidad Elevada",2.700708215,2.051104816,1,1,1.776038647,2.823478261,1.790108696,1,"foten",2,"average",NA,17.94487015,26.18890898,3.265073146,43.86847772,"INCLUSION",TRUE,TRUE,FALSE,TRUE,TRUE,TRUE
"2023-08","Lista de Reserva","Vulnerabilidad Elevada",2.700708215,1,3.251728045,1,1,2.117608696,1.790108696,1,"foten",2,"average",NA,24.2379543,14.16503897,3.116808067,38.72714976,"EXCLUSION",TRUE,TRUE,FALSE,FALSE,FALSE,TRUE
"2023-06","No Elegible","Vulnerabilidad Moderada",1,1,1,1,1.776038647,2.823478261,1.790108696,1,"sotap",4,"average",NA,0,26.18890898,2.730928248,25.3461237,"EXCLUSION",TRUE,TRUE,FALSE,FALSE,TRUE,TRUE
"2024-02","Elegible","Vulnerabilidad Baja",1,1,1,1,1.776038647,1,2.580217391,1.043888889,"fupal",2,"average",0,0,17.15905947,2.478906597,16.60686378,"INCLUSION",TRUE,TRUE,FALSE,TRUE,TRUE,TRUE
"2023-08","Lista de Reserva","Vulnerabilidad Baja",1,1,3.251728045,1,1.776038647,1,1.790108696,1.043888889,"sotap",1,"low",0,11.51832969,12.53066404,2.692582072,24.0164158,"EXCLUSION",TRUE,TRUE,FALSE,FALSE,FALSE,TRUE
"2023-07","Lista de Reserva","Vulnerabilidad Severa",2.700708215,1,3.251728045,1,1.776038647,2.117608696,2.580217391,1.043888889,NA,1,"low",0,24.2379543,28.09152966,3.505494188,52.20547205,"EXCLUSION",FALSE,TRUE,FALSE,FALSE,FALSE,TRUE
"2024-04","Lista de Reserva","Vulnerabilidad Moderada",2.700708215,1,1.249197356,1.564135978,1.776038647,1,1.790108696,1,"sotap",1,"low",0,17.32315919,12.01413641,2.850951742,29.50814526,"EXCLUSION",TRUE,FALSE,TRUE,FALSE,FALSE,TRUE
"2024-03","No Elegible","Vulnerabilidad Baja",1,1,1,1,1,1,1.790108696,1,"fomon",4,"low",0,0,5.614422911,2.156697643,5.433745167,"EXCLUSION",TRUE,TRUE,FALSE,FALSE,FALSE,TRUE
"2024-02","No Elegible","Vulnerabilidad Elevada",1,2.051104816,3.251728045,1,1.776038647,1,2.580217391,1,"sotap",3,"low",NA,20.39367297,16.59309681,3.070146345,37.10907612,"EXCLUSION",TRUE,TRUE,FALSE,TRUE,TRUE,TRUE
"2024-05","No Elegible","Vulnerabilidad Baja",1,1,1,1,1,2.117608696,1.790108696,1,"pcr_cdmx",1,"low",0,0,14.16503897,2.395343965,13.70919385,"EXCLUSION",TRUE,TRUE,FALSE,FALSE,FALSE,TRUE
"2024-01","Lista de Reserva","Vulnerabilidad Moderada",2.700708215,1,1.249197356,1,1.776038647,1.498900966,1.790108696,1,"futij",1,"low",NA,11.93561888,17.10850297,2.832769803,28.87765327,"EXCLUSION",TRUE,TRUE,FALSE,FALSE,FALSE,TRUE
"2023-08","No Elegible","Vulnerabilidad Baja",1,1.525552408,1,1,1.776038647,1.498900966,1.790108696,1,"sotap",3,"average",0,3.741369748,17.10850297,2.588860746,20.419705,"EXCLUSION",TRUE,TRUE,FALSE,FALSE,FALSE,TRUE
"2024-05","No Elegible","Vulnerabilidad Baja",1,1,2.578385269,1,1,2.117608696,1,1,"sotap",1,"low",0,8.975915299,7.392265486,2.473492984,16.41914422,"EXCLUSION",TRUE,TRUE,FALSE,FALSE,FALSE,TRUE
"2024-02","No Elegible","Vulnerabilidad Baja",1,1,1,1,1,1.498900966,1,1,"sotap",1,"low",NA,0,3.815111519,2.10647915,3.692337415,"EXCLUSION",TRUE,TRUE,FALSE,FALSE,FALSE,TRUE
"2023-08","Elegible","Vulnerabilidad Elevada",1,2.051104816,1,1,1.776038647,2.823478261,1.790108696,1,"sotap",4,"average",NA,6.609317356,26.18890898,2.927660413,32.1681355,"INCLUSION",TRUE,TRUE,FALSE,TRUE,TRUE,TRUE
"2023-09","No Elegible","Vulnerabilidad Baja",1,1.525552408,1,1,1.776038647,1.498900966,1.790108696,1,"sotap",2,"average",0,3.741369748,17.10850297,2.588860746,20.419705,"EXCLUSION",TRUE,TRUE,FALSE,TRUE,TRUE,TRUE
"2024-06","No Elegible","Vulnerabilidad Severa",2.700708215,1,3.251728045,1,1.776038647,2.823478261,2.580217391,1,"sotap",4,"complete",NA,24.2379543,32.12448674,3.618053373,56.10864454,"EXCLUSION",TRUE,TRUE,FALSE,TRUE,TRUE,TRUE
"2024-03","No Elegible","Vulnerabilidad Moderada",1,1,1,1,1.776038647,2.823478261,1.790108696,1,"sotap",1,"low",NA,0,26.18890898,2.730928248,25.3461237,"EXCLUSION",TRUE,FALSE,FALSE,FALSE,FALSE,TRUE
"2024-03","No Elegible","Vulnerabilidad Elevada",1,1,2.578385269,1,1.776038647,2.823478261,2.580217391,1.043888889,"sotap",6,"average",-500,8.975915299,32.85812825,3.184241129,41.06549005,"EXCLUSION",TRUE,TRUE,FALSE,FALSE,TRUE,TRUE
"2024-02","Elegible","Vulnerabilidad Elevada",1,1,1,1,1.776038647,2.823478261,2.580217391,1.043888889,"sotap",2,"low",0,0,32.85812825,2.917065088,31.80072082,"INCLUSION",FALSE,TRUE,TRUE,FALSE,FALSE,TRUE
"2023-08","Lista de Reserva","Vulnerabilidad Moderada",2.700708215,1,2.578385269,1,1,1.498900966,1,1,"sotap",1,"low",0,20.97871872,3.815111519,2.730929228,25.34617228,"EXCLUSION",TRUE,FALSE,FALSE,FALSE,FALSE,TRUE
"2024-06","No Elegible","Vulnerabilidad Baja",1,2.051104816,1,1,1.776038647,1,2.580217391,1.043888889,"sotap",4,"average",0,6.609317356,17.15905947,2.675638761,23.42887558,"EXCLUSION",TRUE,TRUE,FALSE,TRUE,TRUE,TRUE
"2024-06","Lista de Reserva","Vulnerabilidad Elevada",1,1,2.578385269,1,1.776038647,2.117608696,2.580217391,1,"sotap",1,"low",NA,8.975915299,27.40879931,3.032151233,35.79152597,"EXCLUSION",TRUE,TRUE,FALSE,FALSE,FALSE,TRUE
"2024-06","No Elegible","Vulnerabilidad Elevada",2.700708215,1,3.251728045,1,1.776038647,1,1.790108696,1,"sotap",3,"low",0,24.2379543,12.01413641,3.056776721,36.64546539,"EXCLUSION",TRUE,TRUE,FALSE,TRUE,TRUE,TRUE
"2024-04","Lista de Reserva","Vulnerabilidad Elevada",1,1,2.578385269,1,1,2.117608696,2.580217391,1.738466184,"sotap",4,"average",NA,8.975915299,27.07165714,3.022741649,35.46523337,"EXCLUSION",TRUE,TRUE,TRUE,TRUE,FALSE,TRUE
"2023-09","Elegible","Vulnerabilidad Baja",1,1,1,1.564135978,1,2.117608696,1,1.043888889,"sotap",4,"average",0,3.975239986,7.858894815,2.33766702,11.7091549,"INCLUSION",TRUE,TRUE,FALSE,TRUE,TRUE,TRUE
"2023-10","Lista de Reserva","Vulnerabilidad Baja",1,1,1,1,1,1,2.580217391,1,"fupal",1,"low",NA,0,9.580889352,2.267401085,9.272566752,"EXCLUSION",TRUE,TRUE,FALSE,FALSE,FALSE,TRUE
"2024-04","No Elegible por Intenciones","Vulnerabilidad Baja",1,1,2.578385269,1,1,1.498900966,1.790108696,1,"sotap",1,"low",NA,8.975915299,10.02735341,2.547037866,18.96943238,"EXCLUSION",TRUE,TRUE,FALSE,FALSE,FALSE,TRUE
"2023-07","No Elegible","Vulnerabilidad Baja",1,1,1,1,1,1.498900966,1,1,"fupal",3,"low",NA,0,3.815111519,2.10647915,3.692337415,"EXCLUSION",TRUE,TRUE,FALSE,FALSE,FALSE,TRUE
"2024-06","No Elegible","Vulnerabilidad Baja",1,1,1,1,1.776038647,2.117608696,1.790108696,1,"sotap",1,"low",NA,0,21.88512181,2.610810239,21.18083671,"EXCLUSION",TRUE,TRUE,FALSE,FALSE,FALSE,TRUE
"2024-04","Lista de Reserva","Vulnerabilidad Elevada",1,1,2.578385269,1,1.776038647,2.117608696,1.790108696,1.738466184,"sotap",1,"low",NA,8.975915299,30.44211729,3.116810651,38.72722874,"EXCLUSION",TRUE,TRUE,FALSE,FALSE,FALSE,TRUE
"2023-09","No Elegible","Vulnerabilidad Baja",1,1,3.251728045,1,1,1.498900966,1.790108696,1,"sotap",1,"low",0,11.51832969,10.02735341,2.622715074,21.59366421,"EXCLUSION",TRUE,TRUE,FALSE,FALSE,FALSE,TRUE
"2023-09","No Elegible","Vulnerabilidad Elevada",2.070141643,1,1,1,1.776038647,2.823478261,1.790108696,1.043888889,"sotap",4,"average",0,6.702282231,26.85846924,2.949114914,32.91210522,"EXCLUSION",TRUE,TRUE,FALSE,FALSE,FALSE,TRUE
"2023-08","Elegible","Vulnerabilidad Baja",1,1,2.578385269,1,1,1.498900966,1.790108696,1,"sotap",1,"low",NA,8.975915299,10.02735341,2.547037866,18.96943238,"INCLUSION",TRUE,TRUE,FALSE,FALSE,FALSE,FALSE
"2024-04","No Elegible","Vulnerabilidad Baja",1,1,1,1,1,1,2.580217391,1.043888889,"fomon",1,"low",NA,0,10.07114734,2.281084107,9.747047747,"EXCLUSION",TRUE,TRUE,FALSE,FALSE,FALSE,TRUE
"2023-08","No Elegible","Vulnerabilidad Baja",1,1.525552408,1,1,1.776038647,1.498900966,1,1,"sotap",1,"low",NA,3.741369748,9.93697889,2.388704659,13.47896774,"EXCLUSION",TRUE,FALSE,FALSE,FALSE,FALSE,TRUE
"2023-09","Elegible","Vulnerabilidad Elevada",2.070141643,1,2.578385269,1,1.776038647,2.117608696,1.790108696,1.043888889,"sotap",2,"average",NA,17.46888676,22.50821784,3.148177581,39.81493389,"INCLUSION",TRUE,TRUE,FALSE,TRUE,TRUE,TRUE
"2024-04","No Elegible","Vulnerabilidad Elevada",1,2.051104816,1,1,1.776038647,2.823478261,1.790108696,1,"sotap",1,"low",0,6.609317356,26.18890898,2.927660413,32.1681355,"EXCLUSION",TRUE,TRUE,FALSE,FALSE,FALSE,TRUE
"2024-06","No Elegible","Vulnerabilidad Baja",1,1,1,1,1.776038647,1,2.580217391,1,"sotap",1,"low",NA,0,16.59309681,2.46311067,16.05911436,"EXCLUSION",TRUE,TRUE,FALSE,FALSE,FALSE,TRUE
"2024-05","Lista de Reserva","Vulnerabilidad Baja",1,1,1,1,1,1,1.790108696,1.043888889,"sotap",1,"low",0,0,6.061858428,2.169185496,5.866781762,"EXCLUSION",TRUE,TRUE,FALSE,FALSE,FALSE,TRUE
"2023-10","Lista de Reserva","Vulnerabilidad Baja",1,1,1,1,1,1.498900966,1,1,"futij",3,"low",NA,0,3.815111519,2.10647915,3.692337415,"EXCLUSION",TRUE,TRUE,FALSE,FALSE,FALSE,TRUE
"2024-01","No Elegible","Vulnerabilidad Baja",1,1,1,1,1.776038647,1,1.790108696,1,"sotap",1,"low",NA,0,12.01413641,2.33531262,11.62750949,"EXCLUSION",TRUE,TRUE,FALSE,FALSE,FALSE,TRUE
"2023-09","No Elegible","Vulnerabilidad Elevada",1,1,3.251728045,1,1.776038647,2.117608696,1.790108696,1,"sotap",1,"low",NA,11.51832969,21.88512181,2.953663487,33.06983776,"EXCLUSION",FALSE,FALSE,FALSE,FALSE,FALSE,TRUE
"2024-03","Lista de Reserva","Vulnerabilidad Severa",2.700708215,1,2.578385269,1,1.776038647,2.823478261,2.580217391,1,"sotap",2,"complete",NA,20.97871872,32.12448674,3.521039349,52.7445235,"EXCLUSION",TRUE,FALSE,FALSE,TRUE,TRUE,TRUE
"2024-02","Lista de Reserva","Vulnerabilidad Baja",1,2.051104816,1,1,1,1,1,1,"sotap",5,"low",-500,6.609317356,0,2.196732164,6.822011798,"EXCLUSION",TRUE,TRUE,FALSE,FALSE,FALSE,TRUE
"2023-09","Lista de Reserva","Vulnerabilidad Elevada",2.700708215,1,3.251728045,1,1.776038647,2.117608696,2.580217391,1,"sotap",1,"low",NA,24.2379543,27.40879931,3.486439293,51.54471265,"EXCLUSION",TRUE,TRUE,FALSE,FALSE,FALSE,TRUE
"2024-04","No Elegible","Vulnerabilidad Elevada",2.700708215,2.051104816,3.251728045,1,1,2.117608696,1,1,"sotap",1,"low",NA,35.61565687,7.392265486,3.266448403,43.91617931,"EXCLUSION",TRUE,TRUE,FALSE,FALSE,FALSE,TRUE
"2023-12","Elegible","Vulnerabilidad Elevada",2.700708215,1.525552408,1.249197356,1,1.776038647,1.498900966,1.790108696,1,"sotap",1,"low",0,17.00620089,17.10850297,2.983700152,34.11141168,"INCLUSION",TRUE,TRUE,FALSE,FALSE,FALSE,TRUE
"2024-05","No Elegible","Vulnerabilidad Severa",2.700708215,1.525552408,3.251728045,1,1.776038647,2.823478261,1.790108696,1,"sotap",1,"low",0,30.67858802,26.18890898,3.644103496,57.01197936,"EXCLUSION",FALSE,TRUE,FALSE,FALSE,FALSE,TRUE
"2024-02","No Elegible","Vulnerabilidad Elevada",2.070141643,1,1,1,1.776038647,2.117608696,2.580217391,2.544987923,"foten",3,"average",NA,6.702282231,44.04383881,3.428755821,49.54443241,"EXCLUSION",TRUE,TRUE,FALSE,FALSE,FALSE,TRUE
"2023-11","Lista de Reserva","Vulnerabilidad Elevada",2.700708215,1,2.578385269,1,1.776038647,2.117608696,1.790108696,1,"foten",1,"low",-500,20.97871872,21.88512181,3.235260316,42.83467157,"EXCLUSION",TRUE,TRUE,FALSE,FALSE,FALSE,TRUE
"2023-06","No Elegible","Vulnerabilidad Moderada",1,1,1,1,1.776038647,2.823478261,1.790108696,1,"foten",3,"low",0,0,26.18890898,2.730928248,25.3461237,"EXCLUSION",TRUE,TRUE,FALSE,FALSE,TRUE,TRUE
"2024-02","Lista de Reserva","Vulnerabilidad Elevada",1,1,2.578385269,1.564135978,1.776038647,2.823478261,2.580217391,1.043888889,"sotap",1,"low",NA,14.01324416,32.85812825,3.334181668,46.2649252,"EXCLUSION",TRUE,TRUE,FALSE,FALSE,FALSE,TRUE
"2024-05","Lista de Reserva","Vulnerabilidad Moderada",1,1,1,1,1.776038647,2.823478261,1.790108696,1,"sotap",4,"average",0,0,26.18890898,2.730928248,25.3461237,"EXCLUSION",TRUE,TRUE,FALSE,FALSE,FALSE,TRUE
"2024-02","Elegible","Vulnerabilidad Elevada",1,1,3.251728045,1,1.776038647,2.823478261,1.790108696,1.043888889,"sotap",4,"average",NA,11.51832969,26.85846924,3.092468817,37.8831379,"INCLUSION",TRUE,TRUE,FALSE,FALSE,FALSE,FALSE
"2024-04","Lista de Reserva","Vulnerabilidad Elevada",1,2.051104816,1,1,1.776038647,2.117608696,2.580217391,1,"sotap",4,"complete",NA,6.609317356,27.40879931,2.961707356,33.34876854,"EXCLUSION",TRUE,TRUE,FALSE,TRUE,TRUE,TRUE
"2024-02","No Elegible","Vulnerabilidad Moderada",1,1,2.578385269,1,1.776038647,1.498900966,1.790108696,1.043888889,"fupal",4,"average",0,8.975915299,17.68003002,2.760622842,26.3758382,"EXCLUSION",FALSE,TRUE,FALSE,FALSE,FALSE,TRUE
"2024-01","No Elegible","Vulnerabilidad Baja",1,1,3.251728045,1,1,1.498900966,1,1.043888889,"fupal",1,"low",NA,11.51832969,4.243121443,2.461278087,15.99557461,"EXCLUSION",TRUE,TRUE,FALSE,FALSE,FALSE,TRUE
"2023-09","No Elegible","Vulnerabilidad Elevada",2.070141643,1,1,1,1.776038647,2.823478261,1.790108696,1.043888889,"fomon",1,"low",0,6.702282231,26.85846924,2.949114914,32.91210522,"EXCLUSION",FALSE,TRUE,FALSE,FALSE,FALSE,TRUE
"2024-05","Elegible","Vulnerabilidad Elevada",2.700708215,1,1.249197356,1,1.776038647,2.823478261,2.580217391,1,"sotap",4,"average",-500,11.93561888,32.12448674,3.251863502,43.41040766,"INCLUSION",TRUE,TRUE,FALSE,FALSE,FALSE,TRUE
"2023-07","Lista de Reserva","Vulnerabilidad Baja",2.070141643,1,1,1,1,1,1.790108696,1.043888889,"pcr_cdmx",1,"low",0,6.702282231,6.061858428,2.368684842,12.78475014,"EXCLUSION",TRUE,TRUE,FALSE,FALSE,FALSE,TRUE
"2023-10","Elegible","Vulnerabilidad Elevada",1,1,2.578385269,1,1.776038647,2.823478261,2.580217391,1.043888889,"sotap",3,"average",NA,8.975915299,32.85812825,3.184241129,41.06549005,"INCLUSION",TRUE,TRUE,FALSE,FALSE,FALSE,TRUE
"2023-06","Lista de Reserva","Vulnerabilidad Baja",1,1,1,1,1,1,1.790108696,1.043888889,"sotap",7,"average",0,0,6.061858428,2.169185496,5.866781762,"EXCLUSION",TRUE,TRUE,FALSE,FALSE,FALSE,TRUE
"2023-06","No Elegible","Vulnerabilidad Moderada",1,1.525552408,1,1,1.776038647,2.823478261,1.790108696,1,"sotap",1,"low",-500,3.741369748,26.18890898,2.842293421,29.20789447,"EXCLUSION",TRUE,TRUE,FALSE,FALSE,FALSE,TRUE
"2024-05","No Elegible","Vulnerabilidad Elevada",1,1,3.251728045,1,1.776038647,2.823478261,2.580217391,1,"sotap",4,"low",-500,11.51832969,32.12448674,3.23944252,42.97968969,"EXCLUSION",TRUE,TRUE,TRUE,FALSE,TRUE,TRUE
"2024-04","No Elegible","Vulnerabilidad Moderada",2.700708215,1,1,1,1.776038647,2.117608696,2.580217391,1.043888889,"sotap",3,"average",0,9.472088355,28.09152966,3.065975156,36.96442577,"EXCLUSION",TRUE,TRUE,FALSE,FALSE,FALSE,TRUE
"2023-09","Lista de Reserva","Vulnerabilidad Elevada",2.070141643,1,1,1,1.776038647,2.823478261,2.580217391,1.043888889,"sotap",3,"average",0,6.702282231,32.85812825,3.116564434,38.7186892,"EXCLUSION",TRUE,TRUE,FALSE,FALSE,TRUE,TRUE
"2024-07","No Elegible","Vulnerabilidad Severa",2.700708215,1,3.251728045,1,1.776038647,2.823478261,2.580217391,1.043888889,"futij",3,"average",NA,24.2379543,32.85812825,3.63852919,56.81867673,"EXCLUSION",FALSE,TRUE,FALSE,TRUE,TRUE,TRUE
"2024-05","Elegible","Vulnerabilidad Elevada",1,1,2.578385269,1,1.776038647,2.823478261,2.580217391,1.043888889,"foten",4,"average",0,8.975915299,32.85812825,3.184241129,41.06549005,"INCLUSION",TRUE,TRUE,FALSE,FALSE,FALSE,TRUE
"2024-04","No Elegible","Vulnerabilidad Elevada",2.700708215,1,1,1,1.776038647,2.823478261,1.790108696,1,"sotap",3,"average",-500,9.472088355,26.18890898,3.012873318,35.12303333,"EXCLUSION",FALSE,TRUE,FALSE,TRUE,TRUE,TRUE
"2024-01","No Elegible","Vulnerabilidad Moderada",1,1,1,1,1.776038647,2.823478261,1.790108696,1,"sotap",1,"low",NA,0,26.18890898,2.730928248,25.3461237,"EXCLUSION",TRUE,TRUE,FALSE,FALSE,FALSE,TRUE
"2024-05","Elegible","Vulnerabilidad Elevada",1.599560907,1,1,1,1.776038647,2.823478261,2.580217391,1.043888889,"foten",2,"low",NA,4.186184624,32.85812825,3.041670568,36.12162106,"INCLUSION",TRUE,TRUE,FALSE,TRUE,TRUE,TRUE
"2023-08","No Elegible","Vulnerabilidad Moderada",2.070141643,1,2.578385269,1,1,1.498900966,1.790108696,1.043888889,"foten",1,"low",NA,17.46888676,10.52243148,2.813656206,28.21486212,"EXCLUSION",TRUE,TRUE,FALSE,FALSE,FALSE,TRUE
"2024-04","Lista de Reserva","Vulnerabilidad Baja",1,1,2.578385269,1,1,1,1,1,"pcr_cdmx",1,"low",NA,8.975915299,0,2.267176041,9.264769229,"EXCLUSION",TRUE,TRUE,FALSE,FALSE,FALSE,TRUE
"2024-05","No Elegible por Duplicidad","Vulnerabilidad Moderada",1,1,1,1,1.776038647,2.823478261,1.790108696,1,"fupal",1,"low",0,0,26.18890898,2.730928248,25.3461237,"EXCLUSION",TRUE,TRUE,FALSE,FALSE,FALSE,TRUE
"2024-04","No Elegible","Vulnerabilidad Elevada",2.700708215,1,3.251728045,1,1,2.117608696,2.580217391,1.043888889,"foten",2,"average",NA,24.2379543,19.54126117,3.266857566,43.93035975,"EXCLUSION",TRUE,TRUE,FALSE,TRUE,TRUE,TRUE
"2024-02","No Elegible","Vulnerabilidad Elevada",2.070141643,1,2.578385269,2.128271955,1,1.498900966,1.790108696,1.043888889,"sotap",4,"average",0,28.0817378,10.52243148,3.129557084,39.16924532,"EXCLUSION",TRUE,TRUE,FALSE,FALSE,FALSE,TRUE
"2023-11","No Elegible","Vulnerabilidad Baja",2.070141643,1,1,1,1.776038647,1.498900966,1.790108696,1.043888889,"sotap",1,"low",0,6.702282231,17.68003002,2.692946147,24.02903735,"EXCLUSION",TRUE,TRUE,FALSE,FALSE,FALSE,TRUE
"2023-12","No Elegible por Intenciones","Vulnerabilidad Baja",1,1,1,1,1,2.117608696,1,1,"fupal",1,"low",0,0,7.392265486,2.206316944,7.15437499,"EXCLUSION",TRUE,TRUE,FALSE,FALSE,FALSE,TRUE
"2024-01","No Elegible","Vulnerabilidad Baja",1,1,1,1,1,1,1.790108696,1,"sotap",1,"low",-500,0,5.614422911,2.156697643,5.433745167,"EXCLUSION",TRUE,TRUE,FALSE,FALSE,FALSE,TRUE
"2023-07","No Elegible","Vulnerabilidad Moderada",1,1,1,1,1.776038647,2.117608696,2.580217391,1.043888889,"sotap",1,"low",0,0,28.09152966,2.784030087,27.18751614,"EXCLUSION",TRUE,FALSE,FALSE,FALSE,FALSE,TRUE
"2023-12","Elegible","Vulnerabilidad Moderada",1,1,1,1,1.776038647,2.823478261,1.790108696,1,"sotap",3,"low",NA,0,26.18890898,2.730928248,25.3461237,"INCLUSION",TRUE,FALSE,FALSE,FALSE,FALSE,TRUE
"2024-01","Lista de Reserva","Vulnerabilidad Moderada",1,1,1,1,1.776038647,2.823478261,2.580217391,1,"fupal",4,"average",NA,0,32.12448674,2.896589272,31.09068863,"EXCLUSION",TRUE,TRUE,FALSE,FALSE,FALSE,TRUE
"2024-05","Lista de Reserva","Vulnerabilidad Baja",1,1,1,1,1,1.498900966,1,1,"sotap",1,"low",0,0,3.815111519,2.10647915,3.692337415,"EXCLUSION",TRUE,TRUE,FALSE,FALSE,FALSE,TRUE
"2024-03","No Elegible","Vulnerabilidad Baja",1,1,1,1.564135978,1,1,1,1,"sotap",2,"low",0,3.975239986,0,2.118326527,4.103167184,"EXCLUSION",TRUE,TRUE,FALSE,FALSE,TRUE,TRUE
"2023-10","Elegible","Vulnerabilidad Elevada",1,1.525552408,2.578385269,1,1.776038647,2.823478261,1.790108696,1,"sotap",8,"average",NA,13.7168894,26.18890898,3.139223567,39.50443632,"INCLUSION",TRUE,TRUE,FALSE,FALSE,TRUE,TRUE
"2024-03","Elegible","Vulnerabilidad Baja",1,1,1,1,1.776038647,1.498900966,1.790108696,1.043888889,"sotap",2,"average",0,0,17.68003002,2.493446802,17.11106897,"INCLUSION",TRUE,TRUE,FALSE,TRUE,TRUE,FALSE
"2023-07","Lista de Reserva","Vulnerabilidad Elevada",2.700708215,1,2.578385269,1,1.776038647,2.823478261,1.790108696,1,"foten",3,"average",NA,20.97871872,26.18890898,3.355378326,46.99995857,"EXCLUSION",TRUE,TRUE,FALSE,FALSE,TRUE,TRUE
"2024-01","Elegible por Proceso Acelerado","Vulnerabilidad Baja",1,1,1,1,1,1,1,1,"sotap",1,"low",NA,0,0,2,0,"INCLUSION",FALSE,TRUE,FALSE,FALSE,FALSE,TRUE
"2024-05","Elegible","Vulnerabilidad Moderada",1,1,2.578385269,1,1.776038647,2.823478261,1,1,"sotap",1,"low",NA,8.975915299,17.78726377,2.763615719,26.47962106,"INCLUSION",TRUE,TRUE,FALSE,FALSE,FALSE,TRUE
"2024-07","Lista de Reserva","Vulnerabilidad Baja",1,1,1,1,1.776038647,1,1.790108696,1,"fupal",1,"low",NA,0,12.01413641,2.33531262,11.62750949,"EXCLUSION",FALSE,TRUE,FALSE,FALSE,FALSE,TRUE
"2024-06","No Elegible","Vulnerabilidad Elevada",2.070141643,1,1,1,1.776038647,2.823478261,2.580217391,1.043888889,"sotap",5,"high",NA,6.702282231,32.85812825,3.116564434,38.7186892,"EXCLUSION",TRUE,TRUE,FALSE,TRUE,TRUE,TRUE
"2024-02","Elegible","Vulnerabilidad Baja",1,1,1,1,1.776038647,2.117608696,1.790108696,1,"futij",4,"average",NA,0,21.88512181,2.610810239,21.18083671,"INCLUSION",TRUE,TRUE,FALSE,FALSE,FALSE,FALSE
"2023-08","No Elegible","Vulnerabilidad Baja",1,1,1,1,1,1,1,1,"sotap",5,"high",NA,0,0,2,0,"EXCLUSION",TRUE,TRUE,FALSE,FALSE,TRUE,TRUE
"2024-07","No Elegible","Vulnerabilidad Moderada",1,1.525552408,2.578385269,1,1.776038647,1,1.790108696,1,"sotap",1,"low",-500,13.7168894,12.01413641,2.743607939,25.7858221,"EXCLUSION",TRUE,FALSE,FALSE,FALSE,FALSE,TRUE
"2024-04","No Elegible","Vulnerabilidad Moderada",1,1,1,1,1.776038647,2.823478261,1.790108696,1,"sotap",2,"average",0,0,26.18890898,2.730928248,25.3461237,"EXCLUSION",TRUE,FALSE,FALSE,TRUE,TRUE,TRUE
"2024-03","No Elegible","Vulnerabilidad Moderada",1,1.525552408,1,1,1.776038647,2.117608696,1.790108696,1,"fusal",1,"low",0,3.741369748,21.88512181,2.722175411,25.04260747,"EXCLUSION",TRUE,TRUE,FALSE,FALSE,FALSE,TRUE
"2023-07","Lista de Reserva","Vulnerabilidad Baja",1,1,1.249197356,1,1,1,1,1,"pcr_cdmx",1,"low",0,1.921713018,0,2.057201484,1.983555665,"EXCLUSION",TRUE,TRUE,FALSE,FALSE,FALSE,TRUE
"2023-09","No Elegible","Vulnerabilidad Moderada",1,1,1,1,1.776038647,2.823478261,1.790108696,1.043888889,"sotap",1,"low",NA,0,26.85846924,2.749615568,25.99413684,"EXCLUSION",FALSE,TRUE,FALSE,FALSE,FALSE,TRUE
"2023-11","No Elegible","Vulnerabilidad Elevada",2.700708215,1,1,1,1.776038647,2.823478261,1.790108696,1,"sotap",5,"high",0,9.472088355,26.18890898,3.012873318,35.12303333,"EXCLUSION",TRUE,TRUE,FALSE,FALSE,TRUE,TRUE
"2024-03","No Elegible","Vulnerabilidad Baja",1,1,1,1,1.776038647,2.117608696,1.790108696,1,"sotap",1,"low",NA,0,21.88512181,2.610810239,21.18083671,"EXCLUSION",TRUE,TRUE,FALSE,FALSE,FALSE,TRUE
"2024-02","Elegible","Vulnerabilidad Baja",1,1.525552408,1,1,1,1,1,1,"sotap",2,"average",0,3.741369748,0,2.111365173,3.861770768,"INCLUSION",TRUE,TRUE,FALSE,TRUE,TRUE,TRUE
"2023-08","Elegible","Vulnerabilidad Baja",1,1,1,1,1,1,1,1,"sotap",1,"low",500,0,0,2,0,"INCLUSION",TRUE,TRUE,FALSE,FALSE,FALSE,TRUE
"2023-08","Elegible","Vulnerabilidad Elevada",2.700708215,1,2.578385269,1,1.776038647,2.823478261,1.790108696,1,"fupal",4,"average",NA,20.97871872,26.18890898,3.355378326,46.99995857,"INCLUSION",TRUE,TRUE,FALSE,FALSE,TRUE,TRUE
"2023-10","Elegible","Vulnerabilidad Severa",2.700708215,1,3.251728045,1,1.776038647,2.823478261,2.580217391,1.043888889,"sotap",1,"low",0,24.2379543,32.85812825,3.63852919,56.81867673,"INCLUSION",FALSE,FALSE,FALSE,FALSE,FALSE,TRUE
"2023-09","No Elegible","Vulnerabilidad Severa",2.700708215,1,3.251728045,1,1.776038647,2.823478261,2.580217391,1,"fupal",4,"average",NA,24.2379543,32.12448674,3.618053373,56.10864454,"EXCLUSION",TRUE,TRUE,FALSE,FALSE,TRUE,TRUE
"2023-12","Lista de Reserva","Vulnerabilidad Baja",1,1,1,1,1.776038647,1.498900966,1.790108696,1,"sotap",1,"low",500,0,17.10850297,2.477495573,16.55793424,"EXCLUSION",TRUE,TRUE,FALSE,FALSE,FALSE,TRUE
"2024-07","No Elegible","Vulnerabilidad Severa",2.700708215,1,2.578385269,1,1.776038647,2.117608696,1.790108696,2.544987923,"sotap",2,"complete",NA,20.97871872,37.06714366,3.658988111,57.52812078,"EXCLUSION",TRUE,FALSE,FALSE,TRUE,TRUE,TRUE
"2023-10","No Elegible","Vulnerabilidad Elevada",2.700708215,1,2.578385269,1,1.776038647,1.498900966,1.790108696,2.544987923,NA,2,"low",-500,20.97871872,31.0340229,3.490604678,51.68915188,"EXCLUSION",TRUE,TRUE,FALSE,FALSE,TRUE,TRUE
"2023-06","Lista de Reserva","Vulnerabilidad Baja",1,1,2.578385269,1,1,1.498900966,1,1,"sotap",1,"low",0,8.975915299,3.815111519,2.373655191,12.95710664,"EXCLUSION",TRUE,TRUE,FALSE,FALSE,FALSE,TRUE
"2024-06","No Elegible","Vulnerabilidad Elevada",1,2.051104816,2.578385269,1,1.776038647,2.117608696,1.790108696,1,"sotap",7,"high",NA,17.3510839,21.88512181,3.127280564,39.09029584,"EXCLUSION",TRUE,TRUE,FALSE,FALSE,FALSE,TRUE
"2024-01","Elegible","Vulnerabilidad Baja",1,1,1,1,1,1,1.790108696,1,"pcr_cdmx",1,"low",NA,0,5.614422911,2.156697643,5.433745167,"INCLUSION",FALSE,TRUE,FALSE,FALSE,FALSE,TRUE
"2023-09","Lista de Reserva","Vulnerabilidad Baja",1,1,1,1,1,1,1,1,"sotap",1,"low",NA,0,0,2,0,"EXCLUSION",TRUE,TRUE,FALSE,FALSE,FALSE,TRUE
"2024-06","Lista de Reserva","Vulnerabilidad Elevada",2.700708215,1,3.251728045,1,1.776038647,2.117608696,1.790108696,1,"sotap",3,"complete",NA,24.2379543,21.88512181,3.33227434,46.19879261,"EXCLUSION",TRUE,TRUE,FALSE,TRUE,TRUE,TRUE
"2024-03","No Elegible","Vulnerabilidad Baja",2.070141643,1,1,1,1,1,1.790108696,1.043888889,"fusal",3,"low",0,6.702282231,6.061858428,2.368684842,12.78475014,"EXCLUSION",TRUE,TRUE,FALSE,FALSE,FALSE,TRUE
"2023-10","No Elegible","Vulnerabilidad Elevada",2.700708215,2.051104816,2.578385269,1,1,1,1,1,"sotap",3,"low",0,31.71522481,0,2.944031657,32.73585246,"EXCLUSION",TRUE,TRUE,FALSE,TRUE,FALSE,TRUE
"2023-06","Lista de Reserva","Vulnerabilidad Elevada",2.700708215,2.051104816,3.251728045,1,1.776038647,1,1.790108696,1,"sotap",6,"average",0,35.61565687,12.01413641,3.395444079,48.38931381,"EXCLUSION",TRUE,TRUE,FALSE,FALSE,TRUE,TRUE
"2024-02","No Elegible","Vulnerabilidad Baja",2.070141643,1,1,1,1,2.117608696,1.790108696,1.043888889,"sotap",3,"average",NA,6.702282231,14.70478802,2.60990762,21.14954161,"EXCLUSION",TRUE,TRUE,FALSE,TRUE,TRUE,TRUE
"2024-01","Lista de Reserva","Vulnerabilidad Elevada",1,1,2.578385269,1,1.776038647,2.823478261,2.580217391,1.043888889,"sotap",2,"complete",0,8.975915299,32.85812825,3.184241129,41.06549005,"EXCLUSION",FALSE,TRUE,FALSE,TRUE,TRUE,TRUE
"2024-05","No Elegible","Vulnerabilidad Baja",1,1.525552408,1,1,1.776038647,1.498900966,1.790108696,1,"sotap",1,"low",0,3.741369748,17.10850297,2.588860746,20.419705,"EXCLUSION",TRUE,TRUE,FALSE,FALSE,FALSE,TRUE
"2023-09","Lista de Reserva","Vulnerabilidad Baja",1,1,2.578385269,1,1.776038647,1,1.790108696,1,"sotap",3,"average",NA,8.975915299,12.01413641,2.602488661,20.89227872,"EXCLUSION",TRUE,TRUE,FALSE,FALSE,FALSE,TRUE
"2024-01","Elegible por Proceso Acelerado","Vulnerabilidad Baja",1,1,2.578385269,1,1.776038647,1,1.790108696,1,"sotap",4,"average",NA,8.975915299,12.01413641,2.602488661,20.89227872,"INCLUSION",TRUE,TRUE,FALSE,FALSE,FALSE,TRUE
"2023-11","No Elegible","Vulnerabilidad Moderada",1,1,1,1,1.776038647,2.823478261,1.790108696,1,"sotap",1,"low",NA,0,26.18890898,2.730928248,25.3461237,"EXCLUSION",TRUE,FALSE,FALSE,FALSE,FALSE,TRUE
"2024-03","No Elegible","Vulnerabilidad Elevada",2.700708215,1,2.578385269,1,1.776038647,2.823478261,1.790108696,1,"sotap",2,"average",0,20.97871872,26.18890898,3.355378326,46.99995857,"EXCLUSION",TRUE,TRUE,FALSE,TRUE,TRUE,TRUE
"2024-06","Lista de Reserva","Vulnerabilidad Baja",1,2.051104816,1,1,1.776038647,1.498900966,1.790108696,1,"sotap",3,"low",0,6.609317356,17.10850297,2.674227738,23.37994603,"EXCLUSION",TRUE,TRUE,FALSE,FALSE,FALSE,TRUE
"2023-12","Lista de Reserva","Vulnerabilidad Baja",1,2.051104816,1,1,1,2.117608696,1.790108696,1,"foten",2,"average",NA,6.609317356,14.16503897,2.59207613,20.53120565,"EXCLUSION",TRUE,TRUE,FALSE,TRUE,TRUE,TRUE
"2023-11","No Elegible","Vulnerabilidad Moderada",2.070141643,1,1,1,1.776038647,2.117608696,1.790108696,1.043888889,"sotap",3,"average",NA,6.702282231,22.50821784,2.827700095,28.70184926,"EXCLUSION",TRUE,TRUE,FALSE,FALSE,TRUE,TRUE
"2024-01","No Elegible","Vulnerabilidad Baja",1,1,1,1,1,1.498900966,1.790108696,1,"sotap",1,"low",NA,0,10.02735341,2.279861825,9.70466315,"EXCLUSION",TRUE,TRUE,FALSE,FALSE,FALSE,TRUE
"2023-12","No Elegible","Vulnerabilidad Moderada",1,1,1,1,1.776038647,2.823478261,2.580217391,1,NA,1,"low",NA,0,32.12448674,2.896589272,31.09068863,"EXCLUSION",TRUE,TRUE,FALSE,FALSE,FALSE,TRUE
"2023-11","No Elegible","Vulnerabilidad Moderada",2.070141643,1,2.578385269,1,1,2.117608696,1,1,"fupal",4,"average",NA,17.46888676,7.392265486,2.726293776,25.185428,"EXCLUSION",TRUE,TRUE,FALSE,FALSE,TRUE,TRUE
"2024-04","No Elegible","Vulnerabilidad Moderada",2.070141643,1,2.578385269,1,1,2.117608696,1,1,"sotap",1,"low",NA,17.46888676,7.392265486,2.726293776,25.185428,"EXCLUSION",TRUE,TRUE,FALSE,FALSE,FALSE,TRUE
"2024-04","No Elegible","Vulnerabilidad Baja",1,1,1,1,1,1.498900966,1.790108696,1,"sotap",4,"average",0,0,10.02735341,2.279861825,9.70466315,"EXCLUSION",TRUE,TRUE,FALSE,FALSE,FALSE,TRUE
"2023-12","No Elegible","Vulnerabilidad Baja",1,1,1,1,1,1,1,1,"fomon",1,"low",NA,0,0,2,0,"EXCLUSION",TRUE,TRUE,FALSE,FALSE,FALSE,TRUE
"2023-10","Lista de Reserva","Vulnerabilidad Baja",1,1,2.578385269,1,1.776038647,1,1.790108696,1,"pcr_cdmx",1,"low",0,8.975915299,12.01413641,2.602488661,20.89227872,"EXCLUSION",TRUE,TRUE,FALSE,FALSE,FALSE,TRUE
"2024-06","No Elegible","Vulnerabilidad Moderada",1,1,1,1,1.776038647,2.117608696,2.580217391,1.043888889,"fupal",3,"low",NA,0,28.09152966,2.784030087,27.18751614,"EXCLUSION",TRUE,TRUE,FALSE,FALSE,FALSE,TRUE
"2023-08","No Elegible por Intenciones","Vulnerabilidad Elevada",1,1,2.578385269,1,1.776038647,2.823478261,1.790108696,1,"foten",1,"low",NA,8.975915299,26.18890898,2.998104289,34.61089293,"EXCLUSION",TRUE,TRUE,FALSE,FALSE,FALSE,TRUE
"2024-03","No Elegible","Vulnerabilidad Moderada",1,2.051104816,1,1,1.776038647,2.823478261,1,1.043888889,"foten",1,"low",0,6.609317356,18.36611881,2.709327594,24.59709054,"EXCLUSION",TRUE,TRUE,FALSE,FALSE,FALSE,TRUE
"2023-12","Elegible","Vulnerabilidad Baja",1,1,1,1,1,2.117608696,1.790108696,1,"fupal",1,"low",NA,0,14.16503897,2.395343965,13.70919385,"INCLUSION",FALSE,TRUE,FALSE,FALSE,FALSE,TRUE
"2023-08","No Elegible","Vulnerabilidad Severa",2.700708215,1,2.578385269,1,1.776038647,2.823478261,2.580217391,1.043888889,"sotap",6,"high",-500,20.97871872,32.85812825,3.541515166,53.45455569,"EXCLUSION",TRUE,FALSE,FALSE,TRUE,TRUE,TRUE
"2024-04","No Elegible","Vulnerabilidad Baja",1,1,1,1,1,1.498900966,1.790108696,1,"sotap",2,"average",-500,0,10.02735341,2.279861825,9.70466315,"EXCLUSION",TRUE,TRUE,FALSE,TRUE,TRUE,TRUE
"2023-08","Lista de Reserva","Vulnerabilidad Baja",2.700708215,1,1,1,1,1.498900966,1.790108696,1,"sotap",1,"low",-500,9.472088355,10.02735341,2.561806895,19.48157278,"EXCLUSION",TRUE,TRUE,FALSE,FALSE,FALSE,TRUE
"2023-09","No Elegible por Intenciones","Vulnerabilidad Elevada",1,2.051104816,1,1,1.776038647,2.823478261,2.580217391,1,"sotap",3,"average",0,6.609317356,32.12448674,3.093321436,37.91270043,"EXCLUSION",TRUE,TRUE,FALSE,TRUE,TRUE,TRUE
"2024-01","Elegible","Vulnerabilidad Elevada",1,1,1,1,1.776038647,2.823478261,2.580217391,1.043888889,"sotap",2,"complete",0,0,32.85812825,2.917065088,31.80072082,"INCLUSION",TRUE,TRUE,FALSE,FALSE,FALSE,TRUE
"2023-09","Lista de Reserva","Vulnerabilidad Elevada",2.700708215,1,2.578385269,1,1,2.117608696,1.790108696,2.544987923,"fupal",4,"average",NA,20.97871872,27.3162731,3.386842878,48.09104298,"EXCLUSION",TRUE,TRUE,FALSE,FALSE,FALSE,TRUE
"2024-02","Elegible","Vulnerabilidad Baja",1,1,1,1,1,1.498900966,1,1,"fupal",3,"low",0,0,3.815111519,2.10647915,3.692337415,"INCLUSION",TRUE,TRUE,FALSE,FALSE,FALSE,FALSE
"2024-05","Lista de Reserva","Vulnerabilidad Elevada",1,2.051104816,1,1,1.776038647,2.823478261,1.790108696,1,"futij",3,"average",NA,6.609317356,26.18890898,2.927660413,32.1681355,"EXCLUSION",TRUE,FALSE,FALSE,FALSE,FALSE,TRUE
"2024-07","No Elegible","Vulnerabilidad Elevada",1,1,2.578385269,1,1.776038647,2.823478261,1.790108696,1,"fupal",3,"low",NA,8.975915299,26.18890898,2.998104289,34.61089293,"EXCLUSION",TRUE,TRUE,FALSE,FALSE,TRUE,TRUE
"2023-10","Lista de Reserva","Vulnerabilidad Baja",1,1,2.578385269,1,1,2.117608696,1.790108696,1.043888889,"sotap",1,"low",-500,8.975915299,14.70478802,2.677584315,23.49634247,"EXCLUSION",FALSE,TRUE,FALSE,FALSE,FALSE,TRUE
"2023-06","Elegible","Vulnerabilidad Moderada",1,1,1,1,1.776038647,2.823478261,1.790108696,1,"sotap",2,"low",0,0,26.18890898,2.730928248,25.3461237,"INCLUSION",TRUE,TRUE,FALSE,FALSE,FALSE,TRUE
"2024-05","No Elegible","Vulnerabilidad Moderada",1,1,1,1,1.776038647,2.823478261,1.790108696,1,"sotap",1,"low",NA,0,26.18890898,2.730928248,25.3461237,"EXCLUSION",TRUE,TRUE,FALSE,FALSE,FALSE,TRUE
"2024-01","Elegible","Vulnerabilidad Elevada",2.700708215,2.051104816,3.251728045,1,1,2.117608696,1,1,"sotap",4,"average",0,35.61565687,7.392265486,3.266448403,43.91617931,"INCLUSION",TRUE,TRUE,FALSE,TRUE,TRUE,TRUE
"2023-11","Elegible","Vulnerabilidad Elevada",1,1,2.578385269,1,1.776038647,2.823478261,2.580217391,1.043888889,"sotap",5,"low",-500,8.975915299,32.85812825,3.184241129,41.06549005,"INCLUSION",TRUE,TRUE,FALSE,FALSE,TRUE,TRUE
"2023-06","Lista de Reserva","Vulnerabilidad Severa",2.700708215,2.051104816,2.578385269,1,1.776038647,2.823478261,2.580217391,1,"sotap",3,"average",0,31.71522481,32.12448674,3.840620929,63.82654109,"EXCLUSION",TRUE,TRUE,FALSE,FALSE,TRUE,TRUE
"2023-11","No Elegible","Vulnerabilidad Elevada",2.700708215,2.051104816,1.249197356,1,1.776038647,2.117608696,1.790108696,1,"sotap",5,"average",0,20.89305637,21.88512181,3.232710501,42.74625252,"EXCLUSION",TRUE,TRUE,FALSE,FALSE,FALSE,TRUE
"2024-06","No Elegible","Vulnerabilidad Elevada",1,1,2.578385269,1,1.776038647,2.823478261,2.580217391,1,"sotap",1,"low",0,8.975915299,32.12448674,3.163765312,40.35545786,"EXCLUSION",TRUE,TRUE,FALSE,FALSE,FALSE,TRUE
"2024-04","No Elegible","Vulnerabilidad Moderada",1,1,1,1,1.776038647,2.823478261,2.580217391,1,"sotap",1,"low",0,0,32.12448674,2.896589272,31.09068863,"EXCLUSION",TRUE,TRUE,FALSE,FALSE,FALSE,TRUE
"2023-08","No Elegible","Vulnerabilidad Elevada",2.070141643,1.525552408,1,1,1.776038647,2.117608696,2.580217391,1.043888889,"sotap",1,"low",0,11.1900528,28.09152966,3.117111884,38.73767603,"EXCLUSION",TRUE,TRUE,FALSE,FALSE,FALSE,TRUE
"2023-06","Lista de Reserva","Vulnerabilidad Moderada",1,1,2.578385269,1,1.776038647,2.117608696,1.790108696,1,"sotap",3,"average",-500,8.975915299,21.88512181,2.877986279,30.44560593,"EXCLUSION",TRUE,TRUE,FALSE,FALSE,TRUE,TRUE
"2024-03","No Elegible","Vulnerabilidad Baja",1,1,1,1.564135978,1,2.117608696,1,1,"fomon",1,"low",NA,3.975239986,7.392265486,2.32464347,11.25754217,"EXCLUSION",TRUE,TRUE,FALSE,FALSE,FALSE,TRUE
"2023-07","Lista de Reserva","Vulnerabilidad Baja",2.700708215,1,1,1,1,2.117608696,1,1,"fupal",1,"low",NA,9.472088355,7.392265486,2.488262013,16.93128462,"EXCLUSION",TRUE,TRUE,FALSE,FALSE,FALSE,TRUE
"2023-10","No Elegible","Vulnerabilidad Baja",2.070141643,1,1,1,1.776038647,1,1.790108696,1.043888889,"sotap",1,"low",-500,6.702282231,12.53066404,2.549228169,19.04538312,"EXCLUSION",TRUE,TRUE,FALSE,FALSE,FALSE,TRUE
"2024-04","No Elegible","Vulnerabilidad Baja",1,2.051104816,1,1,1,1,1,1,"sotap",1,"low",-500,6.609317356,0,2.196732164,6.822011798,"EXCLUSION",TRUE,TRUE,FALSE,FALSE,FALSE,TRUE
"2024-05","No Elegible","Vulnerabilidad Severa",2.700708215,1.525552408,3.251728045,1,1.776038647,2.823478261,1.790108696,1,"sotap",4,"complete",NA,30.67858802,26.18890898,3.644103496,57.01197936,"EXCLUSION",FALSE,TRUE,FALSE,TRUE,FALSE,TRUE
"2023-09","No Elegible","Vulnerabilidad Elevada",2.070141643,1.525552408,1,1,1.776038647,2.117608696,1.790108696,2.544987923,"sotap",4,"average",NA,11.1900528,37.06714366,3.367619831,47.4244458,"EXCLUSION",TRUE,TRUE,FALSE,TRUE,FALSE,TRUE
"2023-11","Elegible","Vulnerabilidad Moderada",1,1,3.251728045,1,1.776038647,1,2.580217391,1,"sotap",1,"low",NA,11.51832969,16.59309681,2.805963919,27.94811542,"INCLUSION",TRUE,TRUE,FALSE,FALSE,FALSE,TRUE
"2024-02","No Elegible","Vulnerabilidad Elevada",2.700708215,1,3.251728045,1,1.776038647,2.823478261,1.790108696,1,"fupal",2,"average",NA,24.2379543,26.18890898,3.45239235,50.36407961,"EXCLUSION",TRUE,TRUE,FALSE,TRUE,TRUE,TRUE
"2024-01","No Elegible","Vulnerabilidad Elevada",1,1.525552408,2.578385269,1,1.776038647,2.823478261,1.790108696,1,"pcr_cdmx",5,"average",-500,13.7168894,26.18890898,3.139223567,39.50443632,"EXCLUSION",TRUE,TRUE,FALSE,FALSE,TRUE,TRUE
"2024-06","Lista de Reserva","Vulnerabilidad Baja",1,1,1,1,1,1,1,1,"sotap",1,"low",-500,0,0,2,0,"EXCLUSION",TRUE,TRUE,FALSE,FALSE,FALSE,TRUE
"2024-02","Elegible","Vulnerabilidad Severa",2.700708215,1,3.251728045,1,1.776038647,2.823478261,2.580217391,1.043888889,"sotap",2,"average",NA,24.2379543,32.85812825,3.63852919,56.81867673,"INCLUSION",TRUE,TRUE,FALSE,FALSE,FALSE,TRUE
"2024-05","Lista de Reserva","Vulnerabilidad Elevada",2.700708215,1,3.251728045,1,1.776038647,2.823478261,1.790108696,1,"sotap",1,"low",NA,24.2379543,26.18890898,3.45239235,50.36407961,"EXCLUSION",FALSE,FALSE,FALSE,FALSE,FALSE,TRUE
"2023-10","Lista de Reserva","Vulnerabilidad Baja",1,1,1,1.564135978,1,1,1,1,"sotap",1,"low",NA,3.975239986,0,2.118326527,4.103167184,"EXCLUSION",FALSE,TRUE,FALSE,FALSE,FALSE,TRUE
"2024-01","Elegible por Proceso Acelerado","Vulnerabilidad Baja",2.700708215,1,1.249197356,1,1.776038647,1,1.790108696,1,"sotap",4,"average",NA,11.93561888,12.01413641,2.69058685,23.94722852,"INCLUSION",TRUE,TRUE,FALSE,FALSE,FALSE,TRUE
"2023-07","No Elegible","Vulnerabilidad Elevada",1,1,2.578385269,1,1.776038647,2.823478261,1.790108696,1,"sotap",2,"complete",NA,8.975915299,26.18890898,2.998104289,34.61089293,"EXCLUSION",TRUE,TRUE,FALSE,TRUE,TRUE,TRUE
"2023-07","No Elegible","Vulnerabilidad Elevada",1.599560907,1,1,1,1.776038647,2.117608696,2.580217391,1.043888889,"foten",3,"low",NA,4.186184624,28.09152966,2.908635566,31.50841638,"EXCLUSION",TRUE,TRUE,FALSE,TRUE,FALSE,TRUE
"2024-03","No Elegible","Vulnerabilidad Baja",1,1,2.578385269,1,1.776038647,1,1.790108696,1,"futij",1,"low",0,8.975915299,12.01413641,2.602488661,20.89227872,"EXCLUSION",TRUE,TRUE,FALSE,FALSE,FALSE,TRUE
"2024-03","Elegible","Vulnerabilidad Elevada",2.700708215,1,1,1,1.776038647,2.117608696,2.580217391,1,"sotap",2,"low",0,9.472088355,27.40879931,3.046920262,36.30366637,"INCLUSION",TRUE,TRUE,TRUE,FALSE,FALSE,TRUE
"2023-08","Lista de Reserva","Vulnerabilidad Moderada",1,1.525552408,1,1,1.776038647,2.823478261,1.790108696,1,"sotap",7,"high",0,3.741369748,26.18890898,2.842293421,29.20789447,"EXCLUSION",TRUE,TRUE,FALSE,FALSE,FALSE,TRUE
"2024-06","No Elegible","Vulnerabilidad Elevada",2.700708215,1,1.249197356,1,1.776038647,2.117608696,2.580217391,1,"sotap",1,"low",0,11.93561888,27.40879931,3.120249422,38.84647577,"EXCLUSION",TRUE,TRUE,FALSE,FALSE,FALSE,TRUE
"2023-08","No Elegible","Vulnerabilidad Baja",1,1,1,1,1,1,1,1,"fusal",1,"low",NA,0,0,2,0,"EXCLUSION",TRUE,TRUE,FALSE,FALSE,FALSE,TRUE
"2023-07","No Elegible","Vulnerabilidad Moderada",1,1,2.578385269,1.564135978,1.776038647,1,1.790108696,1,"foten",4,"average",NA,14.01324416,12.01413641,2.7524292,26.09171386,"EXCLUSION",TRUE,TRUE,FALSE,FALSE,FALSE,TRUE
"2023-08","Elegible","Vulnerabilidad Baja",1,1,1,1,1,1,1.790108696,1,"pcr_cdmx",1,"low",0,0,5.614422911,2.156697643,5.433745167,"INCLUSION",TRUE,TRUE,FALSE,FALSE,FALSE,TRUE
"2023-07","No Elegible por Duplicidad","Vulnerabilidad Elevada",1,2.051104816,1.249197356,1,1.776038647,2.117608696,2.580217391,1.043888889,"sotap",1,"low",NA,8.909093135,28.09152966,3.049217106,36.38331281,"EXCLUSION",TRUE,TRUE,FALSE,FALSE,FALSE,TRUE
"2024-04","No Elegible por Duplicidad","Vulnerabilidad Elevada",2.070141643,1,2.578385269,1,1.776038647,2.823478261,2.580217391,1.043888889,"sotap",2,"complete",0,17.46888676,32.85812825,3.43704192,49.83177383,"EXCLUSION",TRUE,TRUE,FALSE,TRUE,FALSE,TRUE
"2024-01","Elegible","Vulnerabilidad Elevada",2.700708215,1,2.578385269,1,1.776038647,2.117608696,1.790108696,1,"sotap",3,"complete",0,20.97871872,21.88512181,3.235260316,42.83467157,"INCLUSION",TRUE,TRUE,FALSE,TRUE,TRUE,TRUE
"2024-02","Lista de Reserva","Vulnerabilidad Elevada",2.700708215,1,3.251728045,1,1.776038647,1.498900966,1.790108696,1,"sotap",4,"average",0,24.2379543,17.10850297,3.198959675,41.57589014,"EXCLUSION",TRUE,TRUE,FALSE,TRUE,TRUE,TRUE
"2023-07","No Elegible","Vulnerabilidad Baja",1,1,2.578385269,1,1.776038647,1,1.790108696,1.043888889,"sotap",2,"low",-500,8.975915299,12.53066404,2.616904864,21.39218397,"EXCLUSION",TRUE,TRUE,FALSE,FALSE,TRUE,TRUE
"2023-11","No Elegible","Vulnerabilidad Moderada",1,1,1,1,1.776038647,2.823478261,1.790108696,1,"sotap",2,"average",NA,0,26.18890898,2.730928248,25.3461237,"EXCLUSION",TRUE,FALSE,FALSE,FALSE,FALSE,TRUE
"2023-11","Elegible","Vulnerabilidad Elevada",2.700708215,1,3.251728045,1,1.776038647,2.823478261,1.790108696,1,"sotap",3,"low",NA,24.2379543,26.18890898,3.45239235,50.36407961,"INCLUSION",TRUE,TRUE,FALSE,TRUE,TRUE,TRUE
"2023-11","Elegible","Vulnerabilidad Elevada",2.700708215,1,3.251728045,1,1.776038647,2.117608696,1.790108696,1.043888889,"sotap",1,"low",NA,24.2379543,22.50821784,3.34966485,46.80183679,"INCLUSION",FALSE,FALSE,FALSE,FALSE,FALSE,TRUE
"2023-06","No Elegible por Intenciones","Vulnerabilidad Baja",1,1,1,1,1,1.498900966,1,1,"pcr_cdmx",3,"average",0,0,3.815111519,2.10647915,3.692337415,"EXCLUSION",TRUE,TRUE,FALSE,FALSE,TRUE,TRUE
"2024-04","No Elegible","Vulnerabilidad Moderada",1,1.525552408,1,1,1.776038647,2.823478261,1.790108696,1.043888889,NA,3,"low",NA,3.741369748,26.85846924,2.86098074,29.85590761,"EXCLUSION",TRUE,FALSE,FALSE,FALSE,FALSE,TRUE
"2024-03","No Elegible","Vulnerabilidad Baja",1,1,1,1,1,1.498900966,1,1,"sotap",1,"low",500,0,3.815111519,2.10647915,3.692337415,"EXCLUSION",TRUE,TRUE,FALSE,FALSE,FALSE,TRUE
"2024-02","No Elegible","Vulnerabilidad Elevada",1,2.051104816,1,1.564135978,1.776038647,2.823478261,1.790108696,1.043888889,NA,4,"average",NA,11.36661491,26.85846924,3.087952892,37.72654079,"EXCLUSION",TRUE,TRUE,FALSE,FALSE,FALSE,TRUE
"2024-05","No Elegible","Vulnerabilidad Moderada",1,1,1,1,1.776038647,2.823478261,1.790108696,1,"futij",4,"average",0,0,26.18890898,2.730928248,25.3461237,"EXCLUSION",TRUE,TRUE,FALSE,FALSE,TRUE,TRUE
"2023-12","Elegible","Vulnerabilidad Baja",1,1,1,1,1,1,2.580217391,1,"sotap",2,"low",NA,0,9.580889352,2.267401085,9.272566752,"INCLUSION",TRUE,TRUE,FALSE,FALSE,TRUE,TRUE
"2023-06","No Elegible","Vulnerabilidad Elevada",2.700708215,2.051104816,1.249197356,1,1.776038647,1.498900966,2.580217391,1.043888889,NA,4,"average",NA,20.89305637,22.80125306,3.258279578,43.63290175,"EXCLUSION",FALSE,TRUE,FALSE,FALSE,FALSE,TRUE
"2024-04","Lista de Reserva","Vulnerabilidad Baja",1.599560907,1,1,1,1,1,1.790108696,1.043888889,"sotap",1,"low",NA,4.186184624,6.061858428,2.293790976,10.18768199,"EXCLUSION",TRUE,TRUE,FALSE,FALSE,FALSE,TRUE
"2023-12","Lista de Reserva","Vulnerabilidad Severa",2.700708215,1,3.251728045,1.564135978,1.776038647,2.823478261,1.790108696,1.043888889,"sotap",1,"low",NA,31.08118723,26.85846924,3.674774537,58.07554776,"EXCLUSION",TRUE,TRUE,FALSE,FALSE,FALSE,TRUE
"2024-02","No Elegible","Vulnerabilidad Elevada",2.070141643,1,1,1,1.776038647,2.823478261,1.790108696,1.043888889,"foten",4,"average",-500,6.702282231,26.85846924,2.949114914,32.91210522,"EXCLUSION",TRUE,TRUE,FALSE,FALSE,FALSE,TRUE
"2023-06","No Elegible","Vulnerabilidad Elevada",1.599560907,2.051104816,1,1,1.776038647,2.823478261,2.580217391,1,"sotap",7,"average",0,11.61905914,32.12448674,3.242440821,43.08366071,"EXCLUSION",TRUE,TRUE,FALSE,FALSE,FALSE,TRUE
"2024-02","No Elegible","Vulnerabilidad Baja",1,1,1,1,1.776038647,1,1.790108696,1,"sotap",1,"low",NA,0,12.01413641,2.33531262,11.62750949,"EXCLUSION",TRUE,TRUE,FALSE,FALSE,FALSE,TRUE
"2023-08","Lista de Reserva","Vulnerabilidad Baja",1,1,2.578385269,1,1,1,1,1.043888889,"sotap",1,"low",0,8.975915299,0.386821499,2.277972167,9.639142426,"EXCLUSION",TRUE,TRUE,FALSE,FALSE,FALSE,TRUE
"2024-04","No Elegible","Vulnerabilidad Baja",1,1,1,1,1.776038647,1,2.580217391,1,"sotap",1,"low",0,0,16.59309681,2.46311067,16.05911436,"EXCLUSION",TRUE,TRUE,FALSE,FALSE,FALSE,TRUE
"2023-07","No Elegible","Vulnerabilidad Elevada",1,1,1,1,1.776038647,2.117608696,2.580217391,1.738466184,"sotap",2,"average",0,0,36.78475459,3.0266566,35.6009844,"EXCLUSION",TRUE,TRUE,FALSE,FALSE,FALSE,TRUE
"2023-10","No Elegible","Vulnerabilidad Severa",2.070141643,1,3.251728045,1,1.776038647,2.823478261,2.580217391,1.043888889,"sotap",5,"high",-500,20.51851115,32.85812825,3.527816682,52.97953818,"EXCLUSION",FALSE,TRUE,FALSE,FALSE,FALSE,TRUE
"2024-04","No Elegible","Vulnerabilidad Baja",1,1,1,1,1,1,1.790108696,1,"sotap",1,"low",NA,0,5.614422911,2.156697643,5.433745167,"EXCLUSION",TRUE,TRUE,FALSE,FALSE,FALSE,TRUE
"2024-01","Elegible","Vulnerabilidad Baja",1,1,1,1,1.776038647,1,1.790108696,1,"sotap",3,"low",0,0,12.01413641,2.33531262,11.62750949,"INCLUSION",TRUE,TRUE,FALSE,FALSE,FALSE,TRUE
"2024-05","Lista de Reserva","Vulnerabilidad Baja",1,1,2.578385269,1,1,2.117608696,1.790108696,1,"sotap",1,"low",0,8.975915299,14.16503897,2.662520006,22.97396308,"EXCLUSION",TRUE,TRUE,FALSE,FALSE,FALSE,TRUE
"2024-04","No Elegible","Vulnerabilidad Elevada",2.070141643,1,1,1,1.776038647,2.823478261,2.580217391,1.043888889,"sotap",3,"average",NA,6.702282231,32.85812825,3.116564434,38.7186892,"EXCLUSION",TRUE,TRUE,FALSE,FALSE,TRUE,TRUE
"2023-08","Lista de Reserva","Vulnerabilidad Moderada",1,1,1,1,1.776038647,2.823478261,2.580217391,1,"sotap",1,"low",NA,0,32.12448674,2.896589272,31.09068863,"EXCLUSION",TRUE,TRUE,FALSE,FALSE,FALSE,TRUE
"2023-07","No Elegible","Vulnerabilidad Baja",1,1,1,1,1.776038647,1,2.580217391,1,"pcr_cdmx",3,"average",0,0,16.59309681,2.46311067,16.05911436,"EXCLUSION",TRUE,TRUE,FALSE,TRUE,TRUE,TRUE
"2024-06","No Elegible","Vulnerabilidad Moderada",1,1,1,1,1.776038647,2.823478261,1.790108696,1.043888889,"sotap",1,"low",-500,0,26.85846924,2.749615568,25.99413684,"EXCLUSION",TRUE,FALSE,FALSE,FALSE,FALSE,TRUE
"2023-11","Elegible","Vulnerabilidad Moderada",1,1,2.578385269,1,1.776038647,2.117608696,1.790108696,1,"sotap",3,"low",0,8.975915299,21.88512181,2.877986279,30.44560593,"INCLUSION",TRUE,TRUE,FALSE,FALSE,FALSE,TRUE
"2023-08","No Elegible","Vulnerabilidad Moderada",1,1,1,1,1.776038647,2.823478261,2.580217391,1,"sotap",1,"low",NA,0,32.12448674,2.896589272,31.09068863,"EXCLUSION",TRUE,TRUE,FALSE,FALSE,FALSE,TRUE
"2023-09","Lista de Reserva","Vulnerabilidad Baja",1,1,1,1,1.776038647,2.117608696,1.790108696,1,"sotap",1,"low",-500,0,21.88512181,2.610810239,21.18083671,"EXCLUSION",TRUE,TRUE,FALSE,FALSE,FALSE,TRUE
"2024-04","No Elegible","Vulnerabilidad Baja",1,1,2.578385269,1,1,1,1,1,"fomon",3,"low",NA,8.975915299,0,2.267176041,9.264769229,"EXCLUSION",TRUE,TRUE,FALSE,FALSE,FALSE,TRUE
"2024-01","No Elegible","Vulnerabilidad Elevada",1,2.051104816,1,1,1.776038647,2.117608696,2.580217391,1.043888889,"sotap",4,"average",NA,6.609317356,28.09152966,2.980762251,34.00952794,"EXCLUSION",TRUE,TRUE,FALSE,TRUE,TRUE,TRUE
"2024-01","No Elegible","Vulnerabilidad Severa",2.070141643,2.051104816,1,1,1.776038647,2.117608696,2.580217391,2.544987923,"sotap",3,"complete",NA,14.63015408,44.04383881,3.664735924,57.7274311,"EXCLUSION",TRUE,TRUE,FALSE,TRUE,TRUE,TRUE
"2024-06","No Elegible","Vulnerabilidad Baja",1,1,1.249197356,1,1,1.498900966,1,1,"sotap",2,"low",NA,1.921713018,3.815111519,2.163680634,5.67589308,"EXCLUSION",TRUE,FALSE,FALSE,FALSE,FALSE,TRUE
"2024-06","Lista de Reserva","Vulnerabilidad Baja",1,1,1,1,1.776038647,1,2.580217391,1,"sotap",4,"average",0,0,16.59309681,2.46311067,16.05911436,"EXCLUSION",TRUE,TRUE,FALSE,FALSE,FALSE,TRUE
"2023-07","Elegible","Vulnerabilidad Baja",1,1,1,1,1,1,1,1,"foten",1,"low",-500,0,0,2,0,"INCLUSION",TRUE,TRUE,FALSE,FALSE,FALSE,TRUE
"2024-03","Elegible","Vulnerabilidad Baja",1,1,1,1,1,1,1,1,"sotap",1,"low",NA,0,0,2,0,"INCLUSION",TRUE,TRUE,FALSE,FALSE,FALSE,TRUE
"2024-05","No Elegible","Vulnerabilidad Baja",1,1,1.249197356,1,1.776038647,1.498900966,1.790108696,1.043888889,"sotap",1,"low",NA,1.921713018,17.68003002,2.550648286,19.09462464,"EXCLUSION",TRUE,TRUE,FALSE,FALSE,FALSE,TRUE
"2023-11","Lista de Reserva","Vulnerabilidad Baja",1,1,1,1,1,1.498900966,1.790108696,1,"sotap",1,"low",0,0,10.02735341,2.279861825,9.70466315,"EXCLUSION",TRUE,TRUE,FALSE,FALSE,FALSE,TRUE
"2024-04","Elegible","Vulnerabilidad Baja",1,1,1,1,1.776038647,1.498900966,1.790108696,1,"sotap",1,"low",0,0,17.10850297,2.477495573,16.55793424,"INCLUSION",TRUE,TRUE,FALSE,FALSE,FALSE,TRUE
"2024-06","No Elegible","Vulnerabilidad Elevada",1,1,3.251728045,1,1.776038647,2.117608696,2.580217391,1.043888889,"fupal",5,"high",NA,11.51832969,28.09152966,3.126883335,39.0765172,"EXCLUSION",TRUE,FALSE,FALSE,FALSE,FALSE,TRUE
"2024-01","Elegible","Vulnerabilidad Baja",1,1,1,1,1.776038647,2.823478261,1,1,"pcr_cdmx",1,"low",NA,0,17.78726377,2.496439678,17.21485183,"INCLUSION",TRUE,FALSE,FALSE,FALSE,FALSE,TRUE
"2023-07","Lista de Reserva","Vulnerabilidad Elevada",1,1,2.578385269,1,1.776038647,2.823478261,2.580217391,1.043888889,"futij",1,"low",0,8.975915299,32.85812825,3.184241129,41.06549005,"EXCLUSION",FALSE,TRUE,FALSE,FALSE,FALSE,TRUE
"2023-07","No Elegible","Vulnerabilidad Baja",1,1,1,1,1,1.498900966,1.790108696,1.043888889,"pcr_cdmx",5,"average",0,0,10.52243148,2.293679375,10.18380911,"EXCLUSION",TRUE,TRUE,FALSE,TRUE,TRUE,TRUE
"2023-08","Elegible","Vulnerabilidad Baja",1,1.525552408,2.578385269,1,1,1.498900966,1,1,"sotap",3,"low",0,13.7168894,3.815111519,2.51477447,17.85065003,"INCLUSION",TRUE,TRUE,FALSE,FALSE,FALSE,TRUE
"2023-10","Elegible","Vulnerabilidad Severa",2.700708215,1,3.251728045,1,1.776038647,2.823478261,2.580217391,1.043888889,"foten",1,"low",0,24.2379543,32.85812825,3.63852919,56.81867673,"INCLUSION",TRUE,TRUE,FALSE,FALSE,FALSE,TRUE
"2023-12","No Elegible","Vulnerabilidad Elevada",2.070141643,1,1,1,1.776038647,2.823478261,2.580217391,1.043888889,"sotap",3,"average",NA,6.702282231,32.85812825,3.116564434,38.7186892,"EXCLUSION",TRUE,TRUE,FALSE,TRUE,TRUE,TRUE
"2024-05","No Elegible","Vulnerabilidad Moderada",1,1,1,1,1.776038647,2.823478261,1.790108696,1,"fupal",1,"low",NA,0,26.18890898,2.730928248,25.3461237,"EXCLUSION",TRUE,TRUE,FALSE,FALSE,FALSE,TRUE
"2023-09","Elegible","Vulnerabilidad Baja",1,1,1,1,1.776038647,1,2.580217391,1.043888889,"sotap",1,"low",0,0,17.15905947,2.478906597,16.60686378,"INCLUSION",TRUE,TRUE,FALSE,FALSE,FALSE,TRUE
"2023-11","Lista de Reserva","Vulnerabilidad Elevada",2.070141643,1,1,1,1.776038647,2.117608696,2.580217391,1.043888889,"sotap",4,"average",NA,6.702282231,28.09152966,2.983529432,34.10548452,"EXCLUSION",TRUE,TRUE,FALSE,FALSE,FALSE,TRUE
"2024-06","No Elegible","Vulnerabilidad Baja",1,1,2.578385269,1,1.776038647,1,1.790108696,1,"sotap",1,"low",-500,8.975915299,12.01413641,2.602488661,20.89227872,"EXCLUSION",TRUE,TRUE,FALSE,FALSE,FALSE,TRUE
"2024-07","No Elegible","Vulnerabilidad Severa",2.700708215,2.051104816,3.251728045,1,1.776038647,2.117608696,2.580217391,1.043888889,"sotap",2,"average",NA,35.61565687,28.09152966,3.844161546,63.94932047,"EXCLUSION",FALSE,TRUE,FALSE,FALSE,TRUE,TRUE
"2024-03","Lista de Reserva","Vulnerabilidad Severa",2.070141643,1,1,1,1.776038647,2.823478261,2.580217391,2.544987923,"fupal",1,"low",NA,6.702282231,50,3.594991325,55.30891838,"EXCLUSION",FALSE,TRUE,FALSE,FALSE,FALSE,TRUE
"2023-08","Lista de Reserva","Vulnerabilidad Baja",1,1,1,1,1,1,1.790108696,1,"pcr_cdmx",1,"low",NA,0,5.614422911,2.156697643,5.433745167,"EXCLUSION",TRUE,TRUE,FALSE,FALSE,FALSE,TRUE
"2024-03","No Elegible","Vulnerabilidad Baja",1,1,1,1,1,2.117608696,1,1,"fupal",1,"low",-500,0,7.392265486,2.206316944,7.15437499,"EXCLUSION",TRUE,TRUE,FALSE,FALSE,FALSE,TRUE
"2024-01","No Elegible","Vulnerabilidad Baja",1,1.525552408,1,1,1.776038647,1.498900966,1.790108696,1,"sotap",4,"average",500,3.741369748,17.10850297,2.588860746,20.419705,"EXCLUSION",TRUE,TRUE,FALSE,FALSE,FALSE,TRUE
"2024-02","No Elegible","Vulnerabilidad Elevada",1.599560907,1,2.578385269,1,1.776038647,2.823478261,2.580217391,1.043888889,"sotap",2,"complete",0,14.28054816,32.85812825,3.342138208,46.54083131,"EXCLUSION",TRUE,TRUE,FALSE,TRUE,TRUE,TRUE
"2024-03","Elegible","Vulnerabilidad Moderada",1,1,1,1,1.776038647,2.823478261,1.790108696,1,"fupal",1,"low",NA,0,26.18890898,2.730928248,25.3461237,"INCLUSION",TRUE,TRUE,FALSE,FALSE,FALSE,TRUE
"2024-05","No Elegible","Vulnerabilidad Baja",1,1,1,1,1.776038647,1,2.580217391,1,"sotap",1,"low",0,0,16.59309681,2.46311067,16.05911436,"EXCLUSION",TRUE,TRUE,FALSE,FALSE,FALSE,TRUE
"2024-06","No Elegible","Vulnerabilidad Elevada",1,1,2.578385269,1,1.776038647,2.117608696,2.580217391,1.043888889,"sotap",1,"low",-500,8.975915299,28.09152966,3.051206127,36.45228537,"EXCLUSION",TRUE,TRUE,FALSE,FALSE,FALSE,TRUE
"2024-04","No Elegible","Vulnerabilidad Baja",1,1,1,1,1,1,1.790108696,1,"sotap",6,"average",0,0,5.614422911,2.156697643,5.433745167,"EXCLUSION",TRUE,TRUE,FALSE,TRUE,TRUE,TRUE
"2024-02","No Elegible","Vulnerabilidad Elevada",2.070141643,1,3.251728045,1,1,2.117608696,2.580217391,1.043888889,"sotap",3,"average",NA,20.51851115,19.54126117,3.156145058,40.0912212,"EXCLUSION",TRUE,TRUE,FALSE,TRUE,TRUE,TRUE
"2023-11","Elegible","Vulnerabilidad Severa",2.070141643,2.051104816,3.251728045,1,1.776038647,2.823478261,1.790108696,1.043888889,"sotap",3,"complete",0,31.16447961,26.85846924,3.677253808,58.16152057,"INCLUSION",FALSE,TRUE,FALSE,FALSE,FALSE,TRUE
"2024-05","No Elegible","Vulnerabilidad Elevada",2.700708215,1,1,1,1.776038647,2.823478261,1.790108696,1,"sotap",5,"low",NA,9.472088355,26.18890898,3.012873318,35.12303333,"EXCLUSION",TRUE,TRUE,FALSE,FALSE,TRUE,TRUE
"2023-07","Lista de Reserva","Vulnerabilidad Moderada",1,1,1,1,1.776038647,2.823478261,2.580217391,1,"sotap",6,"average",NA,0,32.12448674,2.896589272,31.09068863,"EXCLUSION",TRUE,FALSE,FALSE,FALSE,FALSE,TRUE
"2024-04","Elegible","Vulnerabilidad Baja",1,1,1,1,1,1.498900966,1,1,"sotap",1,"low",0,0,3.815111519,2.10647915,3.692337415,"INCLUSION",FALSE,TRUE,FALSE,FALSE,FALSE,TRUE
"2023-11","Elegible","Vulnerabilidad Baja",1,2.051104816,1,1,1.776038647,1.498900966,1.790108696,1,"sotap",2,"low",0,6.609317356,17.10850297,2.674227738,23.37994603,"INCLUSION",TRUE,TRUE,FALSE,FALSE,FALSE,TRUE
"2023-10","Elegible","Vulnerabilidad Elevada",1,1,1,1,1.776038647,2.117608696,2.580217391,1.738466184,"pcr_cdmx",1,"low",0,0,36.78475459,3.0266566,35.6009844,"INCLUSION",TRUE,TRUE,FALSE,FALSE,FALSE,TRUE
"2023-12","Lista de Reserva","Vulnerabilidad Elevada",1,1,2.578385269,1,1.776038647,2.823478261,1.790108696,1,"sotap",1,"low",NA,8.975915299,26.18890898,2.998104289,34.61089293,"EXCLUSION",TRUE,TRUE,FALSE,FALSE,FALSE,TRUE
"2024-03","No Elegible","Vulnerabilidad Baja",1,2.051104816,1,1,1.776038647,1.498900966,1.790108696,1,"sotap",1,"low",NA,6.609317356,17.10850297,2.674227738,23.37994603,"EXCLUSION",TRUE,TRUE,FALSE,FALSE,FALSE,TRUE
"2024-05","No Elegible","Vulnerabilidad Moderada",1,1,1,1,1.776038647,2.823478261,1.790108696,1,"sotap",4,"average",NA,0,26.18890898,2.730928248,25.3461237,"EXCLUSION",TRUE,FALSE,FALSE,FALSE,FALSE,TRUE
"2024-02","Elegible","Vulnerabilidad Elevada",2.070141643,1,2.578385269,1,1.776038647,2.823478261,1.790108696,1.043888889,"foten",1,"low",0,17.46888676,26.85846924,3.2695924,44.02518985,"INCLUSION",FALSE,TRUE,FALSE,FALSE,FALSE,TRUE
"2024-01","No Elegible","Vulnerabilidad Moderada",1,1,1,1,1.776038647,2.117608696,2.580217391,1,"sotap",2,"low",0,0,27.40879931,2.764975192,26.52675674,"EXCLUSION",TRUE,TRUE,FALSE,FALSE,FALSE,TRUE
"2023-10","Elegible","Vulnerabilidad Elevada",1,1,2.578385269,1,1.776038647,2.823478261,1.790108696,1.043888889,"sotap",1,"low",NA,8.975915299,26.85846924,3.016791609,35.25890607,"INCLUSION",FALSE,TRUE,FALSE,FALSE,FALSE,TRUE
"2024-02","Lista de Reserva","Vulnerabilidad Baja",1,1,1,1,1,1,1.790108696,1.043888889,"fupal",2,"low",NA,0,6.061858428,2.169185496,5.866781762,"EXCLUSION",TRUE,TRUE,FALSE,FALSE,FALSE,TRUE
"2024-04","No Elegible por Duplicidad","Vulnerabilidad Baja",2.700708215,1,1,1,1,1,1.790108696,1,"futij",1,"low",0,9.472088355,5.614422911,2.438642712,15.2106548,"EXCLUSION",TRUE,TRUE,FALSE,FALSE,FALSE,TRUE
"2023-09","No Elegible","Vulnerabilidad Elevada",2.070141643,1,1,1,1.776038647,2.823478261,2.580217391,1.043888889,"foten",2,"average",-500,6.702282231,32.85812825,3.116564434,38.7186892,"EXCLUSION",TRUE,TRUE,FALSE,TRUE,TRUE,TRUE
"2024-05","No Elegible","Vulnerabilidad Baja",1,1,2.578385269,1,1.776038647,1,1.790108696,1,"sotap",1,"low",NA,8.975915299,12.01413641,2.602488661,20.89227872,"EXCLUSION",TRUE,TRUE,FALSE,FALSE,FALSE,TRUE
"2024-06","No Elegible","Vulnerabilidad Baja",1,1.525552408,1,1,1.776038647,1,1,1,"sotap",4,"average",0,3.741369748,5.532745347,2.265783208,9.216466837,"EXCLUSION",TRUE,TRUE,FALSE,FALSE,FALSE,TRUE
"2024-02","No Elegible","Vulnerabilidad Baja",2.070141643,1,1,1,1.776038647,1,1.790108696,1.043888889,"sotap",3,"average",NA,6.702282231,12.53066404,2.549228169,19.04538312,"EXCLUSION",TRUE,TRUE,FALSE,FALSE,FALSE,TRUE
"2024-01","No Elegible","Vulnerabilidad Elevada",1,1,2.578385269,1,1.776038647,2.117608696,2.580217391,1.043888889,"sotap",2,"low",0,8.975915299,28.09152966,3.051206127,36.45228537,"EXCLUSION",FALSE,FALSE,FALSE,FALSE,FALSE,TRUE
"2024-03","Elegible","Vulnerabilidad Moderada",2.700708215,1,1,1,1.776038647,2.117608696,2.580217391,1.043888889,"sotap",5,"high",0,9.472088355,28.09152966,3.065975156,36.96442577,"INCLUSION",TRUE,TRUE,TRUE,FALSE,FALSE,TRUE
"2024-07","Lista de Reserva","Vulnerabilidad Elevada",2.070141643,1,1,1,1.776038647,2.117608696,2.580217391,1.043888889,"pcr_cdmx",1,"low",0,6.702282231,28.09152966,2.983529432,34.10548452,"EXCLUSION",FALSE,FALSE,FALSE,FALSE,FALSE,TRUE
"2023-06","No Elegible","Vulnerabilidad Elevada",1,1,1,1,1.776038647,2.823478261,2.580217391,1.043888889,"foten",3,"average",0,0,32.85812825,2.917065088,31.80072082,"EXCLUSION",TRUE,TRUE,FALSE,TRUE,TRUE,TRUE
"2024-01","No Elegible","Vulnerabilidad Baja",1.599560907,1,1.249197356,1,1,1.498900966,1.790108696,1.043888889,"futij",1,"low",NA,6.347353616,10.52243148,2.482613957,16.73542692,"EXCLUSION",TRUE,TRUE,FALSE,FALSE,FALSE,TRUE
"2024-05","No Elegible","Vulnerabilidad Moderada",1,1.525552408,1,1,1.776038647,2.823478261,1.790108696,1,"sotap",1,"low",0,3.741369748,26.18890898,2.842293421,29.20789447,"EXCLUSION",TRUE,FALSE,TRUE,FALSE,FALSE,TRUE
"2024-03","No Elegible","Vulnerabilidad Baja",1,1,1,1,1.776038647,2.117608696,1.790108696,1,"sotap",4,"average",NA,0,21.88512181,2.610810239,21.18083671,"EXCLUSION",TRUE,TRUE,FALSE,FALSE,FALSE,TRUE
"2023-10","Lista de Reserva","Vulnerabilidad Severa",2.070141643,1,2.578385269,1,1.776038647,2.117608696,2.580217391,2.544987923,"sotap",5,"high",0,17.46888676,44.04383881,3.749233307,60.65751704,"EXCLUSION",TRUE,FALSE,FALSE,TRUE,TRUE,TRUE
"2024-03","No Elegible","Vulnerabilidad Elevada",1,1,2.578385269,1,1.776038647,2.823478261,1.790108696,1,"sotap",3,"low",0,8.975915299,26.18890898,2.998104289,34.61089293,"EXCLUSION",TRUE,TRUE,FALSE,FALSE,FALSE,TRUE
"2024-01","Elegible por Proceso Acelerado","Vulnerabilidad Moderada",1,1,1,1,1.776038647,2.823478261,2.580217391,1,"fupal",5,"average",NA,0,32.12448674,2.896589272,31.09068863,"INCLUSION",TRUE,TRUE,FALSE,FALSE,TRUE,TRUE
"2024-01","Elegible","Vulnerabilidad Elevada",2.070141643,1,1,1,1.776038647,2.823478261,1.790108696,1,"sotap",1,"low",NA,6.702282231,26.18890898,2.930427594,32.26409208,"INCLUSION",FALSE,TRUE,FALSE,FALSE,FALSE,TRUE
"2024-05","Elegible","Vulnerabilidad Elevada",1,2.051104816,2.578385269,1,1.776038647,2.823478261,2.580217391,1,"sotap",3,"average",-500,17.3510839,32.12448674,3.413059597,49.00014776,"INCLUSION",TRUE,TRUE,FALSE,TRUE,TRUE,TRUE
"2024-06","No Elegible","Vulnerabilidad Moderada",1,2.051104816,1.249197356,1,1.776038647,2.117608696,1.790108696,1,"sotap",5,"high",NA,8.909093135,21.88512181,2.875997259,30.37663337,"EXCLUSION",TRUE,TRUE,FALSE,FALSE,FALSE,TRUE
"2023-08","No Elegible","Vulnerabilidad Baja",1,1,1.249197356,1,1,1,1.790108696,1,"fomon",1,"low",NA,1.921713018,5.614422911,2.213899127,7.417300832,"EXCLUSION",TRUE,TRUE,FALSE,FALSE,FALSE,TRUE
"2024-04","Lista de Reserva","Vulnerabilidad Baja",2.070141643,1,1,1,1.776038647,1,1.790108696,1.043888889,"pcr_cdmx",2,"low",NA,6.702282231,12.53066404,2.549228169,19.04538312,"EXCLUSION",TRUE,TRUE,FALSE,FALSE,FALSE,TRUE
"2024-01","Lista de Reserva","Vulnerabilidad Moderada",2.070141643,1,1,1,1.776038647,2.117608696,1.790108696,1.043888889,"sotap",1,"low",NA,6.702282231,22.50821784,2.827700095,28.70184926,"EXCLUSION",TRUE,TRUE,FALSE,FALSE,FALSE,TRUE
"2024-05","No Elegible","Vulnerabilidad Moderada",1,1.525552408,1,1,1.776038647,2.823478261,1.790108696,1,"fupal",1,"low",0,3.741369748,26.18890898,2.842293421,29.20789447,"EXCLUSION",TRUE,TRUE,FALSE,FALSE,FALSE,TRUE
"2024-01","Lista de Reserva","Vulnerabilidad Baja",2.070141643,1,2.578385269,1,1,1,1.790108696,1,"sotap",1,"low",-500,17.46888676,5.614422911,2.676674474,23.46479817,"EXCLUSION",TRUE,TRUE,FALSE,FALSE,FALSE,FALSE
"2023-10","Elegible","Vulnerabilidad Baja",1,1.525552408,1,1,1.776038647,1.498900966,1,1,"sotap",1,"low",NA,3.741369748,9.93697889,2.388704659,13.47896774,"INCLUSION",TRUE,TRUE,FALSE,FALSE,FALSE,TRUE
"2024-01","Elegible","Vulnerabilidad Elevada",2.700708215,1,1,1,1.776038647,2.823478261,2.580217391,1,"sotap",3,"average",0,9.472088355,32.12448674,3.178534341,40.86759826,"INCLUSION",FALSE,TRUE,FALSE,TRUE,TRUE,TRUE
"2023-07","No Elegible","Vulnerabilidad Elevada",2.070141643,1,2.578385269,1,1.776038647,2.823478261,2.580217391,1.043888889,"fupal",2,"average",NA,17.46888676,32.85812825,3.43704192,49.83177383,"EXCLUSION",TRUE,TRUE,FALSE,TRUE,TRUE,TRUE
"2024-01","Elegible","Vulnerabilidad Moderada",1,1,2.578385269,1,1.776038647,2.117608696,1.790108696,1,"sotap",1,"low",0,8.975915299,21.88512181,2.877986279,30.44560593,"INCLUSION",TRUE,TRUE,FALSE,FALSE,FALSE,TRUE
"2024-02","Elegible","Vulnerabilidad Elevada",2.070141643,1,3.251728045,1,1.776038647,2.117608696,2.580217391,1.043888889,"sotap",1,"low",0,20.51851115,28.09152966,3.39478168,48.3663335,"INCLUSION",TRUE,TRUE,FALSE,FALSE,FALSE,TRUE
"2023-11","Lista de Reserva","Vulnerabilidad Baja",1,1,2.578385269,1,1.776038647,1,1.790108696,1,"fusal",1,"low",NA,8.975915299,12.01413641,2.602488661,20.89227872,"EXCLUSION",TRUE,FALSE,FALSE,FALSE,FALSE,TRUE
"2023-06","Lista de Reserva","Vulnerabilidad Moderada",1,1,1,1,1.776038647,2.823478261,1.790108696,1,"sotap",1,"low",0,0,26.18890898,2.730928248,25.3461237,"EXCLUSION",FALSE,FALSE,FALSE,FALSE,FALSE,TRUE
"2023-08","No Elegible","Vulnerabilidad Moderada",1,1.525552408,1,1,1.776038647,1.498900966,2.580217391,1.043888889,"sotap",5,"low",NA,3.741369748,22.80125306,2.747744488,25.9292567,"EXCLUSION",TRUE,TRUE,FALSE,FALSE,FALSE,TRUE
"2024-05","No Elegible","Vulnerabilidad Elevada",2.700708215,1,1,1,1.776038647,2.117608696,2.580217391,1,"sotap",1,"low",NA,9.472088355,27.40879931,3.046920262,36.30366637,"EXCLUSION",TRUE,TRUE,FALSE,FALSE,FALSE,TRUE
"2023-11","Lista de Reserva","Vulnerabilidad Baja",1,1,1,1,1.776038647,1,1.790108696,1,"pcr_cdmx",2,"low",0,0,12.01413641,2.33531262,11.62750949,"EXCLUSION",TRUE,TRUE,FALSE,FALSE,FALSE,TRUE
"2023-10","Lista de Reserva","Vulnerabilidad Baja",2.700708215,1,1.249197356,1,1,1,1,2.544987923,"sotap",4,"complete",NA,11.93561888,9.42508403,2.618326813,21.44149443,"EXCLUSION",TRUE,TRUE,FALSE,TRUE,FALSE,TRUE
"2023-11","No Elegible","Vulnerabilidad Baja",1,1,1,1,1.776038647,1.498900966,1,1,"pcr_cdmx",1,"low",0,0,9.93697889,2.277339487,9.617196972,"EXCLUSION",TRUE,TRUE,FALSE,FALSE,FALSE,TRUE
"2024-01","Elegible","Vulnerabilidad Elevada",1,1,3.251728045,1,1.776038647,2.823478261,2.580217391,1.043888889,"foten",4,"average",NA,11.51832969,32.85812825,3.259918337,43.68972188,"INCLUSION",TRUE,TRUE,FALSE,FALSE,TRUE,TRUE
"2024-04","Lista de Reserva","Vulnerabilidad Elevada",1,2.051104816,2.578385269,1,1.776038647,1,2.580217391,1,"sotap",2,"average",NA,17.3510839,16.59309681,2.979580996,33.96857349,"EXCLUSION",FALSE,TRUE,FALSE,TRUE,TRUE,TRUE
"2024-03","Elegible","Vulnerabilidad Baja",2.070141643,1,1,1,1.776038647,1.498900966,1.790108696,1.043888889,"sotap",1,"low",0,6.702282231,17.68003002,2.692946147,24.02903735,"INCLUSION",TRUE,TRUE,FALSE,FALSE,FALSE,TRUE
"2023-11","Elegible","Vulnerabilidad Elevada",1,1,2.578385269,1,1.776038647,2.823478261,1.790108696,1,"sotap",1,"low",0,8.975915299,26.18890898,2.998104289,34.61089293,"INCLUSION",TRUE,TRUE,FALSE,FALSE,FALSE,TRUE
"2023-06","Lista de Reserva","Vulnerabilidad Baja",1,2.051104816,1,1,1,1.498900966,1,1,"sotap",1,"low",NA,6.609317356,3.815111519,2.303211315,10.51434921,"EXCLUSION",TRUE,TRUE,FALSE,FALSE,FALSE,TRUE
"2024-02","No Elegible","Vulnerabilidad Baja",1,1,1,1,1.776038647,1,2.580217391,1.738466184,"pcr_cdmx",1,"low",0,0,24.36547812,2.680036586,23.58137267,"EXCLUSION",FALSE,FALSE,FALSE,FALSE,FALSE,TRUE
"2024-01","Lista de Reserva","Vulnerabilidad Severa",2.070141643,1,3.251728045,1,1.776038647,2.117608696,2.580217391,2.544987923,"sotap",2,"low",0,20.51851115,44.04383881,3.840008069,63.80528139,"EXCLUSION",FALSE,TRUE,FALSE,FALSE,FALSE,TRUE
"2023-10","No Elegible","Vulnerabilidad Baja",1,1,1,1,1,2.117608696,1.790108696,1,"fupal",1,"low",0,0,14.16503897,2.395343965,13.70919385,"EXCLUSION",TRUE,TRUE,FALSE,FALSE,FALSE,TRUE
"2024-05","Elegible","Vulnerabilidad Baja",1,2.051104816,1,1,1.776038647,1,1.790108696,1,"fupal",2,"low",NA,6.609317356,12.01413641,2.532044784,18.44952128,"INCLUSION",TRUE,TRUE,FALSE,FALSE,TRUE,TRUE
"2023-08","No Elegible por Intenciones","Vulnerabilidad Elevada",1,1.525552408,2.578385269,1,1.776038647,2.823478261,1.790108696,1,"sotap",2,"average",0,13.7168894,26.18890898,3.139223567,39.50443632,"EXCLUSION",TRUE,TRUE,FALSE,FALSE,FALSE,TRUE
"2024-01","Lista de Reserva","Vulnerabilidad Elevada",2.700708215,1,1,1,1.776038647,2.823478261,1.790108696,1,"sotap",1,"low",NA,9.472088355,26.18890898,3.012873318,35.12303333,"EXCLUSION",TRUE,TRUE,FALSE,FALSE,FALSE,TRUE
"2023-06","Lista de Reserva","Vulnerabilidad Moderada",1,1,1,1,1.776038647,2.823478261,1.790108696,1,"sotap",4,"average",-500,0,26.18890898,2.730928248,25.3461237,"EXCLUSION",TRUE,TRUE,FALSE,TRUE,TRUE,TRUE
"2024-06","No Elegible","Vulnerabilidad Moderada",2.070141643,1,1,1,1.776038647,1,1.790108696,2.544987923,"foten",1,"low",NA,6.702282231,24.59957006,2.8860694,30.72589967,"EXCLUSION",TRUE,TRUE,FALSE,FALSE,FALSE,TRUE
"2024-01","No Elegible","Vulnerabilidad Baja",1,1,1,1,1.776038647,2.117608696,1.790108696,1,"sotap",4,"average",-500,0,21.88512181,2.610810239,21.18083671,"EXCLUSION",TRUE,TRUE,FALSE,FALSE,FALSE,TRUE
"2023-12","Elegible","Vulnerabilidad Moderada",2.700708215,1,2.578385269,1,1,1,1.790108696,1.043888889,"sotap",1,"low",NA,20.97871872,6.061858428,2.793635574,27.52061663,"INCLUSION",TRUE,TRUE,FALSE,FALSE,FALSE,TRUE
"2024-04","No Elegible","Vulnerabilidad Moderada",1,1,1,1,1.776038647,2.823478261,1.790108696,1.043888889,"sotap",2,"low",0,0,26.85846924,2.749615568,25.99413684,"EXCLUSION",TRUE,TRUE,FALSE,FALSE,TRUE,TRUE
"2024-06","No Elegible","Vulnerabilidad Baja",1,1.525552408,1,1,1.776038647,2.823478261,1,1.043888889,"sotap",1,"low",500,3.741369748,18.36611881,2.623960602,21.63684951,"EXCLUSION",TRUE,TRUE,FALSE,FALSE,FALSE,TRUE
"2024-06","No Elegible","Vulnerabilidad Elevada",2.070141643,1,2.578385269,1,1.776038647,1,2.580217391,1.043888889,"sotap",3,"low",NA,17.46888676,17.15905947,2.998883429,34.63791678,"EXCLUSION",TRUE,TRUE,FALSE,FALSE,FALSE,TRUE
"2024-06","No Elegible","Vulnerabilidad Elevada",2.070141643,1,1,1,1.776038647,2.823478261,2.580217391,1.043888889,"sotap",6,"average",NA,6.702282231,32.85812825,3.116564434,38.7186892,"EXCLUSION",TRUE,TRUE,FALSE,FALSE,FALSE,TRUE
"2024-04","Elegible","Vulnerabilidad Baja",1,1,1,1,1,2.823478261,1,1,"sotap",2,"low",NA,0,10.61532135,2.296271916,10.27370969,"INCLUSION",FALSE,TRUE,FALSE,FALSE,TRUE,TRUE
"2023-11","Elegible","Vulnerabilidad Elevada",1,2.051104816,1,1,1.776038647,2.823478261,2.580217391,1,"sotap",1,"low",NA,6.609317356,32.12448674,3.093321436,37.91270043,"INCLUSION",TRUE,FALSE,FALSE,FALSE,FALSE,TRUE
"2024-04","No Elegible","Vulnerabilidad Elevada",2.700708215,2.051104816,1,1,1.776038647,2.823478261,1.790108696,1,"sotap",1,"low",0,17.94487015,26.18890898,3.265073146,43.86847772,"EXCLUSION",TRUE,FALSE,FALSE,FALSE,FALSE,TRUE
"2024-06","No Elegible","Vulnerabilidad Elevada",1,1,1,1,1.776038647,2.823478261,2.580217391,1.043888889,"sotap",1,"low",NA,0,32.85812825,2.917065088,31.80072082,"EXCLUSION",FALSE,TRUE,FALSE,FALSE,FALSE,TRUE
"2023-08","No Elegible","Vulnerabilidad Baja",1,1,1,1,1.776038647,1.498900966,1,1,"sotap",1,"low",NA,0,9.93697889,2.277339487,9.617196972,"EXCLUSION",TRUE,TRUE,FALSE,FALSE,FALSE,TRUE
"2023-09","No Elegible","Vulnerabilidad Baja",1,1.525552408,1,1,1.776038647,1,1.790108696,1.043888889,"sotap",1,"low",NA,3.741369748,12.53066404,2.461093996,15.98918551,"EXCLUSION",TRUE,FALSE,FALSE,FALSE,FALSE,TRUE
"2023-06","No Elegible","Vulnerabilidad Baja",1,1,1,1,1.776038647,2.117608696,1.790108696,1,"sotap",1,"low",0,0,21.88512181,2.610810239,21.18083671,"EXCLUSION",TRUE,TRUE,FALSE,FALSE,FALSE,TRUE
"2023-06","Lista de Reserva","Vulnerabilidad Elevada",2.700708215,1,3.251728045,1,1.776038647,1.498900966,1.790108696,1.043888889,"sotap",1,"low",NA,24.2379543,17.68003002,3.214910903,42.12902488,"EXCLUSION",TRUE,TRUE,FALSE,FALSE,FALSE,TRUE
"2024-02","Elegible","Vulnerabilidad Moderada",1,1,1,1,1.776038647,2.823478261,1.790108696,1,"foten",1,"low",0,0,26.18890898,2.730928248,25.3461237,"INCLUSION",TRUE,TRUE,FALSE,FALSE,FALSE,TRUE
"2024-04","No Elegible","Vulnerabilidad Elevada",1,1,3.251728045,1,1.776038647,2.823478261,2.580217391,1.043888889,"sotap",1,"low",0,11.51832969,32.85812825,3.259918337,43.68972188,"EXCLUSION",TRUE,TRUE,FALSE,FALSE,FALSE,TRUE
"2024-03","Elegible","Vulnerabilidad Elevada",2.700708215,2.051104816,1.249197356,1,1.776038647,2.117608696,2.580217391,1.043888889,"fupal",4,"average",NA,20.89305637,28.09152966,3.405930349,48.75293196,"INCLUSION",FALSE,TRUE,FALSE,FALSE,TRUE,TRUE
"2023-11","No Elegible","Vulnerabilidad Moderada",2.700708215,1,3.251728045,1,1,1.498900966,1,1.043888889,"sotap",1,"low",0,24.2379543,4.243121443,2.83988894,29.12452946,"EXCLUSION",TRUE,FALSE,FALSE,FALSE,FALSE,TRUE
"2023-12","Elegible","Vulnerabilidad Moderada",1,1,1,1,1.776038647,2.823478261,2.580217391,1,"sotap",4,"average",NA,0,32.12448674,2.896589272,31.09068863,"INCLUSION",TRUE,TRUE,FALSE,FALSE,FALSE,TRUE
"2023-10","No Elegible","Vulnerabilidad Moderada",1,1,1,1,1.776038647,2.823478261,2.580217391,1,"sotap",1,"low",0,0,32.12448674,2.896589272,31.09068863,"EXCLUSION",TRUE,TRUE,FALSE,FALSE,FALSE,TRUE
"2024-01","No Elegible","Vulnerabilidad Baja",1.599560907,1.525552408,1,1,1,1,1,1.043888889,"pcr_cdmx",1,"low",0,8.393749546,0.386821499,2.260643489,9.038241996,"EXCLUSION",TRUE,FALSE,FALSE,FALSE,FALSE,TRUE
"2023-06","Lista de Reserva","Vulnerabilidad Severa",2.700708215,1,3.251728045,1,1.776038647,2.117608696,2.580217391,1.043888889,"sotap",2,"low",0,24.2379543,28.09152966,3.505494188,52.20547205,"EXCLUSION",FALSE,FALSE,FALSE,FALSE,FALSE,TRUE
"2024-05","No Elegible","Vulnerabilidad Elevada",1,1,1,1,1.776038647,2.823478261,2.580217391,1.043888889,"pcr_cdmx",3,"average",0,0,32.85812825,2.917065088,31.80072082,"EXCLUSION",TRUE,FALSE,FALSE,TRUE,TRUE,TRUE
"2024-06","No Elegible","Vulnerabilidad Moderada",1,1,2.578385269,1,1,2.823478261,1.790108696,1,"fupal",3,"low",NA,8.975915299,17.8931401,2.76657071,26.58209019,"EXCLUSION",TRUE,TRUE,FALSE,FALSE,FALSE,TRUE
"2023-07","No Elegible","Vulnerabilidad Elevada",2.700708215,1,3.251728045,1,1.776038647,2.117608696,1.790108696,1,"sotap",5,"average",0,24.2379543,21.88512181,3.33227434,46.19879261,"EXCLUSION",TRUE,TRUE,FALSE,FALSE,FALSE,TRUE
"2024-07","Lista de Reserva","Vulnerabilidad Baja",1,1,1,1,1.776038647,2.117608696,1.790108696,1,"sotap",3,"low",NA,0,21.88512181,2.610810239,21.18083671,"EXCLUSION",TRUE,TRUE,FALSE,FALSE,FALSE,TRUE
"2024-01","No Elegible","Vulnerabilidad Moderada",1,1,1,1,1.776038647,2.117608696,2.580217391,1.043888889,"sotap",1,"low",NA,0,28.09152966,2.784030087,27.18751614,"EXCLUSION",TRUE,TRUE,FALSE,FALSE,FALSE,TRUE
"2023-10","Elegible","Vulnerabilidad Baja",1,1,1,1,1,1.498900966,1,1,"fupal",1,"low",NA,0,3.815111519,2.10647915,3.692337415,"INCLUSION",TRUE,FALSE,FALSE,FALSE,FALSE,TRUE
"2023-09","Elegible","Vulnerabilidad Severa",1,1,3.251728045,1,1.776038647,2.823478261,1.790108696,2.544987923,"sotap",3,"complete",0,11.51832969,42.50305317,3.529106644,53.02426347,"INCLUSION",TRUE,TRUE,FALSE,TRUE,TRUE,TRUE
"2023-11","No Elegible","Vulnerabilidad Baja",1,1,1,1,1.776038647,1.498900966,1.790108696,1,"sotap",3,"low",NA,0,17.10850297,2.477495573,16.55793424,"EXCLUSION",TRUE,FALSE,FALSE,FALSE,TRUE,TRUE
"2024-02","No Elegible","Vulnerabilidad Baja",1,1,1,1,1,1,1,1,"pcr_cdmx",1,"low",0,0,0,2,0,"EXCLUSION",TRUE,TRUE,FALSE,FALSE,FALSE,TRUE
"2023-07","No Elegible por Intenciones","Vulnerabilidad Elevada",1,2.051104816,1,1,1.776038647,2.823478261,1.790108696,1,"foten",2,"average",0,6.609317356,26.18890898,2.927660413,32.1681355,"EXCLUSION",TRUE,TRUE,FALSE,TRUE,TRUE,TRUE
"2024-05","No Elegible por Intenciones","Vulnerabilidad Elevada",2.700708215,1,3.251728045,1,1,1.498900966,1.790108696,1.043888889,"sotap",3,"average",NA,24.2379543,10.52243148,3.015143476,35.20176502,"EXCLUSION",TRUE,TRUE,TRUE,FALSE,FALSE,TRUE
"2024-05","No Elegible","Vulnerabilidad Elevada",2.070141643,1,3.251728045,1,1,1.498900966,1.790108696,1.043888889,"sotap",1,"low",NA,20.51851115,10.52243148,2.904430968,31.36262647,"EXCLUSION",FALSE,FALSE,FALSE,FALSE,FALSE,TRUE
"2023-11","No Elegible por Intenciones","Vulnerabilidad Baja",2.070141643,1,1,1,1,1,1.790108696,1.043888889,"sotap",2,"low",0,6.702282231,6.061858428,2.368684842,12.78475014,"EXCLUSION",TRUE,TRUE,FALSE,FALSE,TRUE,TRUE
"2023-09","Lista de Reserva","Vulnerabilidad Elevada",1,1,1,1,1.776038647,2.823478261,2.580217391,1.043888889,"sotap",6,"low",0,0,32.85812825,2.917065088,31.80072082,"EXCLUSION",FALSE,TRUE,FALSE,FALSE,FALSE,TRUE
"2023-10","No Elegible","Vulnerabilidad Baja",1,1,1,1,1,1.498900966,1,1,"fomon",1,"low",NA,0,3.815111519,2.10647915,3.692337415,"EXCLUSION",FALSE,FALSE,FALSE,FALSE,FALSE,TRUE
"2024-02","No Elegible","Vulnerabilidad Elevada",1,1,2.578385269,1,1.776038647,2.823478261,2.580217391,1.043888889,"foten",2,"average",0,8.975915299,32.85812825,3.184241129,41.06549005,"EXCLUSION",FALSE,TRUE,FALSE,TRUE,TRUE,TRUE
"2024-04","No Elegible","Vulnerabilidad Baja",2.070141643,1,1,1,1,1,1.790108696,1.043888889,"sotap",1,"low",NA,6.702282231,6.061858428,2.368684842,12.78475014,"EXCLUSION",TRUE,TRUE,FALSE,FALSE,FALSE,TRUE
"2023-08","Lista de Reserva","Vulnerabilidad Severa",2.700708215,1,3.251728045,1,1.776038647,2.117608696,2.580217391,1.043888889,"sotap",1,"low",0,24.2379543,28.09152966,3.505494188,52.20547205,"EXCLUSION",TRUE,TRUE,FALSE,FALSE,FALSE,TRUE
"2024-04","No Elegible por Duplicidad","Vulnerabilidad Moderada",2.070141643,1,1,1,1.776038647,2.117608696,1.790108696,1.043888889,"sotap",4,"average",0,6.702282231,22.50821784,2.827700095,28.70184926,"EXCLUSION",TRUE,TRUE,FALSE,FALSE,FALSE,TRUE
"2024-05","Elegible","Vulnerabilidad Elevada",2.070141643,1,2.578385269,1,1.776038647,2.823478261,1,1.738466184,"sotap",1,"low",-500,17.46888676,25.73669646,3.238283901,42.93951684,"INCLUSION",TRUE,TRUE,FALSE,FALSE,FALSE,TRUE
"2024-01","Elegible","Vulnerabilidad Elevada",1,2.051104816,2.578385269,1,1.776038647,2.117608696,1.790108696,1,"foten",3,"low",-500,17.3510839,21.88512181,3.127280564,39.09029584,"INCLUSION",TRUE,TRUE,FALSE,TRUE,TRUE,TRUE
"2023-11","Elegible","Vulnerabilidad Baja",1,1,1,1,1.776038647,1,2.580217391,1,"pcr_cdmx",1,"low",0,0,16.59309681,2.46311067,16.05911436,"INCLUSION",TRUE,TRUE,FALSE,FALSE,FALSE,TRUE
"2023-07","No Elegible","Vulnerabilidad Elevada",1,1,2.578385269,1,1.776038647,2.823478261,1.790108696,1,"foten",3,"average",-500,8.975915299,26.18890898,2.998104289,34.61089293,"EXCLUSION",TRUE,TRUE,FALSE,FALSE,FALSE,TRUE
"2023-09","Lista de Reserva","Vulnerabilidad Elevada",2.070141643,1,1,1,1.776038647,2.117608696,2.580217391,1.043888889,"foten",3,"average",NA,6.702282231,28.09152966,2.983529432,34.10548452,"EXCLUSION",FALSE,FALSE,FALSE,TRUE,FALSE,TRUE
"2024-05","No Elegible","Vulnerabilidad Elevada",2.070141643,1,1,1,1.776038647,1.498900966,2.580217391,2.544987923,"sotap",1,"low",500,6.702282231,37.43330939,3.244257006,43.14663644,"EXCLUSION",TRUE,TRUE,FALSE,FALSE,FALSE,TRUE
"2023-10","Elegible","Vulnerabilidad Baja",1,1,1,1,1,2.823478261,1.790108696,1,"fupal",1,"low",0,0,17.8931401,2.49939467,17.31732096,"INCLUSION",TRUE,TRUE,FALSE,FALSE,FALSE,TRUE
"2024-05","No Elegible por Intenciones","Vulnerabilidad Baja",1,1,1,1,1.776038647,2.117608696,1.790108696,1.043888889,"sotap",2,"average",NA,0,22.50821784,2.628200749,21.78388088,"EXCLUSION",TRUE,TRUE,FALSE,TRUE,TRUE,TRUE
"2024-06","Lista de Reserva","Vulnerabilidad Moderada",1,1,1,1,1.776038647,2.823478261,1.790108696,1,"futij",4,"average",NA,0,26.18890898,2.730928248,25.3461237,"EXCLUSION",TRUE,TRUE,FALSE,FALSE,FALSE,TRUE
"2024-07","No Elegible","Vulnerabilidad Elevada",2.070141643,2.051104816,2.578385269,1,1,2.117608696,1.790108696,1.043888889,"fupal",1,"low",0,27.51489601,14.70478802,3.229413438,42.63192612,"EXCLUSION",TRUE,TRUE,FALSE,FALSE,FALSE,TRUE
"2024-06","Lista de Reserva","Vulnerabilidad Elevada",2.070141643,1,1,1,1.776038647,2.823478261,2.580217391,1.043888889,"sotap",4,"average",NA,6.702282231,32.85812825,3.116564434,38.7186892,"EXCLUSION",TRUE,TRUE,FALSE,FALSE,FALSE,TRUE
"2024-03","Lista de Reserva","Vulnerabilidad Baja",1,1,2.578385269,1,1,1,1.790108696,1,"sotap",1,"low",NA,8.975915299,5.614422911,2.423873683,14.6985144,"EXCLUSION",TRUE,TRUE,FALSE,FALSE,FALSE,TRUE
"2024-02","No Elegible","Vulnerabilidad Baja",1,1,2.578385269,1,1.776038647,1,1.790108696,1,"pcr_cdmx",1,"low",0,8.975915299,12.01413641,2.602488661,20.89227872,"EXCLUSION",TRUE,TRUE,FALSE,FALSE,FALSE,TRUE
"2023-07","Lista de Reserva","Vulnerabilidad Baja",2.700708215,1,1,1,1.776038647,1,1.790108696,1,"sotap",1,"low",500,9.472088355,12.01413641,2.61725769,21.40441912,"EXCLUSION",TRUE,TRUE,FALSE,FALSE,FALSE,TRUE
"2023-07","Lista de Reserva","Vulnerabilidad Moderada",1,1.525552408,1,1,1.776038647,2.823478261,1.790108696,1,"sotap",3,"average",0,3.741369748,26.18890898,2.842293421,29.20789447,"EXCLUSION",TRUE,TRUE,FALSE,FALSE,FALSE,TRUE
"2023-08","No Elegible","Vulnerabilidad Moderada",1,2.051104816,1,1,1.776038647,2.823478261,1,1.043888889,"sotap",3,"average",0,6.609317356,18.36611881,2.709327594,24.59709054,"EXCLUSION",TRUE,FALSE,FALSE,FALSE,FALSE,TRUE
"2023-10","Lista de Reserva","Vulnerabilidad Baja",1,1,1,1,1,2.117608696,1.790108696,1,"sotap",1,"low",0,0,14.16503897,2.395343965,13.70919385,"EXCLUSION",TRUE,TRUE,FALSE,FALSE,FALSE,TRUE
"2023-07","No Elegible","Vulnerabilidad Baja",1,1,1,1.564135978,1,1.498900966,1,1,"sotap",4,"average",0,3.975239986,3.815111519,2.224805677,7.795504599,"EXCLUSION",TRUE,TRUE,FALSE,FALSE,FALSE,TRUE
"2023-10","No Elegible","Vulnerabilidad Baja",1,1.525552408,1,1,1,1.498900966,1,1,"sotap",1,"low",NA,3.741369748,3.815111519,2.217844323,7.554108183,"EXCLUSION",TRUE,TRUE,FALSE,FALSE,FALSE,TRUE
"2024-05","No Elegible","Vulnerabilidad Baja",1,1,3.251728045,1,1.776038647,1,1.790108696,1.043888889,"sotap",1,"low",NA,11.51832969,12.53066404,2.692582072,24.0164158,"EXCLUSION",TRUE,TRUE,FALSE,FALSE,FALSE,TRUE
"2024-06","No Elegible","Vulnerabilidad Baja",2.070141643,1,1,1,1,2.117608696,1.790108696,1.043888889,"sotap",2,"average",NA,6.702282231,14.70478802,2.60990762,21.14954161,"EXCLUSION",TRUE,TRUE,FALSE,FALSE,FALSE,TRUE
"2024-03","No Elegible","Vulnerabilidad Baja",1,1,1,1,1,1.498900966,1.790108696,1,"sotap",1,"low",-500,0,10.02735341,2.279861825,9.70466315,"EXCLUSION",TRUE,TRUE,FALSE,FALSE,FALSE,TRUE
"2023-11","No Elegible","Vulnerabilidad Elevada",2.070141643,1,1,1,1.776038647,2.823478261,2.580217391,1.043888889,"fupal",5,"high",NA,6.702282231,32.85812825,3.116564434,38.7186892,"EXCLUSION",TRUE,FALSE,FALSE,FALSE,FALSE,TRUE
"2023-07","No Elegible","Vulnerabilidad Moderada",2.700708215,1,3.251728045,1,1,1,1.790108696,1,"sotap",1,"low",NA,24.2379543,5.614422911,2.878161744,30.45170107,"EXCLUSION",TRUE,TRUE,FALSE,FALSE,FALSE,TRUE
"2024-02","Elegible","Vulnerabilidad Elevada",2.070141643,1,1,1,1.776038647,2.823478261,1.790108696,1.043888889,"sotap",4,"average",0,6.702282231,26.85846924,2.949114914,32.91210522,"INCLUSION",TRUE,TRUE,FALSE,FALSE,FALSE,TRUE
"2024-04","No Elegible por Duplicidad","Vulnerabilidad Baja",1,1,1,1,1.776038647,2.117608696,1.790108696,1,"sotap",5,"average",NA,0,21.88512181,2.610810239,21.18083671,"EXCLUSION",TRUE,TRUE,FALSE,FALSE,FALSE,TRUE
"2023-08","No Elegible","Vulnerabilidad Elevada",2.700708215,1,2.578385269,1,1.776038647,2.823478261,1.790108696,1,"fupal",2,"average",NA,20.97871872,26.18890898,3.355378326,46.99995857,"EXCLUSION",TRUE,TRUE,FALSE,TRUE,FALSE,TRUE
"2024-02","No Elegible","Vulnerabilidad Baja",1,1,1,1,1.776038647,2.823478261,1,1,"sotap",1,"low",-500,0,17.78726377,2.496439678,17.21485183,"EXCLUSION",TRUE,TRUE,FALSE,FALSE,FALSE,TRUE
"2023-09","Lista de Reserva","Vulnerabilidad Elevada",2.700708215,1,3.251728045,1,1.776038647,2.823478261,1.790108696,1.043888889,"sotap",3,"complete",-500,24.2379543,26.85846924,3.471079669,51.01209275,"EXCLUSION",TRUE,TRUE,FALSE,TRUE,TRUE,TRUE
"2024-04","No Elegible","Vulnerabilidad Baja",1,1,1,1,1,1,1,1,"sotap",3,"low",NA,0,0,2,0,"EXCLUSION",TRUE,TRUE,FALSE,FALSE,FALSE,TRUE
"2024-04","Elegible","Vulnerabilidad Baja",1,1,1,1,1.776038647,1,2.580217391,1.043888889,"sotap",1,"low",NA,0,17.15905947,2.478906597,16.60686378,"INCLUSION",TRUE,TRUE,FALSE,FALSE,FALSE,TRUE
"2024-06","No Elegible","Vulnerabilidad Baja",1,1,1,1,1.776038647,2.117608696,1.790108696,1,"sotap",1,"low",NA,0,21.88512181,2.610810239,21.18083671,"EXCLUSION",FALSE,FALSE,FALSE,FALSE,FALSE,TRUE
"2024-06","No Elegible","Vulnerabilidad Severa",2.070141643,2.051104816,2.578385269,1,1.776038647,2.117608696,2.580217391,1.043888889,"sotap",3,"average",0,27.51489601,28.09152966,3.60303525,55.58786902,"EXCLUSION",TRUE,TRUE,FALSE,TRUE,TRUE,TRUE
"2023-12","No Elegible","Vulnerabilidad Baja",1,1,1,1,1.776038647,1.498900966,1.790108696,1,"pcr_cdmx",1,"low",NA,0,17.10850297,2.477495573,16.55793424,"EXCLUSION",TRUE,TRUE,FALSE,FALSE,FALSE,TRUE
"2024-04","No Elegible","Vulnerabilidad Moderada",2.700708215,1,1,1,1.776038647,2.117608696,1.790108696,1,"sotap",1,"low",NA,9.472088355,21.88512181,2.892755308,30.95774634,"EXCLUSION",FALSE,FALSE,FALSE,FALSE,FALSE,TRUE
"2024-02","Elegible","Vulnerabilidad Baja",1,1,1,1,1,2.117608696,1.790108696,1,"sotap",2,"average",NA,0,14.16503897,2.395343965,13.70919385,"INCLUSION",TRUE,FALSE,FALSE,FALSE,FALSE,TRUE
"2024-02","No Elegible","Vulnerabilidad Elevada",2.700708215,1,3.251728045,1,1.776038647,2.117608696,2.580217391,1,"sotap",3,"average",0,24.2379543,27.40879931,3.486439293,51.54471265,"EXCLUSION",TRUE,TRUE,FALSE,FALSE,FALSE,TRUE
"2023-07","No Elegible","Vulnerabilidad Elevada",2.700708215,1,2.578385269,1,1.776038647,1.498900966,1.790108696,1,"sotap",2,"average",0,20.97871872,17.10850297,3.101945651,38.2117691,"EXCLUSION",TRUE,TRUE,FALSE,FALSE,FALSE,TRUE
"2023-07","No Elegible","Vulnerabilidad Baja",1,1.525552408,1,1,1,1,1,1,"sotap",4,"average",0,3.741369748,0,2.111365173,3.861770768,"EXCLUSION",TRUE,TRUE,FALSE,FALSE,FALSE,TRUE
"2023-07","No Elegible","Vulnerabilidad Severa",2.700708215,1,3.251728045,1,1.776038647,2.823478261,2.580217391,1,"sotap",2,"complete",0,24.2379543,32.12448674,3.618053373,56.10864454,"EXCLUSION",TRUE,TRUE,FALSE,TRUE,TRUE,TRUE
"2024-06","No Elegible","Vulnerabilidad Moderada",1,1,1,1,1.776038647,2.823478261,1.790108696,1,"sotap",1,"low",NA,0,26.18890898,2.730928248,25.3461237,"EXCLUSION",TRUE,FALSE,FALSE,FALSE,FALSE,TRUE
"2023-08","No Elegible","Vulnerabilidad Moderada",1,1,2.578385269,1,1.776038647,2.117608696,1.790108696,1,"sotap",3,"average",NA,8.975915299,21.88512181,2.877986279,30.44560593,"EXCLUSION",TRUE,TRUE,FALSE,FALSE,FALSE,TRUE
"2023-12","Elegible","Vulnerabilidad Baja",1,1,1.249197356,1,1.776038647,1.498900966,1.790108696,1.043888889,"sotap",1,"low",0,1.921713018,17.68003002,2.550648286,19.09462464,"INCLUSION",TRUE,FALSE,FALSE,FALSE,FALSE,TRUE
"2024-05","Elegible","Vulnerabilidad Moderada",1,1.525552408,2.578385269,1,1.776038647,1,1.790108696,1.043888889,"foten",2,"average",NA,13.7168894,12.53066404,2.758024142,26.28572736,"INCLUSION",TRUE,TRUE,FALSE,TRUE,TRUE,TRUE
"2023-07","Lista de Reserva","Vulnerabilidad Baja",1,1,2.578385269,1,1,1,1.790108696,1,"sotap",1,"low",0,8.975915299,5.614422911,2.423873683,14.6985144,"EXCLUSION",TRUE,TRUE,FALSE,FALSE,FALSE,TRUE
"2023-12","No Elegible por Intenciones","Vulnerabilidad Baja",1,1,2.578385269,1,1,1.498900966,1,1,"sotap",1,"low",NA,8.975915299,3.815111519,2.373655191,12.95710664,"EXCLUSION",TRUE,TRUE,FALSE,FALSE,FALSE,TRUE
"2024-01","Elegible","Vulnerabilidad Moderada",2.070141643,1,1,1,1.776038647,1,1.790108696,1.738466184,"fupal",1,"low",-500,6.702282231,19.10762501,2.732790095,25.41069091,"INCLUSION",TRUE,TRUE,FALSE,FALSE,FALSE,TRUE
"2023-08","Lista de Reserva","Vulnerabilidad Baja",1,1.525552408,2.578385269,1,1,1,1.790108696,1,"sotap",1,"low",-500,13.7168894,5.614422911,2.564992962,19.59205779,"EXCLUSION",TRUE,TRUE,FALSE,FALSE,FALSE,TRUE
"2024-01","Lista de Reserva","Vulnerabilidad Elevada",2.700708215,1,1,1,1.776038647,2.823478261,1.790108696,1,"sotap",4,"average",NA,9.472088355,26.18890898,3.012873318,35.12303333,"EXCLUSION",TRUE,TRUE,FALSE,FALSE,FALSE,TRUE
"2023-10","Elegible","Vulnerabilidad Moderada",1,1,2.578385269,1,1.776038647,1.498900966,1.790108696,1,"foten",1,"low",0,8.975915299,17.10850297,2.744671614,25.82270347,"INCLUSION",TRUE,TRUE,FALSE,FALSE,FALSE,TRUE
"2024-03","Elegible","Vulnerabilidad Elevada",2.700708215,1,3.251728045,1,1.776038647,2.117608696,1.790108696,1.043888889,"pcr_cdmx",6,"average",NA,24.2379543,22.50821784,3.34966485,46.80183679,"INCLUSION",TRUE,TRUE,FALSE,FALSE,TRUE,TRUE
"2024-02","No Elegible","Vulnerabilidad Moderada",1,1,1,1,1.776038647,2.823478261,2.580217391,1,"sotap",1,"low",0,0,32.12448674,2.896589272,31.09068863,"EXCLUSION",FALSE,FALSE,FALSE,FALSE,FALSE,TRUE
"2024-04","Lista de Reserva","Vulnerabilidad Elevada",1,2.051104816,1,1,1.776038647,2.117608696,2.580217391,1.043888889,"sotap",1,"low",NA,6.609317356,28.09152966,2.980762251,34.00952794,"EXCLUSION",FALSE,TRUE,FALSE,FALSE,FALSE,TRUE
"2024-04","No Elegible por Intenciones","Vulnerabilidad Moderada",1,1,1,1,1.776038647,2.823478261,1.790108696,1,"sotap",3,"low",0,0,26.18890898,2.730928248,25.3461237,"EXCLUSION",TRUE,TRUE,FALSE,FALSE,TRUE,FALSE
"2023-08","Lista de Reserva","Vulnerabilidad Baja",1,1,1,1,1,1,1,1,"sotap",1,"low",NA,0,0,2,0,"EXCLUSION",TRUE,TRUE,FALSE,FALSE,FALSE,TRUE
"2024-06","Lista de Reserva","Vulnerabilidad Moderada",2.700708215,1,1,1,1,1,1.790108696,2.544987923,"sotap",4,"average",0,9.472088355,16.51639539,2.742915015,25.7617909,"EXCLUSION",TRUE,TRUE,FALSE,FALSE,FALSE,TRUE
"2024-02","No Elegible","Vulnerabilidad Moderada",1,1,1,1,1.776038647,2.823478261,1.790108696,1,"sotap",1,"low",0,0,26.18890898,2.730928248,25.3461237,"EXCLUSION",TRUE,FALSE,FALSE,FALSE,FALSE,TRUE
"2024-06","No Elegible","Vulnerabilidad Moderada",1,2.051104816,1,1,1.776038647,2.117608696,1.790108696,1,"sotap",1,"low",NA,6.609317356,21.88512181,2.807542403,28.0028485,"EXCLUSION",TRUE,TRUE,FALSE,FALSE,FALSE,TRUE
"2024-02","Elegible","Vulnerabilidad Elevada",2.700708215,1,1,1,1.776038647,2.823478261,2.580217391,1,"foten",3,"average",0,9.472088355,32.12448674,3.178534341,40.86759826,"INCLUSION",TRUE,TRUE,TRUE,TRUE,TRUE,TRUE
"2024-05","No Elegible por Intenciones","Vulnerabilidad Baja",1,1.525552408,1,1,1.776038647,1.498900966,1.790108696,1,"sotap",1,"low",NA,3.741369748,17.10850297,2.588860746,20.419705,"EXCLUSION",TRUE,TRUE,FALSE,FALSE,FALSE,TRUE
"2024-05","Elegible","Vulnerabilidad Elevada",1,2.051104816,2.578385269,1.564135978,1.776038647,2.823478261,1.790108696,1,"sotap",2,"complete",NA,23.37941737,26.18890898,3.42683724,49.4779141,"INCLUSION",TRUE,TRUE,FALSE,TRUE,TRUE,TRUE
"2024-06","Lista de Reserva","Vulnerabilidad Elevada",1,1,1,1,1.776038647,2.823478261,2.580217391,1.043888889,"foten",3,"average",0,0,32.85812825,2.917065088,31.80072082,"EXCLUSION",TRUE,TRUE,FALSE,FALSE,FALSE,TRUE
"2024-01","Elegible","Vulnerabilidad Baja",1,1,1,1,1,1,1,1,"pcr_cdmx",1,"low",NA,0,0,2,0,"INCLUSION",TRUE,TRUE,TRUE,FALSE,FALSE,TRUE
"2023-11","Elegible","Vulnerabilidad Elevada",2.700708215,1,2.578385269,1,1.776038647,2.823478261,1.790108696,1,"sotap",1,"low",0,20.97871872,26.18890898,3.355378326,46.99995857,"INCLUSION",TRUE,TRUE,FALSE,FALSE,FALSE,TRUE
"2024-06","No Elegible","Vulnerabilidad Baja",1,1,1,1,1,1.498900966,1,1,"sotap",1,"low",NA,0,3.815111519,2.10647915,3.692337415,"EXCLUSION",TRUE,TRUE,FALSE,FALSE,FALSE,TRUE
"2023-10","Lista de Reserva","Vulnerabilidad Baja",1,1,2.578385269,1,1,1,1,1,"sotap",1,"low",0,8.975915299,0,2.267176041,9.264769229,"EXCLUSION",TRUE,TRUE,FALSE,FALSE,FALSE,TRUE
"2024-01","Elegible","Vulnerabilidad Moderada",1,1,2.578385269,1,1.776038647,2.117608696,1.790108696,1.043888889,"sotap",4,"average",0,8.975915299,22.50821784,2.89537679,31.04865011,"INCLUSION",TRUE,TRUE,FALSE,FALSE,FALSE,TRUE
"2023-12","Elegible","Vulnerabilidad Elevada",1,1,3.251728045,1,1.776038647,2.823478261,2.580217391,1.043888889,"foten",1,"low",0,11.51832969,32.85812825,3.259918337,43.68972188,"INCLUSION",TRUE,TRUE,FALSE,FALSE,FALSE,TRUE
"2024-05","Elegible","Vulnerabilidad Moderada",1,2.051104816,2.578385269,1,1.776038647,1,1.790108696,1,"sotap",4,"average",0,17.3510839,12.01413641,2.851782945,29.53696862,"INCLUSION",TRUE,TRUE,FALSE,FALSE,TRUE,TRUE
"2023-07","No Elegible","Vulnerabilidad Moderada",1,1,2.578385269,1,1.776038647,2.117608696,1.790108696,1,"sotap",5,"high",NA,8.975915299,21.88512181,2.877986279,30.44560593,"EXCLUSION",TRUE,TRUE,FALSE,FALSE,FALSE,TRUE
"2024-02","Elegible","Vulnerabilidad Baja",1,1,1,1,1.776038647,2.117608696,1.790108696,1,"sotap",1,"low",NA,0,21.88512181,2.610810239,21.18083671,"INCLUSION",TRUE,TRUE,FALSE,FALSE,FALSE,FALSE
"2023-07","No Elegible","Vulnerabilidad Moderada",2.070141643,1,2.578385269,1,1.776038647,1,1.790108696,1,"sotap",1,"low",0,17.46888676,12.01413641,2.855289452,29.65856249,"EXCLUSION",TRUE,TRUE,FALSE,FALSE,FALSE,TRUE
"2024-04","Lista de Reserva","Vulnerabilidad Elevada",1,1,1,1,1.776038647,2.823478261,2.580217391,1.043888889,"sotap",3,"average",0,0,32.85812825,2.917065088,31.80072082,"EXCLUSION",TRUE,TRUE,FALSE,FALSE,FALSE,TRUE
"2024-01","Lista de Reserva","Vulnerabilidad Baja",1,1,1,1,1.776038647,2.117608696,1.790108696,1,"futij",1,"low",NA,0,21.88512181,2.610810239,21.18083671,"EXCLUSION",TRUE,TRUE,FALSE,FALSE,FALSE,TRUE
"2023-09","No Elegible","Vulnerabilidad Baja",1,1,1,1,1,1.498900966,1,1,"sotap",1,"low",NA,0,3.815111519,2.10647915,3.692337415,"EXCLUSION",TRUE,TRUE,FALSE,FALSE,FALSE,TRUE
"2023-07","No Elegible","Vulnerabilidad Baja",1,1,1,1,1.776038647,1,1.790108696,1,"fomon",1,"low",NA,0,12.01413641,2.33531262,11.62750949,"EXCLUSION",TRUE,TRUE,FALSE,FALSE,FALSE,TRUE
"2024-03","Elegible","Vulnerabilidad Moderada",1,1.525552408,1,1,1.776038647,2.823478261,1.790108696,1,"sotap",1,"low",NA,3.741369748,26.18890898,2.842293421,29.20789447,"INCLUSION",TRUE,TRUE,FALSE,FALSE,FALSE,TRUE
"2024-02","Lista de Reserva","Vulnerabilidad Elevada",2.700708215,1,3.251728045,1,1.776038647,2.117608696,1.790108696,1,"sotap",4,"average",0,24.2379543,21.88512181,3.33227434,46.19879261,"EXCLUSION",TRUE,TRUE,FALSE,FALSE,TRUE,TRUE
"2023-07","No Elegible","Vulnerabilidad Baja",1,1.525552408,1,1,1,1,1.790108696,1.043888889,"fupal",2,"average",NA,3.741369748,6.061858428,2.280550669,9.72855253,"EXCLUSION",TRUE,TRUE,FALSE,FALSE,FALSE,TRUE
"2024-05","No Elegible","Vulnerabilidad Baja",1,1,1,1,1.776038647,2.117608696,1.790108696,1,"sotap",2,"low",0,0,21.88512181,2.610810239,21.18083671,"EXCLUSION",TRUE,TRUE,FALSE,FALSE,TRUE,TRUE
"2024-05","No Elegible","Vulnerabilidad Baja",1,1.525552408,1,1,1.776038647,2.823478261,1,1,"sotap",1,"low",NA,3.741369748,17.78726377,2.607804851,21.0766226,"EXCLUSION",TRUE,TRUE,FALSE,FALSE,FALSE,TRUE
"2023-08","No Elegible","Vulnerabilidad Baja",1,1,2.578385269,1,1,1.498900966,1.790108696,1.043888889,"sotap",3,"average",0,8.975915299,10.52243148,2.560855415,19.44857834,"EXCLUSION",TRUE,TRUE,FALSE,FALSE,FALSE,TRUE
"2024-06","Lista de Reserva","Vulnerabilidad Baja",1,1,1,1,1.776038647,2.117608696,1.790108696,1,"pcr_cdmx",1,"low",0,0,21.88512181,2.610810239,21.18083671,"EXCLUSION",TRUE,TRUE,FALSE,FALSE,FALSE,TRUE
"2023-10","Elegible","Vulnerabilidad Elevada",2.070141643,2.051104816,1,1,1.776038647,2.117608696,1.790108696,1,"foten",1,"low",0,14.63015408,21.88512181,3.046289687,36.28180377,"INCLUSION",FALSE,TRUE,FALSE,FALSE,FALSE,TRUE
"2023-10","No Elegible","Vulnerabilidad Elevada",2.070141643,1,2.578385269,1,1.776038647,2.823478261,1.790108696,1,"sotap",4,"average",NA,17.46888676,26.18890898,3.25090508,43.3771767,"EXCLUSION",FALSE,FALSE,FALSE,TRUE,TRUE,TRUE
"2023-08","No Elegible","Vulnerabilidad Baja",1,1,1,1,1,1.498900966,1,1,"sotap",2,"low",0,0,3.815111519,2.10647915,3.692337415,"EXCLUSION",TRUE,TRUE,FALSE,FALSE,FALSE,TRUE
"2023-06","No Elegible","Vulnerabilidad Baja",1,1,1,1,1,1,1.790108696,1,"sotap",1,"low",0,0,5.614422911,2.156697643,5.433745167,"EXCLUSION",TRUE,TRUE,FALSE,FALSE,FALSE,TRUE
"2023-09","Lista de Reserva","Vulnerabilidad Baja",1,2.051104816,1,1,1,1,1.790108696,1,"sotap",1,"low",0,6.609317356,5.614422911,2.353429807,12.25575697,"EXCLUSION",TRUE,TRUE,FALSE,FALSE,FALSE,TRUE
"2024-03","No Elegible","Vulnerabilidad Elevada",1,2.051104816,1,1,1.776038647,2.823478261,2.580217391,1,"sotap",4,"average",NA,6.609317356,32.12448674,3.093321436,37.91270043,"EXCLUSION",TRUE,TRUE,FALSE,FALSE,FALSE,TRUE
"2024-04","Lista de Reserva","Vulnerabilidad Severa",2.700708215,1,3.251728045,1,1.776038647,2.823478261,2.580217391,2.544987923,"fupal",4,"average",NA,24.2379543,50,4.11695608,73.40890591,"EXCLUSION",FALSE,TRUE,FALSE,TRUE,TRUE,TRUE
"2023-07","No Elegible","Vulnerabilidad Moderada",2.070141643,1,3.251728045,1,1.776038647,1.498900966,1,1,"sotap",3,"low",NA,20.51851115,9.93697889,2.88809108,30.79601433,"EXCLUSION",TRUE,FALSE,FALSE,FALSE,FALSE,TRUE
"2023-09","Elegible","Vulnerabilidad Moderada",1,1,2.578385269,1,1.776038647,2.117608696,1.790108696,1,"foten",3,"average",NA,8.975915299,21.88512181,2.877986279,30.44560593,"INCLUSION",FALSE,FALSE,FALSE,FALSE,FALSE,TRUE
"2024-01","No Elegible","Vulnerabilidad Moderada",1,1,1,1,1.776038647,2.823478261,2.580217391,1,"sotap",3,"low",0,0,32.12448674,2.896589272,31.09068863,"EXCLUSION",TRUE,TRUE,FALSE,FALSE,TRUE,TRUE
"2023-09","No Elegible","Vulnerabilidad Baja",1.599560907,1,1.249197356,1,1,1.498900966,1.790108696,1.043888889,"foten",1,"low",0,6.347353616,10.52243148,2.482613957,16.73542692,"EXCLUSION",TRUE,TRUE,FALSE,FALSE,FALSE,TRUE
"2024-04","Elegible","Vulnerabilidad Severa",2.070141643,1,2.578385269,1,1.776038647,2.823478261,2.580217391,2.544987923,"sotap",1,"low",0,17.46888676,50,3.915468811,66.422003,"INCLUSION",FALSE,TRUE,FALSE,FALSE,FALSE,TRUE
"2024-01","Lista de Reserva","Vulnerabilidad Elevada",2.070141643,1,1,1,1.776038647,1.498900966,2.580217391,2.544987923,"sotap",1,"low",0,6.702282231,37.43330939,3.244257006,43.14663644,"EXCLUSION",FALSE,FALSE,FALSE,FALSE,FALSE,TRUE
"2023-08","No Elegible por Intenciones","Vulnerabilidad Moderada",2.070141643,1,1,1,1.776038647,1.498900966,2.580217391,1.043888889,"sotap",3,"average",NA,6.702282231,22.80125306,2.835878661,28.98545431,"EXCLUSION",TRUE,TRUE,FALSE,FALSE,TRUE,TRUE
"2024-01","No Elegible","Vulnerabilidad Baja",1,1,1,1,1.776038647,1,1.790108696,1,"sotap",2,"average",-500,0,12.01413641,2.33531262,11.62750949,"EXCLUSION",TRUE,TRUE,FALSE,TRUE,TRUE,TRUE
"2023-11","Lista de Reserva","Vulnerabilidad Elevada",2.700708215,2.051104816,2.578385269,1,1.776038647,1,1.790108696,1,"sotap",4,"average",0,31.71522481,12.01413641,3.279344277,44.36336195,"EXCLUSION",TRUE,TRUE,FALSE,FALSE,TRUE,TRUE
"2024-03","No Elegible","Vulnerabilidad Baja",2.700708215,1,1.249197356,1,1,1.498900966,1,1,"sotap",4,"average",NA,11.93561888,3.815111519,2.46175338,16.01205645,"EXCLUSION",TRUE,TRUE,FALSE,TRUE,TRUE,TRUE
"2023-06","No Elegible","Vulnerabilidad Moderada",1,1,1,1,1.776038647,2.823478261,1.790108696,1,"sotap",4,"average",0,0,26.18890898,2.730928248,25.3461237,"EXCLUSION",TRUE,TRUE,FALSE,FALSE,TRUE,TRUE
"2024-02","No Elegible","Vulnerabilidad Baja",1,1,1,1,1,1,1.790108696,1,"sotap",1,"low",0,0,5.614422911,2.156697643,5.433745167,"EXCLUSION",TRUE,TRUE,FALSE,FALSE,FALSE,TRUE
"2024-04","No Elegible","Vulnerabilidad Baja",1,1,2.578385269,1,1,1,1.790108696,1,"sotap",1,"low",0,8.975915299,5.614422911,2.423873683,14.6985144,"EXCLUSION",TRUE,TRUE,FALSE,FALSE,FALSE,TRUE
"2023-11","No Elegible","Vulnerabilidad Baja",1,1,1,1,1.776038647,2.117608696,1.790108696,1,"foten",2,"average",0,0,21.88512181,2.610810239,21.18083671,"EXCLUSION",TRUE,TRUE,FALSE,FALSE,FALSE,TRUE
"2024-02","No Elegible","Vulnerabilidad Elevada",2.700708215,1,3.251728045,1,1.776038647,1.498900966,1.790108696,1,"sotap",4,"average",0,24.2379543,17.10850297,3.198959675,41.57589014,"EXCLUSION",TRUE,FALSE,FALSE,FALSE,FALSE,FALSE
"2024-06","Lista de Reserva","Vulnerabilidad Baja",1,1,1,1,1.776038647,2.117608696,1.790108696,1,"sotap",2,"low",0,0,21.88512181,2.610810239,21.18083671,"EXCLUSION",TRUE,TRUE,FALSE,FALSE,FALSE,TRUE
"2023-10","No Elegible","Vulnerabilidad Moderada",2.070141643,1,1,1,1.776038647,1.498900966,2.580217391,1.043888889,"sotap",4,"average",0,6.702282231,22.80125306,2.835878661,28.98545431,"EXCLUSION",TRUE,TRUE,FALSE,FALSE,FALSE,TRUE
"2023-07","No Elegible","Vulnerabilidad Elevada",1.599560907,1,1,1,1.776038647,2.823478261,2.580217391,1.043888889,"sotap",2,"average",-500,4.186184624,32.85812825,3.041670568,36.12162106,"EXCLUSION",TRUE,TRUE,FALSE,TRUE,TRUE,TRUE
"2023-08","No Elegible","Vulnerabilidad Elevada",2.700708215,2.051104816,1,1,1.776038647,2.823478261,1.790108696,1,"sotap",4,"average",0,17.94487015,26.18890898,3.265073146,43.86847772,"EXCLUSION",TRUE,TRUE,FALSE,FALSE,TRUE,TRUE
"2024-02","Lista de Reserva","Vulnerabilidad Elevada",2.700708215,1,3.251728045,1,1.776038647,2.117608696,1.790108696,1,"foten",4,"average",NA,24.2379543,21.88512181,3.33227434,46.19879261,"EXCLUSION",TRUE,TRUE,FALSE,FALSE,TRUE,TRUE
"2024-02","Lista de Reserva","Vulnerabilidad Elevada",2.700708215,1.525552408,1.249197356,1,1.776038647,2.823478261,1.790108696,1,"sotap",4,"average",0,17.00620089,26.18890898,3.237132827,42.89960114,"EXCLUSION",TRUE,TRUE,FALSE,FALSE,TRUE,TRUE
"2024-04","No Elegible","Vulnerabilidad Moderada",2.700708215,1,2.578385269,1,1,1,1.790108696,1,"sotap",1,"low",NA,20.97871872,5.614422911,2.78114772,27.08758003,"EXCLUSION",TRUE,TRUE,FALSE,FALSE,FALSE,TRUE
"2024-03","No Elegible","Vulnerabilidad Baja",1,1,1,1,1,1,1.790108696,1,"sotap",1,"low",-500,0,5.614422911,2.156697643,5.433745167,"EXCLUSION",TRUE,TRUE,FALSE,FALSE,FALSE,TRUE
"2023-06","No Elegible","Vulnerabilidad Elevada",1,1,2.578385269,1,1.776038647,2.117608696,2.580217391,1.043888889,"sotap",1,"low",NA,8.975915299,28.09152966,3.051206127,36.45228537,"EXCLUSION",TRUE,TRUE,FALSE,FALSE,FALSE,TRUE
"2024-01","Elegible","Vulnerabilidad Moderada",1,1,1,1,1.776038647,2.823478261,2.580217391,1,"sotap",3,"low",NA,0,32.12448674,2.896589272,31.09068863,"INCLUSION",TRUE,TRUE,FALSE,FALSE,FALSE,TRUE
"2023-11","No Elegible","Vulnerabilidad Elevada",1,1.525552408,2.578385269,1,1.776038647,2.117608696,2.580217391,1.043888889,"sotap",4,"average",0,13.7168894,28.09152966,3.192325406,41.34582876,"EXCLUSION",TRUE,TRUE,FALSE,TRUE,TRUE,TRUE
"2023-07","Elegible","Vulnerabilidad Elevada",1,1,2.578385269,1,1.776038647,2.823478261,2.580217391,1.043888889,"fupal",1,"low",NA,8.975915299,32.85812825,3.184241129,41.06549005,"INCLUSION",TRUE,TRUE,FALSE,FALSE,FALSE,TRUE
"2023-10","No Elegible por Intenciones","Vulnerabilidad Elevada",2.070141643,1,3.251728045,1,1.776038647,2.117608696,2.580217391,1.043888889,"sotap",2,"average",0,20.51851115,28.09152966,3.39478168,48.3663335,"EXCLUSION",TRUE,TRUE,FALSE,TRUE,TRUE,TRUE
"2024-02","Lista de Reserva","Vulnerabilidad Baja",1,1.525552408,1,1,1,2.823478261,1,1,"sotap",2,"low",0,3.741369748,10.61532135,2.407637089,14.13548046,"EXCLUSION",TRUE,TRUE,FALSE,FALSE,FALSE,TRUE
"2023-07","Lista de Reserva","Vulnerabilidad Baja",1,1,2.578385269,1,1,2.117608696,1.790108696,1,"sotap",2,"low",-500,8.975915299,14.16503897,2.662520006,22.97396308,"EXCLUSION",TRUE,TRUE,FALSE,FALSE,TRUE,TRUE
"2024-04","No Elegible","Vulnerabilidad Baja",1,1,1,1,1,1,1,1,"sotap",1,"low",0,0,0,2,0,"EXCLUSION",TRUE,TRUE,FALSE,FALSE,FALSE,TRUE
"2024-02","Elegible","Vulnerabilidad Moderada",1,2.051104816,1,1,1.776038647,2.117608696,1.790108696,1,"sotap",1,"low",0,6.609317356,21.88512181,2.807542403,28.0028485,"INCLUSION",TRUE,FALSE,FALSE,FALSE,FALSE,TRUE
"2023-09","Lista de Reserva","Vulnerabilidad Baja",1,1,1,1,1,2.117608696,1,1,"foten",1,"low",NA,0,7.392265486,2.206316944,7.15437499,"EXCLUSION",TRUE,TRUE,FALSE,FALSE,FALSE,TRUE
"2024-06","No Elegible","Vulnerabilidad Moderada",1,1,1,1,1.776038647,2.823478261,2.580217391,1,"foten",2,"low",NA,0,32.12448674,2.896589272,31.09068863,"EXCLUSION",TRUE,FALSE,FALSE,FALSE,FALSE,TRUE
"2024-04","Elegible","Vulnerabilidad Moderada",1,1,1,1,1.776038647,2.117608696,2.580217391,1.043888889,"fupal",1,"low",NA,0,28.09152966,2.784030087,27.18751614,"INCLUSION",TRUE,TRUE,FALSE,FALSE,FALSE,TRUE
"2023-10","No Elegible","Vulnerabilidad Moderada",1,1,1,1,1.776038647,2.823478261,1.790108696,1,"fupal",1,"low",NA,0,26.18890898,2.730928248,25.3461237,"EXCLUSION",TRUE,TRUE,FALSE,FALSE,FALSE,TRUE
"2023-08","Lista de Reserva","Vulnerabilidad Baja",2.070141643,1,1,1,1.776038647,1.498900966,1.790108696,1.043888889,"sotap",1,"low",NA,6.702282231,17.68003002,2.692946147,24.02903735,"EXCLUSION",TRUE,TRUE,FALSE,FALSE,FALSE,TRUE
"2023-07","No Elegible","Vulnerabilidad Severa",2.700708215,1,3.251728045,1,1.776038647,2.823478261,2.580217391,1,"sotap",3,"complete",0,24.2379543,32.12448674,3.618053373,56.10864454,"EXCLUSION",TRUE,TRUE,FALSE,TRUE,TRUE,TRUE
"2023-12","Elegible","Vulnerabilidad Moderada",1,1,1,1,1.776038647,2.823478261,2.580217391,1,"sotap",1,"low",-500,0,32.12448674,2.896589272,31.09068863,"INCLUSION",TRUE,FALSE,FALSE,FALSE,FALSE,TRUE
"2024-02","No Elegible","Vulnerabilidad Moderada",1.599560907,1,2.578385269,1,1,1.498900966,1.790108696,1.043888889,"foten",1,"low",NA,14.28054816,10.52243148,2.718752494,24.92391959,"EXCLUSION",TRUE,TRUE,FALSE,FALSE,FALSE,TRUE
"2023-09","Elegible","Vulnerabilidad Moderada",1,2.051104816,1,1,1.776038647,2.117608696,1.790108696,1,"sotap",1,"low",0,6.609317356,21.88512181,2.807542403,28.0028485,"INCLUSION",TRUE,TRUE,FALSE,FALSE,FALSE,TRUE
"2023-07","No Elegible","Vulnerabilidad Baja",1,1,1,1,1,1.498900966,1,1,"foten",1,"low",0,0,3.815111519,2.10647915,3.692337415,"EXCLUSION",TRUE,TRUE,FALSE,FALSE,FALSE,TRUE
"2023-09","No Elegible","Vulnerabilidad Elevada",2.070141643,1,2.578385269,1,1.776038647,1.498900966,1.790108696,1.043888889,"foten",2,"average",NA,17.46888676,17.68003002,3.013423633,35.14212198,"EXCLUSION",TRUE,TRUE,FALSE,TRUE,TRUE,TRUE
"2024-06","Lista de Reserva","Vulnerabilidad Baja",1,1,1,1,1,2.117608696,1,1,"sotap",1,"low",NA,0,7.392265486,2.206316944,7.15437499,"EXCLUSION",FALSE,FALSE,FALSE,FALSE,FALSE,TRUE
"2023-07","Lista de Reserva","Vulnerabilidad Severa",2.700708215,2.051104816,3.251728045,1,1.776038647,2.823478261,2.580217391,1,NA,2,"average",NA,35.61565687,32.12448674,3.956720731,67.85249296,"EXCLUSION",TRUE,TRUE,FALSE,TRUE,TRUE,TRUE
"2023-12","Lista de Reserva","Vulnerabilidad Baja",1,1,1,1,1,1,1.790108696,1,"sotap",1,"low",NA,0,5.614422911,2.156697643,5.433745167,"EXCLUSION",TRUE,TRUE,FALSE,FALSE,FALSE,TRUE
"2024-03","No Elegible","Vulnerabilidad Baja",1,1,1,1,1,1,2.580217391,1,"sotap",3,"low",0,0,9.580889352,2.267401085,9.272566752,"EXCLUSION",TRUE,TRUE,FALSE,FALSE,FALSE,TRUE
"2023-09","Elegible","Vulnerabilidad Severa",2.070141643,1,2.578385269,1,1.776038647,2.823478261,2.580217391,2.544987923,NA,1,"low",NA,17.46888676,50,3.915468811,66.422003,"INCLUSION",FALSE,TRUE,FALSE,FALSE,FALSE,TRUE
"2024-03","No Elegible","Vulnerabilidad Baja",1,1,2.578385269,1,1,1,1,1.043888889,"sotap",3,"low",-500,8.975915299,0.386821499,2.277972167,9.639142426,"EXCLUSION",TRUE,TRUE,FALSE,TRUE,TRUE,TRUE
"2024-01","No Elegible","Vulnerabilidad Baja",1,1,1,1,1,1.498900966,1,1,"foten",4,"average",NA,0,3.815111519,2.10647915,3.692337415,"EXCLUSION",TRUE,TRUE,FALSE,FALSE,FALSE,TRUE
"2023-07","Lista de Reserva","Vulnerabilidad Severa",2.700708215,2.051104816,2.578385269,1.564135978,1,2.117608696,1,2.544987923,"sotap",2,"complete",NA,39.44321718,18.76190405,3.697703903,58.87066657,"EXCLUSION",TRUE,TRUE,FALSE,TRUE,TRUE,TRUE
"2023-10","No Elegible","Vulnerabilidad Baja",1,1,1,1.564135978,1,1,1,1.043888889,"sotap",3,"low",0,3.975239986,0.386821499,2.129122653,4.47754038,"EXCLUSION",TRUE,TRUE,FALSE,FALSE,TRUE,TRUE
"2024-01","Elegible","Vulnerabilidad Moderada",1,2.051104816,1,1,1.776038647,2.117608696,1.790108696,1,"sotap",1,"low",NA,6.609317356,21.88512181,2.807542403,28.0028485,"INCLUSION",TRUE,TRUE,FALSE,FALSE,FALSE,TRUE
"2024-01","Elegible por Proceso Acelerado","Vulnerabilidad Elevada",1,1,1,1,1.776038647,2.823478261,2.580217391,1.043888889,"foten",3,"average",NA,0,32.85812825,2.917065088,31.80072082,"INCLUSION",TRUE,TRUE,FALSE,FALSE,FALSE,TRUE
"2024-05","No Elegible","Vulnerabilidad Baja",1,1,1,1,1.776038647,1,1.790108696,1,"sotap",3,"low",-500,0,12.01413641,2.33531262,11.62750949,"EXCLUSION",TRUE,TRUE,FALSE,FALSE,FALSE,TRUE
"2023-07","No Elegible","Vulnerabilidad Baja",2.700708215,1,1,1,1,1,1.790108696,1,"sotap",1,"low",0,9.472088355,5.614422911,2.438642712,15.2106548,"EXCLUSION",TRUE,TRUE,TRUE,FALSE,FALSE,TRUE
"2023-06","No Elegible","Vulnerabilidad Baja",1,1,1,1,1,2.117608696,1,1,"foten",1,"low",NA,0,7.392265486,2.206316944,7.15437499,"EXCLUSION",TRUE,TRUE,FALSE,FALSE,FALSE,FALSE
"2023-06","Lista de Reserva","Vulnerabilidad Baja",1,1,1,1,1,2.117608696,1.790108696,1,"sotap",1,"low",-500,0,14.16503897,2.395343965,13.70919385,"EXCLUSION",TRUE,TRUE,FALSE,FALSE,FALSE,TRUE
"2023-10","Lista de Reserva","Vulnerabilidad Elevada",1,1.525552408,2.578385269,1,1.776038647,2.823478261,1.790108696,1,"sotap",1,"low",NA,13.7168894,26.18890898,3.139223567,39.50443632,"EXCLUSION",FALSE,TRUE,FALSE,FALSE,FALSE,TRUE
"2023-09","No Elegible","Vulnerabilidad Baja",1,1,2.578385269,1,1,1,1,1,"sotap",1,"low",0,8.975915299,0,2.267176041,9.264769229,"EXCLUSION",TRUE,TRUE,FALSE,FALSE,FALSE,TRUE
"2023-12","No Elegible","Vulnerabilidad Baja",1,1,1,1,1,1.498900966,1,1,"sotap",1,"low",NA,0,3.815111519,2.10647915,3.692337415,"EXCLUSION",TRUE,TRUE,FALSE,FALSE,FALSE,TRUE
"2023-07","No Elegible","Vulnerabilidad Elevada",2.070141643,1,1,1,1.776038647,2.823478261,2.580217391,1,"sotap",4,"average",0,6.702282231,32.12448674,3.096088617,38.00865701,"EXCLUSION",FALSE,TRUE,FALSE,FALSE,FALSE,TRUE
"2023-08","No Elegible","Vulnerabilidad Baja",1,1,1,1,1,2.117608696,1,1,"sotap",3,"low",NA,0,7.392265486,2.206316944,7.15437499,"EXCLUSION",TRUE,TRUE,FALSE,FALSE,FALSE,TRUE
"2024-06","No Elegible","Vulnerabilidad Elevada",2.700708215,1,2.578385269,1,1,1.498900966,1.790108696,1,"sotap",1,"low",0,20.97871872,10.02735341,2.904311903,31.35849802,"EXCLUSION",TRUE,TRUE,FALSE,FALSE,FALSE,TRUE
"2023-08","No Elegible","Vulnerabilidad Baja",1,1,1,1,1,2.117608696,1,1,"sotap",1,"low",NA,0,7.392265486,2.206316944,7.15437499,"EXCLUSION",TRUE,TRUE,FALSE,FALSE,FALSE,TRUE
"2023-12","No Elegible","Vulnerabilidad Baja",1,1,2.578385269,1,1,1,1,1,"sotap",1,"low",-500,8.975915299,0,2.267176041,9.264769229,"EXCLUSION",TRUE,TRUE,FALSE,FALSE,FALSE,FALSE
"2023-08","Lista de Reserva","Vulnerabilidad Moderada",2.700708215,1.525552408,1.249197356,1,1,1.498900966,1.790108696,1.043888889,"sotap",2,"average",NA,17.00620089,10.52243148,2.799883953,27.73728655,"EXCLUSION",TRUE,TRUE,FALSE,TRUE,FALSE,TRUE
"2024-03","No Elegible","Vulnerabilidad Elevada",1,1.525552408,1.249197356,1,1.776038647,2.823478261,2.580217391,1,"fupal",2,"average",NA,5.877094669,32.12448674,3.071526181,37.15691408,"EXCLUSION",FALSE,TRUE,FALSE,TRUE,TRUE,TRUE
"2023-09","No Elegible","Vulnerabilidad Severa",2.070141643,1,2.578385269,1,1.776038647,2.823478261,2.580217391,2.544987923,"fupal",3,"complete",NA,17.46888676,50,3.915468811,66.422003,"EXCLUSION",TRUE,TRUE,FALSE,TRUE,TRUE,TRUE
"2023-07","Lista de Reserva","Vulnerabilidad Moderada",1,1,1,1,1.776038647,2.117608696,2.580217391,1.043888889,"sotap",1,"low",-500,0,28.09152966,2.784030087,27.18751614,"EXCLUSION",TRUE,FALSE,FALSE,FALSE,FALSE,TRUE
"2023-12","Elegible","Vulnerabilidad Elevada",2.700708215,1,3.251728045,1,1,1.498900966,1.790108696,1,"sotap",4,"average",0,24.2379543,10.02735341,3.001325926,34.72261906,"INCLUSION",TRUE,TRUE,FALSE,FALSE,FALSE,TRUE
"2023-07","Lista de Reserva","Vulnerabilidad Baja",2.070141643,1,1,1,1,1,1.790108696,1,"sotap",1,"low",NA,6.702282231,5.614422911,2.356196989,12.35171354,"EXCLUSION",TRUE,TRUE,FALSE,FALSE,FALSE,TRUE
"2023-09","No Elegible","Vulnerabilidad Baja",2.070141643,2.051104816,1,1,1,1,1,1.043888889,"sotap",1,"low",NA,14.63015408,0.386821499,2.446275574,15.47534026,"EXCLUSION",TRUE,TRUE,FALSE,FALSE,FALSE,TRUE
"2024-02","Lista de Reserva","Vulnerabilidad Moderada",1,1,2.578385269,1,1.776038647,2.117608696,1.790108696,1,"fupal",1,"low",0,8.975915299,21.88512181,2.877986279,30.44560593,"EXCLUSION",TRUE,TRUE,FALSE,FALSE,FALSE,TRUE
"2023-08","Elegible","Vulnerabilidad Moderada",1,1,1,1,1.776038647,2.823478261,1.790108696,1,"foten",4,"average",NA,0,26.18890898,2.730928248,25.3461237,"INCLUSION",TRUE,TRUE,FALSE,FALSE,FALSE,TRUE
"2023-08","No Elegible","Vulnerabilidad Baja",1,1,1,1,1,1,1,1,"sotap",4,"average",-500,0,0,2,0,"EXCLUSION",TRUE,TRUE,FALSE,TRUE,TRUE,TRUE
"2023-07","No Elegible","Vulnerabilidad Baja",1,1,1,1,1.776038647,2.117608696,1.790108696,1.043888889,"sotap",4,"low",NA,0,22.50821784,2.628200749,21.78388088,"EXCLUSION",TRUE,TRUE,FALSE,FALSE,FALSE,TRUE
"2024-03","Lista de Reserva","Vulnerabilidad Elevada",2.700708215,1,1.249197356,1,1.776038647,2.823478261,1.790108696,1.043888889,"sotap",2,"complete",NA,11.93561888,26.85846924,3.104889798,38.31385587,"EXCLUSION",TRUE,TRUE,FALSE,TRUE,FALSE,TRUE
"2024-04","No Elegible","Vulnerabilidad Elevada",2.070141643,1,1,1,1.776038647,2.823478261,2.580217391,1.043888889,"fupal",4,"average",-500,6.702282231,32.85812825,3.116564434,38.7186892,"EXCLUSION",TRUE,TRUE,FALSE,TRUE,TRUE,TRUE
"2024-06","No Elegible","Vulnerabilidad Baja",1,1,1,1,1.776038647,1.498900966,1.790108696,1,"pcr_cdmx",1,"low",NA,0,17.10850297,2.477495573,16.55793424,"EXCLUSION",TRUE,TRUE,FALSE,FALSE,FALSE,TRUE
"2024-04","No Elegible","Vulnerabilidad Baja",1,1,1,1,1,2.117608696,1.790108696,1,"pcr_cdmx",2,"average",NA,0,14.16503897,2.395343965,13.70919385,"EXCLUSION",TRUE,TRUE,FALSE,TRUE,FALSE,TRUE
"2024-05","Lista de Reserva","Vulnerabilidad Moderada",1,1,1,1,1.776038647,2.823478261,1.790108696,1,"sotap",1,"low",NA,0,26.18890898,2.730928248,25.3461237,"EXCLUSION",TRUE,TRUE,FALSE,FALSE,FALSE,TRUE
"2023-08","Elegible","Vulnerabilidad Baja",1,1,1,1,1,1,1.790108696,1,"sotap",3,"average",0,0,5.614422911,2.156697643,5.433745167,"INCLUSION",TRUE,TRUE,FALSE,TRUE,TRUE,TRUE
"2023-07","Lista de Reserva","Vulnerabilidad Moderada",1,1,1,1,1.776038647,2.823478261,2.580217391,1,"sotap",3,"average",NA,0,32.12448674,2.896589272,31.09068863,"EXCLUSION",TRUE,FALSE,FALSE,FALSE,FALSE,TRUE
"2023-07","No Elegible por Intenciones","Vulnerabilidad Moderada",1,1,2.578385269,1,1.776038647,1.498900966,1.790108696,1,"sotap",4,"average",NA,8.975915299,17.10850297,2.744671614,25.82270347,"EXCLUSION",TRUE,FALSE,FALSE,FALSE,FALSE,TRUE
"2023-12","Elegible","Vulnerabilidad Elevada",2.700708215,1,3.251728045,1,1.776038647,2.117608696,1.790108696,1.043888889,"sotap",6,"high",NA,24.2379543,22.50821784,3.34966485,46.80183679,"INCLUSION",TRUE,TRUE,FALSE,FALSE,FALSE,TRUE
"2023-11","Elegible","Vulnerabilidad Elevada",2.070141643,2.051104816,1,1,1.776038647,2.117608696,2.580217391,1.043888889,"sotap",4,"average",NA,14.63015408,28.09152966,3.219509535,42.28848321,"INCLUSION",FALSE,FALSE,FALSE,FALSE,FALSE,TRUE
"2024-06","No Elegible","Vulnerabilidad Moderada",1,1,1,1,1.776038647,2.823478261,1.790108696,1,"sotap",1,"low",0,0,26.18890898,2.730928248,25.3461237,"EXCLUSION",TRUE,TRUE,FALSE,FALSE,FALSE,TRUE
"2024-04","No Elegible","Vulnerabilidad Severa",1.599560907,1,1,1,1.776038647,2.823478261,2.580217391,2.544987923,"foten",4,"average",NA,4.186184624,50,3.520097459,52.71185023,"EXCLUSION",FALSE,TRUE,FALSE,TRUE,TRUE,TRUE
"2024-02","No Elegible","Vulnerabilidad Baja",1,1,1,1,1,1,1,1,"fupal",1,"low",0,0,0,2,0,"EXCLUSION",TRUE,TRUE,FALSE,FALSE,FALSE,TRUE
"2024-05","No Elegible","Vulnerabilidad Elevada",1,2.051104816,1,1,1.776038647,2.823478261,2.580217391,1,"foten",2,"average",NA,6.609317356,32.12448674,3.093321436,37.91270043,"EXCLUSION",FALSE,TRUE,FALSE,TRUE,FALSE,FALSE
"2024-02","Lista de Reserva","Vulnerabilidad Baja",1,1,1,1,1,1,1,1,"sotap",3,"low",-500,0,0,2,0,"EXCLUSION",TRUE,TRUE,FALSE,FALSE,FALSE,TRUE
"2023-08","No Elegible","Vulnerabilidad Elevada",1,1,2.578385269,1,1.776038647,1.498900966,2.580217391,1.043888889,"sotap",1,"low",NA,8.975915299,22.80125306,2.903555356,31.33225516,"EXCLUSION",TRUE,FALSE,FALSE,FALSE,FALSE,TRUE
"2024-02","Elegible","Vulnerabilidad Elevada",1,2.051104816,1,1,1.776038647,2.823478261,2.580217391,1.043888889,"sotap",5,"high",NA,6.609317356,32.85812825,3.113797253,38.62273262,"INCLUSION",TRUE,TRUE,FALSE,FALSE,TRUE,TRUE
"2024-07","No Elegible","Vulnerabilidad Baja",1,1,2.578385269,1,1,1,1,1,"sotap",1,"low",NA,8.975915299,0,2.267176041,9.264769229,"EXCLUSION",TRUE,TRUE,FALSE,FALSE,FALSE,TRUE
"2024-06","Lista de Reserva","Vulnerabilidad Elevada",1,1,2.578385269,1,1.776038647,2.823478261,1.790108696,1,"sotap",3,"average",0,8.975915299,26.18890898,2.998104289,34.61089293,"EXCLUSION",TRUE,FALSE,FALSE,FALSE,FALSE,TRUE
"2024-03","No Elegible","Vulnerabilidad Baja",2.070141643,1,1,1,1,1,1.790108696,1,"sotap",1,"low",0,6.702282231,5.614422911,2.356196989,12.35171354,"EXCLUSION",TRUE,TRUE,FALSE,FALSE,FALSE,TRUE
"2023-06","No Elegible","Vulnerabilidad Baja",1,1,1,1,1,2.823478261,1.790108696,1,"sotap",4,"average",NA,0,17.8931401,2.49939467,17.31732096,"EXCLUSION",TRUE,TRUE,FALSE,FALSE,TRUE,TRUE
"2023-07","No Elegible","Vulnerabilidad Baja",1,2.051104816,1,1,1.776038647,1.498900966,1.790108696,1,"sotap",1,"low",NA,6.609317356,17.10850297,2.674227738,23.37994603,"EXCLUSION",TRUE,TRUE,FALSE,FALSE,FALSE,TRUE
"2023-10","No Elegible","Vulnerabilidad Elevada",1,1,2.578385269,1,1.776038647,2.823478261,2.580217391,1.043888889,"sotap",1,"low",0,8.975915299,32.85812825,3.184241129,41.06549005,"EXCLUSION",TRUE,FALSE,FALSE,FALSE,FALSE,TRUE
"2023-10","No Elegible","Vulnerabilidad Baja",1,1,1,1,1.776038647,2.117608696,1.790108696,1.043888889,"sotap",1,"low",0,0,22.50821784,2.628200749,21.78388088,"EXCLUSION",TRUE,TRUE,FALSE,FALSE,FALSE,FALSE
"2023-09","No Elegible","Vulnerabilidad Elevada",2.070141643,1,1,1,1.776038647,2.117608696,2.580217391,1.043888889,"fupal",1,"low",NA,6.702282231,28.09152966,2.983529432,34.10548452,"EXCLUSION",TRUE,TRUE,FALSE,FALSE,FALSE,TRUE
"2023-08","No Elegible","Vulnerabilidad Baja",2.700708215,1,1,1,1,1,1.790108696,1,"sotap",1,"low",NA,9.472088355,5.614422911,2.438642712,15.2106548,"EXCLUSION",FALSE,FALSE,FALSE,FALSE,FALSE,TRUE
"2024-06","No Elegible","Vulnerabilidad Moderada",1,2.051104816,1,1,1.776038647,2.117608696,1.790108696,1,"fupal",1,"low",0,6.609317356,21.88512181,2.807542403,28.0028485,"EXCLUSION",TRUE,TRUE,FALSE,FALSE,FALSE,TRUE
"2023-09","Elegible","Vulnerabilidad Baja",1,1,1,1,1,1,1,1,"fupal",4,"average",NA,0,0,2,0,"INCLUSION",TRUE,TRUE,FALSE,TRUE,TRUE,TRUE
"2024-07","No Elegible","Vulnerabilidad Baja",1,1,1,1,1.776038647,1.498900966,1.790108696,1,"sotap",3,"average",NA,0,17.10850297,2.477495573,16.55793424,"EXCLUSION",TRUE,TRUE,FALSE,TRUE,TRUE,TRUE
"2024-06","Lista de Reserva","Vulnerabilidad Baja",1,1,1,1,1,1,1,1,"sotap",1,"low",NA,0,0,2,0,"EXCLUSION",TRUE,TRUE,FALSE,FALSE,FALSE,TRUE
"2024-06","Lista de Reserva","Vulnerabilidad Moderada",1,1,1,1,1.776038647,2.823478261,1.790108696,1,"pcr_cdmx",4,"average",-500,0,26.18890898,2.730928248,25.3461237,"EXCLUSION",TRUE,TRUE,FALSE,TRUE,TRUE,FALSE
"2024-01","Elegible","Vulnerabilidad Elevada",2.070141643,1,2.578385269,1,1.776038647,2.823478261,2.580217391,1.043888889,"fupal",3,"low",NA,17.46888676,32.85812825,3.43704192,49.83177383,"INCLUSION",TRUE,TRUE,FALSE,FALSE,TRUE,TRUE
"2024-02","No Elegible","Vulnerabilidad Elevada",1,1,2.578385269,1,1.776038647,2.117608696,2.580217391,1.738466184,"pcr_cdmx",1,"low",0,8.975915299,36.78475459,3.29383264,44.86575363,"EXCLUSION",TRUE,FALSE,FALSE,FALSE,FALSE,TRUE
"2023-12","Elegible","Vulnerabilidad Elevada",2.700708215,1,3.251728045,1,1.776038647,2.117608696,1.790108696,1,"sotap",5,"average",NA,24.2379543,21.88512181,3.33227434,46.19879261,"INCLUSION",TRUE,TRUE,FALSE,FALSE,TRUE,TRUE
"2024-04","No Elegible","Vulnerabilidad Elevada",1,1,3.251728045,1,1.776038647,2.117608696,1.790108696,1,"sotap",1,"low",NA,11.51832969,21.88512181,2.953663487,33.06983776,"EXCLUSION",TRUE,TRUE,FALSE,FALSE,FALSE,TRUE
"2024-03","No Elegible","Vulnerabilidad Baja",2.700708215,1,1.249197356,1,1,1,1,1,"sotap",1,"low",0,11.93561888,0,2.35527423,12.31971903,"EXCLUSION",TRUE,TRUE,FALSE,FALSE,FALSE,TRUE
"2023-07","No Elegible","Vulnerabilidad Elevada",2.700708215,1,1,1,1.776038647,2.823478261,1.790108696,1,"sotap",2,"complete",0,9.472088355,26.18890898,3.012873318,35.12303333,"EXCLUSION",TRUE,TRUE,FALSE,TRUE,TRUE,TRUE
"2023-12","Elegible","Vulnerabilidad Moderada",2.700708215,1,2.578385269,1,1,1,1.790108696,1,"sotap",1,"low",0,20.97871872,5.614422911,2.78114772,27.08758003,"INCLUSION",TRUE,TRUE,FALSE,FALSE,FALSE,TRUE
"2024-03","Lista de Reserva","Vulnerabilidad Moderada",1,1,1,1,1.776038647,2.823478261,1.790108696,1,"sotap",1,"low",0,0,26.18890898,2.730928248,25.3461237,"EXCLUSION",TRUE,TRUE,FALSE,FALSE,FALSE,TRUE
"2023-06","No Elegible","Vulnerabilidad Elevada",2.700708215,1,1.249197356,1,1.776038647,2.117608696,1.790108696,1.043888889,"fupal",4,"average",0,11.93561888,22.50821784,2.983474979,34.10359991,"EXCLUSION",TRUE,TRUE,FALSE,TRUE,FALSE,TRUE
"2023-07","No Elegible","Vulnerabilidad Moderada",2.070141643,1,1,1,1.776038647,1.498900966,2.580217391,1.043888889,"sotap",1,"low",NA,6.702282231,22.80125306,2.835878661,28.98545431,"EXCLUSION",TRUE,TRUE,FALSE,FALSE,FALSE,TRUE
"2024-03","No Elegible","Vulnerabilidad Baja",1,1,1,1,1.776038647,2.117608696,1.790108696,1,"sotap",1,"low",NA,0,21.88512181,2.610810239,21.18083671,"EXCLUSION",TRUE,TRUE,FALSE,FALSE,FALSE,TRUE
"2023-11","Lista de Reserva","Vulnerabilidad Moderada",1,1,1,1,1.776038647,2.823478261,1.790108696,1,"sotap",2,"average",NA,0,26.18890898,2.730928248,25.3461237,"EXCLUSION",TRUE,TRUE,FALSE,TRUE,TRUE,TRUE
"2023-10","No Elegible","Vulnerabilidad Baja",2.070141643,1.525552408,1,1,1.776038647,1,1,1,"sotap",1,"low",NA,11.1900528,5.532745347,2.487499832,16.90485596,"EXCLUSION",TRUE,FALSE,FALSE,FALSE,FALSE,TRUE
"2024-07","No Elegible","Vulnerabilidad Baja",1,1,3.251728045,1,1.776038647,1,1.790108696,1,"sotap",1,"low",-500,11.51832969,12.01413641,2.678165869,23.51651054,"EXCLUSION",TRUE,TRUE,FALSE,FALSE,FALSE,TRUE
"2023-08","Elegible","Vulnerabilidad Moderada",1,1.525552408,1,1,1.776038647,2.823478261,1.790108696,1,"sotap",1,"low",0,3.741369748,26.18890898,2.842293421,29.20789447,"INCLUSION",TRUE,TRUE,FALSE,FALSE,FALSE,TRUE
"2024-02","No Elegible","Vulnerabilidad Baja",2.070141643,1,1,1,1.776038647,1,1.790108696,1.043888889,"sotap",1,"low",NA,6.702282231,12.53066404,2.549228169,19.04538312,"EXCLUSION",TRUE,TRUE,FALSE,FALSE,FALSE,TRUE
"2023-07","No Elegible","Vulnerabilidad Elevada",2.700708215,1,3.251728045,1,1.776038647,2.117608696,1.790108696,1,"sotap",3,"average",0,24.2379543,21.88512181,3.33227434,46.19879261,"EXCLUSION",TRUE,TRUE,FALSE,FALSE,FALSE,TRUE
"2023-07","Lista de Reserva","Vulnerabilidad Baja",2.070141643,1,1,1,1,1,1,1.043888889,"sotap",1,"low",NA,6.702282231,0.386821499,2.210295472,7.292341572,"EXCLUSION",TRUE,TRUE,FALSE,FALSE,FALSE,TRUE
"2024-02","No Elegible","Vulnerabilidad Baja",2.700708215,1,2.578385269,1,1,1,1,1,"fupal",2,"low",NA,20.97871872,0,2.624450078,21.65383487,"EXCLUSION",TRUE,TRUE,FALSE,FALSE,TRUE,TRUE
"2024-02","No Elegible por Duplicidad","Vulnerabilidad Severa",2.700708215,2.051104816,3.251728045,1,1.776038647,2.823478261,2.580217391,1.043888889,"foten",1,"low",0,35.61565687,32.85812825,3.977196548,68.56252515,"EXCLUSION",TRUE,TRUE,FALSE,FALSE,FALSE,TRUE
"2024-01","Elegible","Vulnerabilidad Moderada",2.070141643,1,1,1,1.776038647,2.117608696,1.790108696,1.043888889,"sotap",4,"average",0,6.702282231,22.50821784,2.827700095,28.70184926,"INCLUSION",TRUE,TRUE,FALSE,TRUE,TRUE,TRUE
"2024-04","No Elegible por Duplicidad","Vulnerabilidad Elevada",1.599560907,1,2.578385269,1,1.776038647,2.823478261,1.790108696,1.043888889,"sotap",3,"low",0,14.28054816,26.85846924,3.174688687,40.73424732,"EXCLUSION",TRUE,TRUE,FALSE,FALSE,FALSE,TRUE
"2024-03","Elegible","Vulnerabilidad Baja",1,1,1,1,1,1.498900966,1.790108696,1.738466184,"sotap",1,"low",NA,0,16.8262746,2.469618625,16.28478826,"INCLUSION",FALSE,TRUE,FALSE,FALSE,FALSE,TRUE
"2024-06","Lista de Reserva","Vulnerabilidad Baja",1,1,1,1.564135978,1,1.498900966,1.790108696,1,"sotap",1,"low",NA,3.975239986,10.02735341,2.398188352,13.80783033,"EXCLUSION",TRUE,TRUE,FALSE,FALSE,FALSE,TRUE
"2024-02","No Elegible","Vulnerabilidad Baja",1,1,1,1,1,2.117608696,1.790108696,1,"sotap",3,"low",NA,0,14.16503897,2.395343965,13.70919385,"EXCLUSION",TRUE,TRUE,FALSE,TRUE,FALSE,TRUE
"2024-06","Lista de Reserva","Vulnerabilidad Elevada",1,1,2.578385269,1,1.776038647,2.823478261,2.580217391,1,"foten",4,"average",NA,8.975915299,32.12448674,3.163765312,40.35545786,"EXCLUSION",FALSE,TRUE,FALSE,TRUE,TRUE,TRUE
"2023-10","No Elegible","Vulnerabilidad Elevada",2.700708215,1,1.249197356,1,1.776038647,2.117608696,1.790108696,1,"sotap",3,"average",0,11.93561888,21.88512181,2.966084469,33.50055574,"EXCLUSION",TRUE,TRUE,FALSE,TRUE,TRUE,TRUE
"2024-05","No Elegible","Vulnerabilidad Elevada",2.070141643,1,2.578385269,1,1.776038647,2.117608696,2.580217391,1.043888889,"fusal",5,"high",0,17.46888676,28.09152966,3.304006918,45.21856915,"EXCLUSION",TRUE,TRUE,FALSE,FALSE,FALSE,TRUE
"2023-06","No Elegible","Vulnerabilidad Moderada",1,1,1,1,1.776038647,2.823478261,2.580217391,1,"foten",1,"low",NA,0,32.12448674,2.896589272,31.09068863,"EXCLUSION",TRUE,TRUE,FALSE,FALSE,FALSE,TRUE
"2024-02","Lista de Reserva","Vulnerabilidad Moderada",1,1,1,1,1.776038647,2.823478261,1.790108696,1,"sotap",1,"low",NA,0,26.18890898,2.730928248,25.3461237,"EXCLUSION",TRUE,TRUE,FALSE,FALSE,FALSE,TRUE
"2023-07","No Elegible","Vulnerabilidad Elevada",1,1,1,1,1.776038647,2.823478261,2.580217391,1.043888889,"sotap",1,"low",0,0,32.85812825,2.917065088,31.80072082,"EXCLUSION",TRUE,TRUE,FALSE,FALSE,FALSE,TRUE
"2023-08","No Elegible","Vulnerabilidad Baja",2.700708215,1,1,1,1,1.498900966,2.580217391,1.043888889,"sotap",1,"low",NA,9.472088355,14.95862607,2.699437924,24.25415215,"EXCLUSION",TRUE,TRUE,FALSE,FALSE,FALSE,TRUE
"2023-08","Lista de Reserva","Vulnerabilidad Moderada",1,1,1,1,1.776038647,2.117608696,2.580217391,1.043888889,"sotap",1,"low",NA,0,28.09152966,2.784030087,27.18751614,"EXCLUSION",TRUE,TRUE,FALSE,FALSE,FALSE,TRUE
"2023-06","No Elegible","Vulnerabilidad Moderada",1,1,1,1,1.776038647,2.823478261,2.580217391,1,"sotap",3,"average",NA,0,32.12448674,2.896589272,31.09068863,"EXCLUSION",TRUE,TRUE,FALSE,FALSE,FALSE,TRUE
"2023-09","Lista de Reserva","Vulnerabilidad Elevada",1,1,2.578385269,1,1.776038647,2.823478261,2.580217391,1,"foten",4,"average",-500,8.975915299,32.12448674,3.163765312,40.35545786,"EXCLUSION",TRUE,TRUE,FALSE,FALSE,FALSE,TRUE
"2023-12","No Elegible","Vulnerabilidad Elevada",2.070141643,1,1,1,1.776038647,2.823478261,1.790108696,1.043888889,"foten",2,"average",NA,6.702282231,26.85846924,2.949114914,32.91210522,"EXCLUSION",TRUE,TRUE,FALSE,TRUE,TRUE,TRUE
"2023-09","No Elegible","Vulnerabilidad Baja",1,1,1,1,1.776038647,1.498900966,1.790108696,1,"sotap",4,"average",NA,0,17.10850297,2.477495573,16.55793424,"EXCLUSION",TRUE,FALSE,FALSE,FALSE,FALSE,TRUE
"2023-12","Elegible","Vulnerabilidad Baja",1,1,2.578385269,1,1,1,2.580217391,1.043888889,"sotap",1,"low",0,8.975915299,10.07114734,2.548260147,19.01181698,"INCLUSION",TRUE,TRUE,FALSE,FALSE,FALSE,FALSE
"2024-06","No Elegible","Vulnerabilidad Elevada",2.700708215,1,2.578385269,1,1.776038647,2.823478261,1.790108696,1.043888889,"sotap",3,"complete",0,20.97871872,26.85846924,3.374065645,47.64797171,"EXCLUSION",TRUE,TRUE,FALSE,TRUE,TRUE,TRUE
"2023-10","No Elegible por Intenciones","Vulnerabilidad Baja",1,1,1,1,1.776038647,1,1.790108696,1,"sotap",1,"low",0,0,12.01413641,2.33531262,11.62750949,"EXCLUSION",TRUE,TRUE,FALSE,FALSE,FALSE,TRUE
"2024-01","No Elegible","Vulnerabilidad Moderada",1,1.525552408,1,1,1.776038647,2.823478261,1.790108696,1,"sotap",1,"low",NA,3.741369748,26.18890898,2.842293421,29.20789447,"EXCLUSION",TRUE,TRUE,FALSE,FALSE,FALSE,TRUE
"2023-11","Lista de Reserva","Vulnerabilidad Baja",1,1,1,1,1,1,1.790108696,1,"sotap",1,"low",-500,0,5.614422911,2.156697643,5.433745167,"EXCLUSION",TRUE,TRUE,FALSE,FALSE,FALSE,TRUE
"2023-06","No Elegible","Vulnerabilidad Moderada",1,2.051104816,2.578385269,1.564135978,1,1.498900966,1,1,"sotap",1,"low",0,23.37941737,3.815111519,2.802388142,27.82412782,"EXCLUSION",TRUE,FALSE,FALSE,FALSE,FALSE,TRUE
"2024-03","Elegible","Vulnerabilidad Baja",1,1,1,1,1.776038647,2.117608696,1,1,"sotap",4,"average",0,0,14.06650994,2.392594036,13.61383558,"INCLUSION",TRUE,TRUE,FALSE,FALSE,FALSE,TRUE
"2024-05","No Elegible","Vulnerabilidad Baja",1,1,1,1,1.776038647,2.117608696,1.790108696,1,"sotap",1,"low",NA,0,21.88512181,2.610810239,21.18083671,"EXCLUSION",TRUE,TRUE,FALSE,FALSE,FALSE,TRUE
"2023-06","No Elegible","Vulnerabilidad Severa",2.700708215,1,2.578385269,1,1.776038647,2.823478261,2.580217391,1.043888889,"sotap",3,"average",NA,20.97871872,32.85812825,3.541515166,53.45455569,"EXCLUSION",TRUE,FALSE,FALSE,TRUE,TRUE,TRUE
"2023-06","Lista de Reserva","Vulnerabilidad Baja",1,1,1,1,1,1.498900966,1.790108696,1.043888889,"pcr_cdmx",1,"low",NA,0,10.52243148,2.293679375,10.18380911,"EXCLUSION",TRUE,FALSE,FALSE,FALSE,FALSE,TRUE
"2023-07","No Elegible","Vulnerabilidad Elevada",2.700708215,1,2.578385269,1,1.776038647,2.117608696,1.790108696,1,"sotap",1,"low",NA,20.97871872,21.88512181,3.235260316,42.83467157,"EXCLUSION",TRUE,TRUE,FALSE,FALSE,FALSE,TRUE
"2023-09","No Elegible","Vulnerabilidad Baja",1,1,1,1,1,1.498900966,1,1,"foten",1,"low",-500,0,3.815111519,2.10647915,3.692337415,"EXCLUSION",TRUE,TRUE,FALSE,FALSE,FALSE,TRUE
"2024-03","Lista de Reserva","Vulnerabilidad Moderada",1,1,2.578385269,1,1.776038647,2.117608696,1.790108696,1.043888889,"foten",1,"low",NA,8.975915299,22.50821784,2.89537679,31.04865011,"EXCLUSION",TRUE,TRUE,FALSE,FALSE,FALSE,TRUE
"2023-12","Lista de Reserva","Vulnerabilidad Baja",1,1,1,1,1.776038647,1,1.790108696,1,"sotap",2,"low",NA,0,12.01413641,2.33531262,11.62750949,"EXCLUSION",TRUE,TRUE,FALSE,FALSE,FALSE,TRUE
"2024-06","No Elegible","Vulnerabilidad Baja",1,1,1,1,1.776038647,2.117608696,1,1,"sotap",4,"average",0,0,14.06650994,2.392594036,13.61383558,"EXCLUSION",TRUE,TRUE,FALSE,TRUE,TRUE,TRUE
"2024-06","No Elegible","Vulnerabilidad Baja",1,1,1,1,1.776038647,1,1.790108696,1,"sotap",1,"low",0,0,12.01413641,2.33531262,11.62750949,"EXCLUSION",TRUE,TRUE,FALSE,FALSE,FALSE,TRUE
"2023-06","Lista de Reserva","Vulnerabilidad Severa",2.700708215,1,2.578385269,1,1.776038647,2.823478261,2.580217391,1,"foten",4,"average",NA,20.97871872,32.12448674,3.521039349,52.7445235,"EXCLUSION",TRUE,TRUE,FALSE,FALSE,FALSE,TRUE
"2024-02","No Elegible","Vulnerabilidad Elevada",2.700708215,1,3.251728045,1,1.776038647,2.823478261,1.790108696,1,"sotap",1,"low",NA,24.2379543,26.18890898,3.45239235,50.36407961,"EXCLUSION",TRUE,FALSE,FALSE,FALSE,FALSE,TRUE
"2024-01","Lista de Reserva","Vulnerabilidad Moderada",1,1,1,1,1.776038647,2.823478261,2.580217391,1,"sotap",3,"low",NA,0,32.12448674,2.896589272,31.09068863,"EXCLUSION",TRUE,FALSE,FALSE,FALSE,FALSE,TRUE
"2024-05","Lista de Reserva","Vulnerabilidad Elevada",1,1,2.578385269,1,1.776038647,1.498900966,2.580217391,1.043888889,"sotap",1,"low",0,8.975915299,22.80125306,2.903555356,31.33225516,"EXCLUSION",TRUE,FALSE,FALSE,FALSE,FALSE,TRUE
"2023-12","Elegible","Vulnerabilidad Elevada",1,1.525552408,2.578385269,1,1.776038647,2.823478261,1.790108696,1,"foten",3,"average",0,13.7168894,26.18890898,3.139223567,39.50443632,"INCLUSION",TRUE,TRUE,FALSE,TRUE,TRUE,TRUE
"2023-08","Lista de Reserva","Vulnerabilidad Moderada",1,1,3.251728045,1,1.776038647,1,2.580217391,1,"futij",1,"low",0,11.51832969,16.59309681,2.805963919,27.94811542,"EXCLUSION",TRUE,TRUE,FALSE,FALSE,FALSE,TRUE
"2023-10","Elegible","Vulnerabilidad Moderada",1,1,1,1,1.776038647,2.823478261,2.580217391,1,"sotap",9,"average",NA,0,32.12448674,2.896589272,31.09068863,"INCLUSION",TRUE,TRUE,FALSE,FALSE,TRUE,TRUE
"2024-03","No Elegible","Vulnerabilidad Elevada",2.070141643,1,1,1,1.776038647,2.823478261,1.790108696,1.043888889,"sotap",4,"average",NA,6.702282231,26.85846924,2.949114914,32.91210522,"EXCLUSION",TRUE,TRUE,TRUE,FALSE,FALSE,TRUE
"2023-11","Elegible","Vulnerabilidad Baja",1,1,1,1,1,1,1,1,"sotap",1,"low",-500,0,0,2,0,"INCLUSION",TRUE,TRUE,FALSE,FALSE,FALSE,TRUE
"2023-07","Elegible","Vulnerabilidad Baja",1.599560907,1,1,1,1,1,1.790108696,1.043888889,"pcr_cdmx",1,"low",NA,4.186184624,6.061858428,2.293790976,10.18768199,"INCLUSION",TRUE,TRUE,FALSE,FALSE,FALSE,TRUE
"2024-06","No Elegible","Vulnerabilidad Elevada",1.599560907,1,1,1.564135978,1.776038647,2.823478261,2.580217391,1.043888889,"sotap",4,"average",NA,8.656761296,32.85812825,3.174741228,40.73606536,"EXCLUSION",TRUE,TRUE,FALSE,TRUE,TRUE,TRUE
"2024-01","Elegible","Vulnerabilidad Moderada",1,1,1,1,1.776038647,2.823478261,1.790108696,1,"fupal",1,"low",NA,0,26.18890898,2.730928248,25.3461237,"INCLUSION",TRUE,TRUE,FALSE,FALSE,FALSE,TRUE
"2024-04","No Elegible por Duplicidad","Vulnerabilidad Baja",1,1,1,1,1.776038647,2.117608696,1.790108696,1,"sotap",1,"low",0,0,21.88512181,2.610810239,21.18083671,"EXCLUSION",TRUE,TRUE,FALSE,FALSE,FALSE,TRUE
"2023-09","Elegible","Vulnerabilidad Severa",2.700708215,1,3.251728045,1,1.776038647,2.117608696,2.580217391,1.043888889,"foten",3,"average",NA,24.2379543,28.09152966,3.505494188,52.20547205,"INCLUSION",TRUE,TRUE,FALSE,FALSE,FALSE,TRUE
"2023-07","No Elegible","Vulnerabilidad Elevada",2.070141643,1,1,1,1.776038647,2.823478261,1.790108696,1.043888889,"sotap",2,"low",0,6.702282231,26.85846924,2.949114914,32.91210522,"EXCLUSION",TRUE,TRUE,FALSE,FALSE,FALSE,TRUE
"2023-11","No Elegible","Vulnerabilidad Baja",1,1,1,1,1,1.498900966,1,1,"futij",2,"average",0,0,3.815111519,2.10647915,3.692337415,"EXCLUSION",TRUE,TRUE,FALSE,TRUE,TRUE,TRUE
"2024-04","No Elegible","Vulnerabilidad Elevada",2.070141643,1,1,1,1.776038647,1.498900966,2.580217391,2.544987923,"foten",2,"average",NA,6.702282231,37.43330939,3.244257006,43.14663644,"EXCLUSION",FALSE,TRUE,FALSE,TRUE,FALSE,TRUE
"2023-08","No Elegible","Vulnerabilidad Moderada",1,1,1,1,1.776038647,2.823478261,1.790108696,1,"sotap",4,"average",0,0,26.18890898,2.730928248,25.3461237,"EXCLUSION",TRUE,TRUE,FALSE,FALSE,FALSE,TRUE
"2024-01","No Elegible","Vulnerabilidad Elevada",2.700708215,1,2.578385269,1,1.776038647,2.823478261,1.790108696,1,"sotap",1,"low",NA,20.97871872,26.18890898,3.355378326,46.99995857,"EXCLUSION",TRUE,TRUE,FALSE,FALSE,FALSE,TRUE
"2024-04","No Elegible","Vulnerabilidad Elevada",1,1,1,1,1.776038647,2.823478261,2.580217391,1.043888889,"fupal",1,"low",0,0,32.85812825,2.917065088,31.80072082,"EXCLUSION",TRUE,TRUE,FALSE,FALSE,FALSE,TRUE
"2023-10","Lista de Reserva","Vulnerabilidad Elevada",1,1,1,1,1.776038647,2.823478261,2.580217391,1.043888889,"fupal",5,"high",NA,0,32.85812825,2.917065088,31.80072082,"EXCLUSION",TRUE,FALSE,FALSE,FALSE,FALSE,TRUE
"2024-01","Lista de Reserva","Vulnerabilidad Elevada",1,2.051104816,2.578385269,1,1.776038647,2.823478261,1.790108696,1,"sotap",3,"average",0,17.3510839,26.18890898,3.247398574,43.25558283,"EXCLUSION",FALSE,TRUE,FALSE,TRUE,TRUE,TRUE
"2024-06","No Elegible","Vulnerabilidad Moderada",2.700708215,1,1,1,1.776038647,1,2.580217391,1,"foten",1,"low",0,9.472088355,16.59309681,2.74505574,25.83602399,"EXCLUSION",TRUE,TRUE,FALSE,FALSE,FALSE,TRUE
"2023-12","No Elegible","Vulnerabilidad Severa",2.700708215,1,3.251728045,1,1.776038647,2.117608696,2.580217391,1.043888889,"sotap",6,"high",-500,24.2379543,28.09152966,3.505494188,52.20547205,"EXCLUSION",TRUE,FALSE,FALSE,TRUE,TRUE,TRUE
"2024-03","Elegible","Vulnerabilidad Elevada",2.070141643,1,1,1,1.776038647,1.498900966,2.580217391,2.544987923,"foten",1,"low",0,6.702282231,37.43330939,3.244257006,43.14663644,"INCLUSION",TRUE,TRUE,FALSE,FALSE,FALSE,TRUE
"2024-02","Elegible","Vulnerabilidad Elevada",1,1.525552408,1,1,1.776038647,2.823478261,2.580217391,1,"sotap",1,"low",NA,3.741369748,32.12448674,3.007954444,34.9524594,"INCLUSION",TRUE,TRUE,FALSE,FALSE,FALSE,TRUE
"2023-09","Elegible","Vulnerabilidad Severa",1,2.051104816,2.578385269,1.564135978,1.776038647,2.823478261,2.580217391,1,"sotap",2,"complete",NA,23.37941737,32.12448674,3.592498263,55.22247903,"INCLUSION",FALSE,FALSE,FALSE,TRUE,TRUE,TRUE
"2024-05","No Elegible","Vulnerabilidad Elevada",2.070141643,1,1,1,1.776038647,1,2.580217391,2.544987923,"sotap",4,"average",NA,6.702282231,30.38303782,3.047485057,36.32324966,"EXCLUSION",FALSE,TRUE,FALSE,FALSE,FALSE,TRUE
"2023-07","No Elegible","Vulnerabilidad Elevada",1,1,2.578385269,1,1.776038647,2.823478261,1.790108696,1,"fupal",3,"average",NA,8.975915299,26.18890898,2.998104289,34.61089293,"EXCLUSION",TRUE,TRUE,FALSE,TRUE,TRUE,TRUE
"2024-03","Elegible","Vulnerabilidad Elevada",1,1,3.251728045,1,1.776038647,2.117608696,2.580217391,1.738466184,"sotap",1,"low",-500,11.51832969,36.78475459,3.369509848,47.48998546,"INCLUSION",TRUE,FALSE,FALSE,FALSE,FALSE,TRUE
"2024-01","No Elegible","Vulnerabilidad Elevada",2.700708215,1,1.249197356,1,1.776038647,1,1.790108696,2.544987923,"foten",2,"average",NA,11.93561888,24.59957006,3.041844284,36.12765033,"EXCLUSION",TRUE,TRUE,FALSE,TRUE,TRUE,TRUE
"2023-10","No Elegible","Vulnerabilidad Elevada",2.700708215,1,1.249197356,1,1.776038647,2.823478261,1.790108696,1.043888889,"sotap",6,"average",NA,11.93561888,26.85846924,3.104889798,38.31385587,"EXCLUSION",TRUE,TRUE,FALSE,FALSE,FALSE,TRUE
"2023-07","No Elegible por Duplicidad","Vulnerabilidad Baja",1,1,1,1,1.776038647,2.823478261,1,1,"foten",4,"average",NA,0,17.78726377,2.496439678,17.21485183,"EXCLUSION",TRUE,TRUE,FALSE,FALSE,FALSE,TRUE
"2024-01","Elegible","Vulnerabilidad Elevada",2.700708215,1.525552408,1.249197356,1,1.776038647,2.117608696,1.790108696,1.043888889,"sotap",1,"low",NA,17.00620089,22.50821784,3.134405327,39.33735832,"INCLUSION",TRUE,FALSE,FALSE,FALSE,FALSE,TRUE
"2023-11","No Elegible","Vulnerabilidad Elevada",2.070141643,1,1,1,1.776038647,2.823478261,2.580217391,1.043888889,"sotap",1,"low",0,6.702282231,32.85812825,3.116564434,38.7186892,"EXCLUSION",TRUE,TRUE,FALSE,FALSE,FALSE,TRUE
"2024-05","Elegible","Vulnerabilidad Baja",1,1,1,1,1.776038647,2.117608696,1,1.738466184,"pcr_cdmx",4,"average",NA,0,21.46429064,2.599064908,20.7735483,"INCLUSION",TRUE,FALSE,FALSE,FALSE,FALSE,TRUE
"2024-06","No Elegible","Vulnerabilidad Baja",1,1,1,1,1.776038647,2.117608696,1.790108696,1,"sotap",1,"low",NA,0,21.88512181,2.610810239,21.18083671,"EXCLUSION",TRUE,TRUE,FALSE,FALSE,FALSE,TRUE
"2024-06","No Elegible","Vulnerabilidad Moderada",1,2.051104816,1,2.128271955,1,1,2.580217391,1,"sotap",3,"average",NA,14.96519485,9.580889352,2.712853317,24.71935654,"EXCLUSION",TRUE,FALSE,FALSE,FALSE,FALSE,TRUE
"2024-06","No Elegible","Vulnerabilidad Moderada",1,1,1,1,1.776038647,2.823478261,2.580217391,1,"sotap",5,"average",0,0,32.12448674,2.896589272,31.09068863,"EXCLUSION",TRUE,TRUE,FALSE,TRUE,TRUE,TRUE
"2023-08","No Elegible","Vulnerabilidad Elevada",1,2.051104816,2.578385269,1.564135978,1.776038647,2.823478261,1.790108696,1,"sotap",1,"low",0,23.37941737,26.18890898,3.42683724,49.4779141,"EXCLUSION",TRUE,TRUE,FALSE,FALSE,FALSE,TRUE
"2023-10","Elegible","Vulnerabilidad Elevada",1,1,2.578385269,1,1.776038647,2.823478261,2.580217391,1.738466184,"sotap",3,"complete",NA,8.975915299,42.19960637,3.444960285,50.10635007,"INCLUSION",TRUE,TRUE,FALSE,TRUE,TRUE,FALSE
"2024-02","Lista de Reserva","Vulnerabilidad Elevada",1,1,2.578385269,1,1.776038647,2.823478261,2.580217391,1,"sotap",1,"low",0,8.975915299,32.12448674,3.163765312,40.35545786,"EXCLUSION",TRUE,FALSE,FALSE,FALSE,FALSE,TRUE
"2024-03","No Elegible","Vulnerabilidad Elevada",2.070141643,1,1,1,1.776038647,2.823478261,2.580217391,1.043888889,"foten",1,"low",0,6.702282231,32.85812825,3.116564434,38.7186892,"EXCLUSION",TRUE,TRUE,FALSE,FALSE,FALSE,TRUE
"2023-08","No Elegible","Vulnerabilidad Baja",2.070141643,1,1,1,1,1,1,1,"futij",1,"low",NA,6.702282231,0,2.199499346,6.917968375,"EXCLUSION",TRUE,TRUE,FALSE,FALSE,FALSE,TRUE
"2024-04","No Elegible por Duplicidad","Vulnerabilidad Baja",1,1,2.578385269,1,1.776038647,1,1.790108696,1.043888889,"sotap",1,"low",NA,8.975915299,12.53066404,2.616904864,21.39218397,"EXCLUSION",TRUE,TRUE,FALSE,FALSE,FALSE,TRUE
"2023-12","Lista de Reserva","Vulnerabilidad Elevada",1.599560907,1,2.578385269,1,1.776038647,1,1.790108696,2.544987923,"sotap",3,"low",-500,14.28054816,24.59957006,3.111643173,38.54804178,"EXCLUSION",TRUE,TRUE,FALSE,FALSE,TRUE,TRUE
"2023-09","No Elegible por Intenciones","Vulnerabilidad Baja",1,1,1,1,1.776038647,1,1.790108696,1,"pcr_cdmx",1,"low",0,0,12.01413641,2.33531262,11.62750949,"EXCLUSION",TRUE,TRUE,FALSE,FALSE,FALSE,TRUE
"2024-05","No Elegible","Vulnerabilidad Moderada",1,1,1,1,1.776038647,2.823478261,1.790108696,1,"futij",4,"average",NA,0,26.18890898,2.730928248,25.3461237,"EXCLUSION",TRUE,TRUE,FALSE,TRUE,TRUE,TRUE
"2023-10","No Elegible","Vulnerabilidad Elevada",1,1,2.578385269,1,1.776038647,2.117608696,2.580217391,1.043888889,"foten",2,"average",NA,8.975915299,28.09152966,3.051206127,36.45228537,"EXCLUSION",TRUE,TRUE,FALSE,FALSE,FALSE,TRUE
"2023-07","Lista de Reserva","Vulnerabilidad Baja",2.700708215,1,1.249197356,1,1.776038647,1.498900966,1,1,"sotap",1,"low",500,11.93561888,9.93697889,2.632613717,21.936916,"EXCLUSION",TRUE,TRUE,FALSE,FALSE,FALSE,TRUE
"2023-10","No Elegible","Vulnerabilidad Moderada",1,1,1,1,1.776038647,2.823478261,1.790108696,1,"fupal",1,"low",0,0,26.18890898,2.730928248,25.3461237,"EXCLUSION",TRUE,TRUE,FALSE,FALSE,FALSE,TRUE
"2024-06","Elegible","Vulnerabilidad Baja",2.070141643,1,1,1,1,2.117608696,1.790108696,1.043888889,"pcr_cdmx",1,"low",0,6.702282231,14.70478802,2.60990762,21.14954161,"INCLUSION",TRUE,FALSE,FALSE,FALSE,FALSE,TRUE
"2024-02","No Elegible","Vulnerabilidad Elevada",2.070141643,1,1,1,1.776038647,2.117608696,2.580217391,2.544987923,"sotap",2,"complete",NA,6.702282231,44.04383881,3.428755821,49.54443241,"EXCLUSION",TRUE,TRUE,FALSE,TRUE,TRUE,TRUE
"2023-10","No Elegible","Vulnerabilidad Baja",1,1,1,1,1,1,1.790108696,1,"sotap",2,"average",NA,0,5.614422911,2.156697643,5.433745167,"EXCLUSION",TRUE,TRUE,FALSE,TRUE,TRUE,TRUE
"2023-10","Elegible","Vulnerabilidad Elevada",1,1,1,1,1.776038647,2.823478261,2.580217391,1.043888889,"sotap",2,"average",0,0,32.85812825,2.917065088,31.80072082,"INCLUSION",TRUE,TRUE,FALSE,TRUE,TRUE,TRUE
"2023-12","Elegible","Vulnerabilidad Elevada",1,2.051104816,1,1,1.776038647,2.823478261,1.790108696,1,"sotap",2,"average",0,6.609317356,26.18890898,2.927660413,32.1681355,"INCLUSION",TRUE,FALSE,FALSE,FALSE,FALSE,TRUE
"2024-03","No Elegible","Vulnerabilidad Baja",1,1,1,1,1,1,1.790108696,1,"sotap",1,"low",0,0,5.614422911,2.156697643,5.433745167,"EXCLUSION",TRUE,TRUE,FALSE,FALSE,FALSE,TRUE
"2023-11","No Elegible","Vulnerabilidad Elevada",2.070141643,1,1,1,1.776038647,1.498900966,2.580217391,2.544987923,"futij",2,"average",NA,6.702282231,37.43330939,3.244257006,43.14663644,"EXCLUSION",TRUE,FALSE,FALSE,TRUE,TRUE,TRUE
"2023-10","Lista de Reserva","Vulnerabilidad Baja",1,1,1,1,1,1.498900966,1,1,"sotap",3,"low",NA,0,3.815111519,2.10647915,3.692337415,"EXCLUSION",TRUE,FALSE,FALSE,FALSE,FALSE,TRUE
"2023-06","No Elegible","Vulnerabilidad Moderada",1,1,2.578385269,1,1,2.823478261,1.790108696,1,"sotap",1,"low",NA,8.975915299,17.8931401,2.76657071,26.58209019,"EXCLUSION",TRUE,FALSE,FALSE,FALSE,FALSE,TRUE
"2024-05","Lista de Reserva","Vulnerabilidad Baja",1,1,1,1,1,2.117608696,2.580217391,1,"sotap",2,"low",NA,0,18.94985465,2.528887403,18.34002938,"EXCLUSION",TRUE,FALSE,FALSE,FALSE,TRUE,TRUE
"2024-05","Lista de Reserva","Vulnerabilidad Severa",2.070141643,1,1,1,1.776038647,2.823478261,2.580217391,2.544987923,"futij",3,"average",NA,6.702282231,50,3.594991325,55.30891838,"EXCLUSION",TRUE,TRUE,FALSE,TRUE,TRUE,TRUE
"2023-08","No Elegible","Vulnerabilidad Baja",1,1,1,1,1.776038647,2.117608696,1.790108696,1,"sotap",1,"low",NA,0,21.88512181,2.610810239,21.18083671,"EXCLUSION",TRUE,FALSE,FALSE,FALSE,FALSE,TRUE
"2024-04","No Elegible","Vulnerabilidad Baja",1,1,2.578385269,1,1.776038647,1,1.790108696,1,"sotap",1,"low",0,8.975915299,12.01413641,2.602488661,20.89227872,"EXCLUSION",TRUE,TRUE,FALSE,FALSE,FALSE,TRUE
"2024-02","No Elegible","Vulnerabilidad Baja",1,1.525552408,1,1.564135978,1.776038647,1.498900966,1,1,"sotap",1,"low",0,8.159313021,9.93697889,2.52020864,18.03908485,"EXCLUSION",TRUE,TRUE,FALSE,FALSE,FALSE,TRUE
"2023-07","Lista de Reserva","Vulnerabilidad Baja",1,1,1,1,1.776038647,1.498900966,1,1,"sotap",1,"low",NA,0,9.93697889,2.277339487,9.617196972,"EXCLUSION",FALSE,TRUE,FALSE,FALSE,FALSE,TRUE
"2023-08","Elegible","Vulnerabilidad Baja",1,1,1,1,1,1,2.580217391,1,"fomon",2,"average",0,0,9.580889352,2.267401085,9.272566752,"INCLUSION",TRUE,TRUE,FALSE,TRUE,TRUE,TRUE
"2023-12","No Elegible por Duplicidad","Vulnerabilidad Baja",1,1.525552408,1,1,1.776038647,1,1,1,"sotap",1,"low",NA,3.741369748,5.532745347,2.265783208,9.216466837,"EXCLUSION",TRUE,TRUE,FALSE,FALSE,FALSE,TRUE
"2023-07","Lista de Reserva","Vulnerabilidad Baja",1,1,1,1,1,1.498900966,1,1,"futij",2,"low",NA,0,3.815111519,2.10647915,3.692337415,"EXCLUSION",TRUE,FALSE,TRUE,FALSE,FALSE,TRUE
"2024-06","No Elegible","Vulnerabilidad Baja",1,2.051104816,1,1,1,1,1,1,"fusal",2,"average",-500,6.609317356,0,2.196732164,6.822011798,"EXCLUSION",TRUE,TRUE,FALSE,TRUE,TRUE,TRUE
"2024-04","No Elegible","Vulnerabilidad Moderada",2.700708215,1,2.578385269,1,1,2.117608696,1,1,"sotap",1,"low",NA,20.97871872,7.392265486,2.830767021,28.80820986,"EXCLUSION",TRUE,FALSE,FALSE,FALSE,FALSE,TRUE
"2023-11","No Elegible","Vulnerabilidad Moderada",1,1,1,1,1.776038647,2.823478261,2.580217391,1,"sotap",1,"low",NA,0,32.12448674,2.896589272,31.09068863,"EXCLUSION",TRUE,FALSE,FALSE,FALSE,FALSE,TRUE
"2023-10","No Elegible por Intenciones","Vulnerabilidad Moderada",1,1,1,1,1.776038647,2.823478261,1.790108696,1,"sotap",4,"average",0,0,26.18890898,2.730928248,25.3461237,"EXCLUSION",TRUE,TRUE,FALSE,FALSE,FALSE,TRUE
"2023-11","No Elegible","Vulnerabilidad Moderada",1,1,1,1,1.776038647,2.823478261,2.580217391,1,"sotap",1,"low",0,0,32.12448674,2.896589272,31.09068863,"EXCLUSION",TRUE,FALSE,FALSE,FALSE,FALSE,TRUE
"2023-09","Elegible","Vulnerabilidad Baja",1,1,1,1,1.776038647,2.117608696,1.790108696,1,"fupal",1,"low",0,0,21.88512181,2.610810239,21.18083671,"INCLUSION",TRUE,TRUE,FALSE,FALSE,FALSE,TRUE
"2023-10","No Elegible","Vulnerabilidad Moderada",1,1,1,1,1.776038647,2.117608696,2.580217391,1.043888889,"sotap",4,"average",NA,0,28.09152966,2.784030087,27.18751614,"EXCLUSION",TRUE,TRUE,FALSE,TRUE,TRUE,TRUE
"2023-10","No Elegible","Vulnerabilidad Moderada",2.700708215,1,1.249197356,1,1.776038647,1.498900966,1.790108696,1,"pcr_cdmx",1,"low",-500,11.93561888,17.10850297,2.832769803,28.87765327,"EXCLUSION",TRUE,TRUE,FALSE,FALSE,FALSE,TRUE
"2023-07","No Elegible","Vulnerabilidad Baja",1,1,2.578385269,1,1,1,1.790108696,1.043888889,"foten",1,"low",NA,8.975915299,6.061858428,2.436361537,15.13155099,"EXCLUSION",TRUE,TRUE,FALSE,FALSE,FALSE,TRUE
"2024-02","Elegible","Vulnerabilidad Moderada",1,1,1,1,1.776038647,2.823478261,1.790108696,1,"sotap",1,"low",NA,0,26.18890898,2.730928248,25.3461237,"INCLUSION",TRUE,TRUE,FALSE,FALSE,FALSE,TRUE
"2023-08","Elegible","Vulnerabilidad Moderada",1,1,1,1,1.776038647,2.823478261,2.580217391,1,"sotap",1,"low",0,0,32.12448674,2.896589272,31.09068863,"INCLUSION",TRUE,FALSE,TRUE,FALSE,FALSE,TRUE
"2023-06","No Elegible","Vulnerabilidad Moderada",1,1,1,1,1.776038647,2.117608696,2.580217391,1.043888889,"foten",3,"average",NA,0,28.09152966,2.784030087,27.18751614,"EXCLUSION",TRUE,TRUE,FALSE,FALSE,FALSE,TRUE
"2023-09","Elegible","Vulnerabilidad Elevada",2.700708215,1,2.578385269,2.128271955,1.776038647,1,2.580217391,1,"sotap",1,"low",NA,32.32102758,16.59309681,3.425174581,49.42026493,"INCLUSION",TRUE,TRUE,FALSE,FALSE,FALSE,TRUE
"2024-05","Lista de Reserva","Vulnerabilidad Baja",1,1,1,1,1.776038647,1.498900966,1.790108696,1,"sotap",2,"low",NA,0,17.10850297,2.477495573,16.55793424,"EXCLUSION",TRUE,TRUE,FALSE,FALSE,FALSE,FALSE
"2024-04","No Elegible","Vulnerabilidad Elevada",1,2.051104816,2.578385269,1,1.776038647,2.823478261,1.790108696,1,"fupal",3,"average",-500,17.3510839,26.18890898,3.247398574,43.25558283,"EXCLUSION",TRUE,TRUE,FALSE,FALSE,TRUE,TRUE
"2023-09","Lista de Reserva","Vulnerabilidad Elevada",1,2.051104816,2.578385269,1,1.776038647,2.117608696,1.790108696,1,"sotap",4,"average",0,17.3510839,21.88512181,3.127280564,39.09029584,"EXCLUSION",TRUE,TRUE,FALSE,TRUE,TRUE,TRUE
"2024-03","Elegible","Vulnerabilidad Baja",1,1,1,1,1.776038647,2.117608696,1.790108696,1,"foten",1,"low",NA,0,21.88512181,2.610810239,21.18083671,"INCLUSION",TRUE,FALSE,FALSE,FALSE,FALSE,TRUE
"2024-05","Lista de Reserva","Vulnerabilidad Elevada",2.070141643,1,1,1,1.776038647,2.823478261,1.790108696,1,"sotap",4,"average",-500,6.702282231,26.18890898,2.930427594,32.26409208,"EXCLUSION",TRUE,TRUE,FALSE,FALSE,FALSE,TRUE
"2024-01","No Elegible","Vulnerabilidad Elevada",2.070141643,1,1,1,1.776038647,2.823478261,2.580217391,1.043888889,"foten",2,"average",0,6.702282231,32.85812825,3.116564434,38.7186892,"EXCLUSION",FALSE,TRUE,FALSE,TRUE,TRUE,TRUE
"2024-03","Elegible","Vulnerabilidad Elevada",1,1.525552408,3.251728045,1,1.776038647,2.117608696,1.790108696,1,"sotap",2,"complete",0,16.54244021,21.88512181,3.103210571,38.25562918,"INCLUSION",TRUE,TRUE,FALSE,TRUE,TRUE,TRUE
"2024-01","No Elegible","Vulnerabilidad Baja",2.700708215,1,2.578385269,1,1,1,1,1,"sotap",1,"low",0,20.97871872,0,2.624450078,21.65383487,"EXCLUSION",TRUE,TRUE,FALSE,FALSE,FALSE,TRUE
"2024-05","No Elegible","Vulnerabilidad Baja",1,1,1,1,1,2.117608696,1,1,NA,1,"low",-500,0,7.392265486,2.206316944,7.15437499,"EXCLUSION",TRUE,TRUE,FALSE,FALSE,FALSE,TRUE
"2024-01","Lista de Reserva","Vulnerabilidad Baja",1,1,1,1,1.776038647,2.117608696,1,1,"sotap",5,"average",0,0,14.06650994,2.392594036,13.61383558,"EXCLUSION",TRUE,TRUE,TRUE,FALSE,TRUE,TRUE
"2023-09","Lista de Reserva","Vulnerabilidad Moderada",1,1,1,1,1.776038647,2.823478261,2.580217391,1,"fupal",1,"low",NA,0,32.12448674,2.896589272,31.09068863,"EXCLUSION",TRUE,FALSE,FALSE,FALSE,FALSE,TRUE
"2024-01","Elegible","Vulnerabilidad Baja",1,1,1,1,1,1.498900966,1,1,"fupal",1,"low",0,0,3.815111519,2.10647915,3.692337415,"INCLUSION",FALSE,TRUE,FALSE,FALSE,FALSE,TRUE
"2023-09","No Elegible","Vulnerabilidad Severa",2.700708215,1.525552408,2.578385269,1,1.776038647,2.823478261,1.790108696,1,NA,2,"average",0,27.05638709,26.18890898,3.536285489,53.27321238,"EXCLUSION",TRUE,TRUE,FALSE,TRUE,TRUE,TRUE
"2023-07","Elegible","Vulnerabilidad Baja",1,1,1,1,1.776038647,2.823478261,1,1,"pcr_cdmx",1,"low",NA,0,17.78726377,2.496439678,17.21485183,"INCLUSION",TRUE,TRUE,FALSE,FALSE,FALSE,TRUE
"2024-03","Elegible","Vulnerabilidad Moderada",1,1,1,1,1.776038647,2.117608696,2.580217391,1.043888889,"sotap",1,"low",NA,0,28.09152966,2.784030087,27.18751614,"INCLUSION",TRUE,TRUE,FALSE,FALSE,FALSE,TRUE
"2024-06","Lista de Reserva","Vulnerabilidad Baja",1,1,2.578385269,1,1,1.498900966,1,1,"sotap",2,"average",-500,8.975915299,3.815111519,2.373655191,12.95710664,"EXCLUSION",TRUE,TRUE,FALSE,TRUE,FALSE,TRUE
"2024-03","No Elegible","Vulnerabilidad Baja",1,1,1,1,1,1.498900966,2.580217391,1,"sotap",3,"average",0,0,14.41616583,2.402352876,13.9522392,"EXCLUSION",TRUE,TRUE,FALSE,TRUE,TRUE,TRUE
"2023-08","Lista de Reserva","Vulnerabilidad Baja",1,1,1,1,1.776038647,1.498900966,1.790108696,1,"sotap",3,"average",NA,0,17.10850297,2.477495573,16.55793424,"EXCLUSION",TRUE,TRUE,FALSE,FALSE,FALSE,TRUE
"2024-01","Lista de Reserva","Vulnerabilidad Moderada",1,1,1,1,1.776038647,2.823478261,2.580217391,1,"foten",1,"low",NA,0,32.12448674,2.896589272,31.09068863,"EXCLUSION",FALSE,FALSE,FALSE,FALSE,FALSE,TRUE
"2024-03","No Elegible","Vulnerabilidad Baja",1,1.525552408,1,1,1.776038647,1.498900966,1.790108696,1,"sotap",2,"average",0,3.741369748,17.10850297,2.588860746,20.419705,"EXCLUSION",TRUE,TRUE,FALSE,FALSE,FALSE,TRUE
"2023-08","Elegible","Vulnerabilidad Baja",1,1,1,1,1,1,1,1,"sotap",1,"low",0,0,0,2,0,"INCLUSION",TRUE,TRUE,FALSE,FALSE,FALSE,TRUE
"2023-08","Elegible","Vulnerabilidad Elevada",1,1,2.578385269,1,1.776038647,2.823478261,1.790108696,1,"sotap",1,"low",0,8.975915299,26.18890898,2.998104289,34.61089293,"INCLUSION",TRUE,FALSE,FALSE,FALSE,FALSE,TRUE
"2023-09","Elegible","Vulnerabilidad Baja",1,1,1,1,1.776038647,1.498900966,1.790108696,1,"sotap",1,"low",0,0,17.10850297,2.477495573,16.55793424,"INCLUSION",TRUE,TRUE,FALSE,FALSE,FALSE,TRUE
"2023-11","Elegible","Vulnerabilidad Baja",1,1,1,1,1,1,1.790108696,1,"sotap",5,"average",NA,0,5.614422911,2.156697643,5.433745167,"INCLUSION",TRUE,TRUE,FALSE,FALSE,FALSE,TRUE
"2024-05","Lista de Reserva","Vulnerabilidad Severa",2.700708215,2.051104816,3.251728045,1,1.776038647,2.823478261,2.580217391,1,"fupal",2,"average",NA,35.61565687,32.12448674,3.956720731,67.85249296,"EXCLUSION",FALSE,FALSE,FALSE,TRUE,TRUE,TRUE
"2023-10","Elegible","Vulnerabilidad Baja",1,1,1.249197356,1,1.776038647,2.117608696,1.790108696,1.043888889,"sotap",1,"low",0,1.921713018,22.50821784,2.685402233,23.76743655,"INCLUSION",TRUE,TRUE,FALSE,FALSE,FALSE,TRUE
"2024-06","No Elegible","Vulnerabilidad Elevada",2.070141643,2.051104816,1,1,1.776038647,1.498900966,1.790108696,1.043888889,"fupal",1,"low",NA,14.63015408,17.68003002,2.92892625,32.21203604,"EXCLUSION",TRUE,TRUE,FALSE,FALSE,FALSE,TRUE
"2024-01","Lista de Reserva","Vulnerabilidad Baja",1,1.525552408,1,1,1.776038647,1.498900966,1,1,"sotap",4,"average",NA,3.741369748,9.93697889,2.388704659,13.47896774,"EXCLUSION",TRUE,TRUE,FALSE,TRUE,TRUE,FALSE
"2024-04","No Elegible","Vulnerabilidad Elevada",1,2.051104816,2.578385269,1,1.776038647,2.823478261,1.790108696,1,"futij",3,"average",NA,17.3510839,26.18890898,3.247398574,43.25558283,"EXCLUSION",TRUE,FALSE,FALSE,FALSE,FALSE,TRUE
"2023-08","No Elegible","Vulnerabilidad Baja",2.070141643,1,1,1,1.776038647,1.498900966,1.790108696,1.043888889,"pcr_cdmx",1,"low",0,6.702282231,17.68003002,2.692946147,24.02903735,"EXCLUSION",TRUE,TRUE,FALSE,FALSE,FALSE,TRUE
"2023-09","Elegible","Vulnerabilidad Elevada",2.070141643,1,1,1,1.776038647,2.117608696,1.790108696,2.544987923,"sotap",1,"low",NA,6.702282231,37.06714366,3.234037379,42.79225429,"INCLUSION",TRUE,TRUE,FALSE,FALSE,FALSE,TRUE
"2024-06","No Elegible","Vulnerabilidad Baja",1,1,1,1,1,1.498900966,1.790108696,1,"fusal",2,"low",0,0,10.02735341,2.279861825,9.70466315,"EXCLUSION",TRUE,TRUE,FALSE,FALSE,FALSE,TRUE
"2023-10","No Elegible","Vulnerabilidad Baja",1,1,1,1,1.776038647,2.117608696,1,1,"sotap",2,"average",0,0,14.06650994,2.392594036,13.61383558,"EXCLUSION",TRUE,TRUE,FALSE,TRUE,TRUE,TRUE
"2024-01","Elegible","Vulnerabilidad Baja",2.070141643,1,1,1,1.776038647,1.498900966,1.790108696,1,"sotap",1,"low",NA,6.702282231,17.10850297,2.676994919,23.47590261,"INCLUSION",TRUE,TRUE,FALSE,FALSE,FALSE,TRUE
"2023-07","Lista de Reserva","Vulnerabilidad Elevada",2.700708215,1,2.578385269,1,1.776038647,2.823478261,1.790108696,1,"foten",3,"average",0,20.97871872,26.18890898,3.355378326,46.99995857,"EXCLUSION",FALSE,FALSE,FALSE,FALSE,TRUE,TRUE
"2023-10","Lista de Reserva","Vulnerabilidad Severa",2.700708215,1,3.251728045,1.564135978,1.776038647,2.823478261,1.790108696,1.043888889,"sotap",7,"high",-500,31.08118723,26.85846924,3.674774537,58.07554776,"EXCLUSION",FALSE,TRUE,FALSE,FALSE,FALSE,TRUE
"2024-05","Lista de Reserva","Vulnerabilidad Moderada",1,1,1,1,1.776038647,2.823478261,1.790108696,1.043888889,"fupal",1,"low",0,0,26.85846924,2.749615568,25.99413684,"EXCLUSION",TRUE,TRUE,FALSE,FALSE,FALSE,TRUE
"2023-07","Lista de Reserva","Vulnerabilidad Baja",1,1,1,1,1,1,1.790108696,1,"sotap",1,"low",NA,0,5.614422911,2.156697643,5.433745167,"EXCLUSION",FALSE,FALSE,FALSE,FALSE,FALSE,TRUE
"2023-07","No Elegible","Vulnerabilidad Baja",1,1,1,1,1.776038647,2.117608696,1.790108696,1,"fupal",1,"low",NA,0,21.88512181,2.610810239,21.18083671,"EXCLUSION",TRUE,TRUE,FALSE,FALSE,FALSE,TRUE
"2023-07","Elegible","Vulnerabilidad Moderada",1,1,2.578385269,1,1.776038647,2.117608696,1.790108696,1,"pcr_cdmx",2,"average",NA,8.975915299,21.88512181,2.877986279,30.44560593,"INCLUSION",TRUE,TRUE,FALSE,FALSE,FALSE,TRUE
"2023-08","No Elegible por Intenciones","Vulnerabilidad Baja",1,1.525552408,1,1,1,1.498900966,1,1,"sotap",1,"low",NA,3.741369748,3.815111519,2.217844323,7.554108183,"EXCLUSION",TRUE,TRUE,FALSE,FALSE,FALSE,TRUE
"2024-04","Lista de Reserva","Vulnerabilidad Moderada",2.700708215,1,1.249197356,1,1.776038647,1.498900966,1.790108696,1,"fupal",3,"low",NA,11.93561888,17.10850297,2.832769803,28.87765327,"EXCLUSION",TRUE,TRUE,FALSE,FALSE,FALSE,TRUE
"2024-02","No Elegible","Vulnerabilidad Elevada",1,1,2.578385269,1,1.776038647,2.823478261,1.790108696,1,"sotap",1,"low",NA,8.975915299,26.18890898,2.998104289,34.61089293,"EXCLUSION",TRUE,TRUE,FALSE,FALSE,FALSE,TRUE
"2024-06","No Elegible","Vulnerabilidad Elevada",2.700708215,1.525552408,3.251728045,1,1.776038647,2.823478261,1,1,"sotap",1,"low",0,30.67858802,17.78726377,3.409614926,48.8807075,"EXCLUSION",TRUE,TRUE,FALSE,FALSE,FALSE,TRUE
"2024-02","Lista de Reserva","Vulnerabilidad Baja",1,1,1,1,1,1,1,1,"sotap",1,"low",0,0,0,2,0,"EXCLUSION",TRUE,TRUE,FALSE,FALSE,FALSE,TRUE
"2024-06","Lista de Reserva","Vulnerabilidad Moderada",1,1,1,1,1.776038647,2.823478261,1.790108696,1,"sotap",1,"low",NA,0,26.18890898,2.730928248,25.3461237,"EXCLUSION",TRUE,FALSE,TRUE,FALSE,FALSE,TRUE
"2023-11","Elegible","Vulnerabilidad Baja",2.070141643,1,1,1,1.776038647,1.498900966,1.790108696,1.043888889,"pcr_cdmx",1,"low",NA,6.702282231,17.68003002,2.692946147,24.02903735,"INCLUSION",TRUE,FALSE,FALSE,FALSE,FALSE,TRUE
"2024-01","Elegible","Vulnerabilidad Baja",1,1,2.578385269,1.564135978,1,1,1,1,"sotap",1,"low",0,14.01324416,0,2.41711658,14.46420437,"INCLUSION",TRUE,TRUE,FALSE,FALSE,FALSE,TRUE
"2023-12","Elegible","Vulnerabilidad Baja",1,1,1,1,1,2.117608696,1.790108696,1.043888889,"fupal",2,"average",NA,0,14.70478802,2.410408275,14.23157324,"INCLUSION",TRUE,TRUE,FALSE,FALSE,FALSE,TRUE
"2024-06","Lista de Reserva","Vulnerabilidad Elevada",2.070141643,2.051104816,1,1,1.776038647,2.823478261,1.790108696,1.043888889,"foten",2,"average",NA,14.63015408,26.85846924,3.185095016,41.09510391,"EXCLUSION",FALSE,TRUE,FALSE,FALSE,FALSE,TRUE
"2023-07","Lista de Reserva","Vulnerabilidad Elevada",1,1.525552408,1,1,1.776038647,2.823478261,2.580217391,1,"foten",3,"average",NA,3.741369748,32.12448674,3.007954444,34.9524594,"EXCLUSION",TRUE,TRUE,FALSE,TRUE,TRUE,TRUE
"2023-09","Lista de Reserva","Vulnerabilidad Elevada",1,2.051104816,2.578385269,1,1.776038647,2.823478261,2.580217391,1.043888889,"sotap",1,"low",NA,17.3510839,32.85812825,3.433535414,49.71017996,"EXCLUSION",TRUE,TRUE,FALSE,FALSE,FALSE,TRUE
"2023-10","Elegible","Vulnerabilidad Baja",1,1,2.578385269,1,1,1.498900966,1.790108696,1.043888889,"sotap",3,"low",NA,8.975915299,10.52243148,2.560855415,19.44857834,"INCLUSION",TRUE,TRUE,FALSE,FALSE,FALSE,TRUE
"2024-06","No Elegible por Duplicidad","Vulnerabilidad Moderada",1,1,1,1,1.776038647,2.117608696,2.580217391,1.043888889,"sotap",1,"low",0,0,28.09152966,2.784030087,27.18751614,"EXCLUSION",TRUE,TRUE,FALSE,FALSE,FALSE,TRUE
"2023-10","Lista de Reserva","Vulnerabilidad Baja",1,1,1,1,1,1.498900966,1,1,"sotap",1,"low",0,0,3.815111519,2.10647915,3.692337415,"EXCLUSION",TRUE,TRUE,FALSE,FALSE,FALSE,TRUE
"2023-11","Elegible","Vulnerabilidad Baja",1,1,2.578385269,1,1,2.117608696,1.790108696,1,"fupal",4,"average",NA,8.975915299,14.16503897,2.662520006,22.97396308,"INCLUSION",TRUE,TRUE,FALSE,FALSE,FALSE,TRUE
"2023-09","Lista de Reserva","Vulnerabilidad Severa",2.700708215,1,3.251728045,1,1.776038647,2.117608696,2.580217391,1.043888889,"sotap",3,"complete",NA,24.2379543,28.09152966,3.505494188,52.20547205,"EXCLUSION",TRUE,TRUE,FALSE,TRUE,TRUE,TRUE
"2024-05","No Elegible","Vulnerabilidad Elevada",1,1.525552408,2.578385269,1,1.776038647,2.823478261,2.580217391,1.043888889,"sotap",3,"low",NA,13.7168894,32.85812825,3.325360407,45.95903344,"EXCLUSION",FALSE,TRUE,FALSE,FALSE,FALSE,TRUE
"2024-02","Lista de Reserva","Vulnerabilidad Elevada",2.070141643,1,1,1,1.776038647,2.117608696,2.580217391,1.043888889,"sotap",2,"complete",NA,6.702282231,28.09152966,2.983529432,34.10548452,"EXCLUSION",TRUE,TRUE,FALSE,TRUE,TRUE,TRUE
"2023-11","Elegible","Vulnerabilidad Baja",1,1,2.578385269,1,1.776038647,1,1.790108696,1.043888889,"fomon",2,"low",0,8.975915299,12.53066404,2.616904864,21.39218397,"INCLUSION",TRUE,TRUE,FALSE,FALSE,FALSE,TRUE
"2023-10","No Elegible","Vulnerabilidad Baja",1,1,1,1,1.776038647,2.117608696,1.790108696,1,"pcr_cdmx",4,"average",-500,0,21.88512181,2.610810239,21.18083671,"EXCLUSION",TRUE,TRUE,FALSE,FALSE,FALSE,TRUE
"2023-08","No Elegible","Vulnerabilidad Elevada",1,1.525552408,2.578385269,1,1.776038647,2.823478261,2.580217391,1,"sotap",1,"low",NA,13.7168894,32.12448674,3.304884591,45.24900125,"EXCLUSION",TRUE,TRUE,FALSE,FALSE,FALSE,TRUE
"2024-06","No Elegible","Vulnerabilidad Moderada",1,1,1,1,1.776038647,2.117608696,2.580217391,1.043888889,"fupal",1,"low",NA,0,28.09152966,2.784030087,27.18751614,"EXCLUSION",TRUE,FALSE,FALSE,FALSE,FALSE,TRUE
"2023-06","No Elegible","Vulnerabilidad Elevada",1,1,2.578385269,1,1.776038647,2.117608696,2.580217391,1.043888889,"sotap",2,"complete",NA,8.975915299,28.09152966,3.051206127,36.45228537,"EXCLUSION",TRUE,TRUE,FALSE,TRUE,TRUE,TRUE
"2023-11","No Elegible por Duplicidad","Vulnerabilidad Severa",2.700708215,1,2.578385269,1,1.776038647,2.823478261,2.580217391,1.043888889,"sotap",3,"average",NA,20.97871872,32.85812825,3.541515166,53.45455569,"EXCLUSION",FALSE,TRUE,FALSE,TRUE,TRUE,TRUE
"2024-02","Elegible","Vulnerabilidad Moderada",1,1.525552408,2.578385269,1,1.776038647,1,1.790108696,1,"foten",1,"low",NA,13.7168894,12.01413641,2.743607939,25.7858221,"INCLUSION",TRUE,TRUE,FALSE,FALSE,FALSE,TRUE
"2023-07","Lista de Reserva","Vulnerabilidad Baja",1,1,2.578385269,1,1,1,1.790108696,1,"sotap",1,"low",NA,8.975915299,5.614422911,2.423873683,14.6985144,"EXCLUSION",TRUE,TRUE,FALSE,FALSE,FALSE,TRUE
"2023-10","Elegible","Vulnerabilidad Severa",2.700708215,2.051104816,3.251728045,1,1.776038647,2.823478261,2.580217391,1.043888889,"sotap",1,"low",NA,35.61565687,32.85812825,3.977196548,68.56252515,"INCLUSION",FALSE,TRUE,TRUE,FALSE,FALSE,TRUE
"2024-04","No Elegible","Vulnerabilidad Baja",1,1,1,1,1,1.498900966,2.580217391,1,"sotap",3,"average",NA,0,14.41616583,2.402352876,13.9522392,"EXCLUSION",TRUE,TRUE,FALSE,FALSE,FALSE,TRUE
"2024-06","No Elegible por Intenciones","Vulnerabilidad Elevada",2.070141643,1,2.578385269,1,1.776038647,2.823478261,2.580217391,1.043888889,"sotap",3,"complete",-500,17.46888676,32.85812825,3.43704192,49.83177383,"EXCLUSION",TRUE,TRUE,FALSE,TRUE,TRUE,TRUE
"2024-05","No Elegible","Vulnerabilidad Baja",1,1,1,1,1.776038647,2.117608696,1.790108696,1,"sotap",4,"average",NA,0,21.88512181,2.610810239,21.18083671,"EXCLUSION",TRUE,TRUE,FALSE,TRUE,TRUE,TRUE
"2024-02","Elegible","Vulnerabilidad Moderada",1,1,1,1,1.776038647,2.823478261,1.790108696,1,"fupal",1,"low",NA,0,26.18890898,2.730928248,25.3461237,"INCLUSION",TRUE,TRUE,FALSE,FALSE,FALSE,TRUE
"2023-07","No Elegible","Vulnerabilidad Elevada",2.700708215,1,2.578385269,1,1.776038647,1,1.790108696,1,"foten",4,"average",NA,20.97871872,12.01413641,2.959762698,33.28134435,"EXCLUSION",TRUE,TRUE,FALSE,FALSE,TRUE,TRUE
"2023-10","Elegible","Vulnerabilidad Elevada",1,1,2.578385269,1,1.776038647,2.823478261,2.580217391,1.043888889,"sotap",1,"low",NA,8.975915299,32.85812825,3.184241129,41.06549005,"INCLUSION",TRUE,TRUE,FALSE,FALSE,FALSE,TRUE
"2024-05","No Elegible","Vulnerabilidad Baja",1,1,1,1,1,1.498900966,1.790108696,1,"fomon",2,"low",-500,0,10.02735341,2.279861825,9.70466315,"EXCLUSION",TRUE,TRUE,FALSE,FALSE,TRUE,TRUE
"2023-09","Elegible","Vulnerabilidad Baja",1,1,1,1,1.776038647,2.117608696,1.790108696,1,"sotap",2,"low",0,0,21.88512181,2.610810239,21.18083671,"INCLUSION",TRUE,TRUE,FALSE,FALSE,FALSE,TRUE
"2024-01","No Elegible","Vulnerabilidad Severa",1,1.525552408,2.578385269,1,1.776038647,2.823478261,2.580217391,2.544987923,"sotap",3,"complete",NA,13.7168894,50,3.803787298,62.54926262,"EXCLUSION",TRUE,TRUE,FALSE,TRUE,TRUE,TRUE
"2023-11","No Elegible por Duplicidad","Vulnerabilidad Elevada",2.700708215,1.525552408,2.578385269,1,1.776038647,1.498900966,1.790108696,1.043888889,"sotap",1,"low",NA,27.05638709,17.68003002,3.298804042,45.03815766,"EXCLUSION",TRUE,TRUE,FALSE,FALSE,FALSE,TRUE
"2023-11","Elegible","Vulnerabilidad Baja",1,1,1,1,1.776038647,1.498900966,2.580217391,1.043888889,"fomon",4,"average",0,0,22.80125306,2.636379315,22.06748594,"INCLUSION",TRUE,TRUE,FALSE,FALSE,FALSE,FALSE
"2024-06","No Elegible","Vulnerabilidad Elevada",2.070141643,1,2.578385269,1,1.776038647,2.823478261,2.580217391,1.043888889,"sotap",4,"average",-500,17.46888676,32.85812825,3.43704192,49.83177383,"EXCLUSION",TRUE,TRUE,FALSE,TRUE,TRUE,TRUE
"2023-07","Lista de Reserva","Vulnerabilidad Severa",2.070141643,1,1,1,1.776038647,2.823478261,2.580217391,2.544987923,"sotap",1,"low",NA,6.702282231,50,3.594991325,55.30891838,"EXCLUSION",FALSE,FALSE,FALSE,FALSE,FALSE,TRUE
"2024-05","No Elegible","Vulnerabilidad Moderada",1,1,1,1,1.776038647,2.823478261,1.790108696,1,"sotap",1,"low",NA,0,26.18890898,2.730928248,25.3461237,"EXCLUSION",TRUE,TRUE,FALSE,FALSE,FALSE,TRUE
"2024-05","No Elegible","Vulnerabilidad Moderada",1,1,1,1,1.776038647,2.823478261,1.790108696,1,"foten",2,"low",-500,0,26.18890898,2.730928248,25.3461237,"EXCLUSION",TRUE,TRUE,FALSE,FALSE,FALSE,TRUE
"2023-10","No Elegible","Vulnerabilidad Elevada",1,1,3.251728045,1,1.776038647,2.823478261,2.580217391,1,"foten",2,"average",0,11.51832969,32.12448674,3.23944252,42.97968969,"EXCLUSION",TRUE,TRUE,FALSE,TRUE,TRUE,TRUE
"2023-10","Elegible","Vulnerabilidad Elevada",1,1,3.251728045,1,1.776038647,2.823478261,1.790108696,1,"sotap",1,"low",0,11.51832969,26.18890898,3.073781497,37.23512476,"INCLUSION",TRUE,TRUE,FALSE,FALSE,FALSE,TRUE
"2023-11","Elegible","Vulnerabilidad Elevada",1,1,2.578385269,1,1.776038647,2.823478261,2.580217391,1,"sotap",3,"low",NA,8.975915299,32.12448674,3.163765312,40.35545786,"INCLUSION",TRUE,TRUE,FALSE,FALSE,FALSE,TRUE
"2024-01","No Elegible","Vulnerabilidad Elevada",1,1,2.578385269,1,1.776038647,2.823478261,2.580217391,1.043888889,"sotap",4,"average",0,8.975915299,32.85812825,3.184241129,41.06549005,"EXCLUSION",TRUE,TRUE,FALSE,FALSE,FALSE,TRUE
"2023-12","No Elegible","Vulnerabilidad Elevada",1,2.051104816,1,1,1.776038647,2.823478261,2.580217391,1,"sotap",1,"low",NA,6.609317356,32.12448674,3.093321436,37.91270043,"EXCLUSION",FALSE,TRUE,FALSE,FALSE,FALSE,TRUE
"2024-03","No Elegible","Vulnerabilidad Moderada",2.070141643,1,1.249197356,1,1.776038647,2.117608696,1.790108696,1.043888889,"sotap",1,"low",0,9.00737574,22.50821784,2.896313237,31.08112298,"EXCLUSION",TRUE,TRUE,FALSE,FALSE,FALSE,TRUE
"2024-05","No Elegible","Vulnerabilidad Moderada",2.700708215,1,1,1,1.776038647,1,2.580217391,1,"sotap",4,"average",NA,9.472088355,16.59309681,2.74505574,25.83602399,"EXCLUSION",TRUE,FALSE,FALSE,FALSE,FALSE,TRUE
"2023-11","No Elegible","Vulnerabilidad Baja",1,1,1,1,1.776038647,2.117608696,1,1.043888889,"fupal",2,"average",0,0,14.60519526,2.407628657,14.13518547,"EXCLUSION",TRUE,TRUE,FALSE,TRUE,TRUE,TRUE
"2023-08","No Elegible","Vulnerabilidad Elevada",1,2.051104816,1,1,1.776038647,2.823478261,1.790108696,1,"sotap",1,"low",NA,6.609317356,26.18890898,2.927660413,32.1681355,"EXCLUSION",TRUE,FALSE,FALSE,FALSE,FALSE,TRUE
"2024-03","No Elegible","Vulnerabilidad Elevada",1,1,2.578385269,1,1.776038647,2.117608696,2.580217391,1.043888889,"sotap",1,"low",500,8.975915299,28.09152966,3.051206127,36.45228537,"EXCLUSION",TRUE,TRUE,FALSE,FALSE,FALSE,TRUE
"2024-03","Elegible","Vulnerabilidad Baja",2.700708215,1,1.249197356,1,1.776038647,1.498900966,1,1,"sotap",1,"low",NA,11.93561888,9.93697889,2.632613717,21.936916,"INCLUSION",TRUE,TRUE,FALSE,FALSE,FALSE,TRUE
"2023-08","Elegible","Vulnerabilidad Baja",1,1.525552408,2.578385269,1,1,1,1.790108696,1,"pcr_cdmx",4,"average",0,13.7168894,5.614422911,2.564992962,19.59205779,"INCLUSION",TRUE,TRUE,FALSE,FALSE,FALSE,TRUE
"2023-08","Lista de Reserva","Vulnerabilidad Elevada",2.700708215,1,2.578385269,1,1.776038647,2.823478261,1.790108696,1,"sotap",2,"average",NA,20.97871872,26.18890898,3.355378326,46.99995857,"EXCLUSION",FALSE,TRUE,FALSE,TRUE,TRUE,TRUE
"2024-05","No Elegible","Vulnerabilidad Moderada",1,1,2.578385269,1,1,2.117608696,2.580217391,1.043888889,"sotap",1,"low",0,8.975915299,19.54126117,2.812569505,28.17717307,"EXCLUSION",TRUE,FALSE,TRUE,FALSE,FALSE,TRUE
"2024-06","Elegible","Vulnerabilidad Elevada",1,1,2.578385269,1,1.776038647,2.823478261,1.790108696,1,"sotap",3,"average",0,8.975915299,26.18890898,2.998104289,34.61089293,"INCLUSION",TRUE,TRUE,FALSE,TRUE,TRUE,TRUE
"2024-01","No Elegible","Vulnerabilidad Baja",1,1,1,1,1.776038647,1.498900966,1.790108696,1,"foten",1,"low",NA,0,17.10850297,2.477495573,16.55793424,"EXCLUSION",TRUE,FALSE,FALSE,FALSE,FALSE,TRUE
"2024-02","No Elegible","Vulnerabilidad Moderada",1,1,2.578385269,1,1.776038647,2.117608696,1.790108696,1,"foten",1,"low",NA,8.975915299,21.88512181,2.877986279,30.44560593,"EXCLUSION",TRUE,TRUE,FALSE,FALSE,FALSE,TRUE
"2024-06","Lista de Reserva","Vulnerabilidad Baja",1,1,1,1,1,2.117608696,1.790108696,1,"pcr_cdmx",1,"low",NA,0,14.16503897,2.395343965,13.70919385,"EXCLUSION",TRUE,FALSE,FALSE,FALSE,FALSE,TRUE
"2024-04","Elegible","Vulnerabilidad Elevada",1,2.051104816,2.578385269,1,1.776038647,2.823478261,1.790108696,1.043888889,"futij",1,"low",NA,17.3510839,26.85846924,3.266085893,43.90359597,"INCLUSION",TRUE,TRUE,FALSE,FALSE,FALSE,TRUE
"2024-05","Lista de Reserva","Vulnerabilidad Baja",1,1,1,1,1.776038647,1.498900966,1.790108696,1,"futij",2,"average",0,0,17.10850297,2.477495573,16.55793424,"EXCLUSION",TRUE,TRUE,FALSE,TRUE,TRUE,TRUE
"2024-02","No Elegible","Vulnerabilidad Baja",2.700708215,1,1,1,1,1,1.790108696,1,"sotap",1,"low",NA,9.472088355,5.614422911,2.438642712,15.2106548,"EXCLUSION",FALSE,FALSE,FALSE,FALSE,FALSE,TRUE
"2024-05","Elegible","Vulnerabilidad Baja",1,1,1,1,1,2.117608696,1,1,"foten",3,"average",NA,0,7.392265486,2.206316944,7.15437499,"INCLUSION",TRUE,TRUE,FALSE,TRUE,TRUE,TRUE
"2023-11","Lista de Reserva","Vulnerabilidad Baja",1,1,1,1.564135978,1,1,1,1,"pcr_cdmx",1,"low",NA,3.975239986,0,2.118326527,4.103167184,"EXCLUSION",TRUE,TRUE,FALSE,FALSE,FALSE,TRUE
"2023-10","Lista de Reserva","Vulnerabilidad Elevada",2.070141643,1,1,1,1.776038647,2.823478261,2.580217391,1.043888889,"sotap",2,"average",NA,6.702282231,32.85812825,3.116564434,38.7186892,"EXCLUSION",TRUE,TRUE,FALSE,TRUE,TRUE,TRUE
"2023-08","No Elegible","Vulnerabilidad Moderada",1,1.525552408,1,1,1.776038647,2.117608696,1.790108696,1,"sotap",1,"low",0,3.741369748,21.88512181,2.722175411,25.04260747,"EXCLUSION",TRUE,TRUE,FALSE,FALSE,FALSE,TRUE
"2024-01","Lista de Reserva","Vulnerabilidad Baja",1,1.525552408,1,1,1,2.117608696,1,1,"sotap",3,"average",0,3.741369748,7.392265486,2.317682116,11.01614576,"EXCLUSION",TRUE,TRUE,FALSE,TRUE,FALSE,TRUE
"2024-03","No Elegible","Vulnerabilidad Baja",1,1,1,1,1.776038647,1.498900966,1.790108696,1,"sotap",2,"low",NA,0,17.10850297,2.477495573,16.55793424,"EXCLUSION",TRUE,FALSE,FALSE,FALSE,FALSE,TRUE
"2024-03","No Elegible","Vulnerabilidad Moderada",1,2.051104816,2.578385269,1,1.776038647,1,1.790108696,1,"sotap",1,"low",NA,17.3510839,12.01413641,2.851782945,29.53696862,"EXCLUSION",FALSE,FALSE,FALSE,FALSE,FALSE,TRUE
"2024-02","Lista de Reserva","Vulnerabilidad Baja",1,1,1,1,1.776038647,1,1.790108696,1,"foten",1,"low",0,0,12.01413641,2.33531262,11.62750949,"EXCLUSION",TRUE,TRUE,FALSE,FALSE,FALSE,TRUE
"2023-06","No Elegible","Vulnerabilidad Baja",1,1,1,1,1.776038647,1,1.790108696,1,"sotap",3,"low",0,0,12.01413641,2.33531262,11.62750949,"EXCLUSION",TRUE,TRUE,FALSE,FALSE,TRUE,TRUE
"2024-06","No Elegible","Vulnerabilidad Baja",1,1,1,1,1.776038647,1,1.790108696,1,"sotap",1,"low",NA,0,12.01413641,2.33531262,11.62750949,"EXCLUSION",TRUE,TRUE,FALSE,FALSE,FALSE,TRUE
"2023-06","Lista de Reserva","Vulnerabilidad Baja",1,1,1,1,1.776038647,2.117608696,1,1,"sotap",1,"low",0,0,14.06650994,2.392594036,13.61383558,"EXCLUSION",TRUE,FALSE,FALSE,FALSE,FALSE,TRUE
"2023-09","No Elegible","Vulnerabilidad Elevada",1,1,3.251728045,1,1.776038647,2.823478261,2.580217391,1,"foten",3,"average",NA,11.51832969,32.12448674,3.23944252,42.97968969,"EXCLUSION",TRUE,FALSE,FALSE,FALSE,FALSE,TRUE
"2024-05","No Elegible","Vulnerabilidad Moderada",1,1,1,1,1.776038647,2.823478261,1.790108696,1.043888889,"sotap",4,"average",0,0,26.85846924,2.749615568,25.99413684,"EXCLUSION",TRUE,TRUE,FALSE,FALSE,TRUE,TRUE
"2024-04","Lista de Reserva","Vulnerabilidad Moderada",1,1,1,1,1.776038647,2.823478261,2.580217391,1,"sotap",3,"average",0,0,32.12448674,2.896589272,31.09068863,"EXCLUSION",TRUE,TRUE,TRUE,FALSE,FALSE,TRUE
"2024-02","No Elegible","Vulnerabilidad Elevada",2.700708215,1,3.251728045,1,1.776038647,2.117608696,2.580217391,1,"sotap",4,"average",NA,24.2379543,27.40879931,3.486439293,51.54471265,"EXCLUSION",TRUE,TRUE,FALSE,FALSE,FALSE,TRUE
"2024-05","Lista de Reserva","Vulnerabilidad Moderada",1,1,2.578385269,1,1,2.823478261,1.790108696,1.043888889,"sotap",3,"average",0,8.975915299,18.47313819,2.782758364,27.14342336,"EXCLUSION",TRUE,TRUE,FALSE,FALSE,FALSE,TRUE
"2024-03","Lista de Reserva","Vulnerabilidad Baja",1,1,2.578385269,1,1.776038647,1,1.790108696,1.043888889,"fomon",3,"low",NA,8.975915299,12.53066404,2.616904864,21.39218397,"EXCLUSION",TRUE,TRUE,FALSE,FALSE,FALSE,TRUE
"2023-09","No Elegible","Vulnerabilidad Baja",1,1,1,1,1,1.498900966,1.790108696,1,"pcr_cdmx",1,"low",NA,0,10.02735341,2.279861825,9.70466315,"EXCLUSION",FALSE,FALSE,FALSE,FALSE,FALSE,TRUE
"2024-04","No Elegible","Vulnerabilidad Elevada",1,1,2.578385269,1,1.776038647,2.823478261,1.790108696,1,"sotap",2,"low",0,8.975915299,26.18890898,2.998104289,34.61089293,"EXCLUSION",TRUE,TRUE,FALSE,FALSE,FALSE,TRUE
"2024-03","Lista de Reserva","Vulnerabilidad Moderada",2.700708215,1,1,1,1.776038647,2.117608696,1.790108696,1,"sotap",2,"low",0,9.472088355,21.88512181,2.892755308,30.95774634,"EXCLUSION",TRUE,TRUE,FALSE,FALSE,FALSE,TRUE
"2024-01","Elegible por Proceso Acelerado","Vulnerabilidad Elevada",2.700708215,1,1.249197356,1,1.776038647,2.117608696,1.790108696,1,"foten",3,"average",0,11.93561888,21.88512181,2.966084469,33.50055574,"INCLUSION",TRUE,TRUE,FALSE,TRUE,TRUE,TRUE
"2024-02","No Elegible","Vulnerabilidad Baja",1,1,1.249197356,1,1,1.498900966,1.790108696,1,"sotap",1,"low",NA,1.921713018,10.02735341,2.337063309,11.68821881,"EXCLUSION",TRUE,TRUE,FALSE,FALSE,FALSE,TRUE
"2023-07","No Elegible","Vulnerabilidad Baja",2.070141643,1,1,1,1,1,1.790108696,1.043888889,"sotap",1,"low",0,6.702282231,6.061858428,2.368684842,12.78475014,"EXCLUSION",TRUE,TRUE,FALSE,FALSE,FALSE,TRUE
"2024-02","No Elegible","Vulnerabilidad Elevada",2.070141643,1,1,1,1.776038647,2.823478261,2.580217391,1.043888889,"sotap",1,"low",0,6.702282231,32.85812825,3.116564434,38.7186892,"EXCLUSION",TRUE,TRUE,FALSE,FALSE,FALSE,TRUE
"2023-07","Lista de Reserva","Vulnerabilidad Elevada",1,1.525552408,2.578385269,1,1.776038647,2.823478261,1.790108696,1,"sotap",1,"low",NA,13.7168894,26.18890898,3.139223567,39.50443632,"EXCLUSION",FALSE,TRUE,FALSE,FALSE,FALSE,TRUE
"2023-06","Lista de Reserva","Vulnerabilidad Moderada",1.599560907,1,1,1,1.776038647,2.823478261,1.790108696,1.043888889,"sotap",1,"low",NA,4.186184624,26.85846924,2.874221048,30.31503707,"EXCLUSION",TRUE,FALSE,FALSE,FALSE,FALSE,TRUE
"2024-02","Elegible","Vulnerabilidad Baja",1,1,1,1,1,1,1.790108696,1.043888889,"foten",1,"low",0,0,6.061858428,2.169185496,5.866781762,"INCLUSION",TRUE,TRUE,FALSE,FALSE,FALSE,TRUE
"2024-02","No Elegible","Vulnerabilidad Baja",1,1,2.578385269,1,1,1,1,1,"sotap",1,"low",NA,8.975915299,0,2.267176041,9.264769229,"EXCLUSION",TRUE,FALSE,FALSE,FALSE,FALSE,TRUE
"2023-07","No Elegible","Vulnerabilidad Elevada",2.070141643,1,3.251728045,1,1.776038647,1,2.580217391,2.544987923,"sotap",4,"average",0,20.51851115,30.38303782,3.458737305,50.58409864,"EXCLUSION",TRUE,FALSE,FALSE,FALSE,FALSE,FALSE
"2023-09","No Elegible","Vulnerabilidad Elevada",1,1,2.578385269,1,1.776038647,2.117608696,2.580217391,1,"sotap",3,"average",0,8.975915299,27.40879931,3.032151233,35.79152597,"EXCLUSION",TRUE,TRUE,FALSE,TRUE,FALSE,FALSE
"2023-11","No Elegible","Vulnerabilidad Elevada",1,1,2.578385269,1,1.776038647,2.823478261,1.790108696,1.043888889,"foten",1,"low",NA,8.975915299,26.85846924,3.016791609,35.25890607,"EXCLUSION",FALSE,TRUE,FALSE,FALSE,FALSE,TRUE
"2024-02","No Elegible por Intenciones","Vulnerabilidad Severa",2.700708215,2.051104816,3.251728045,1,1.776038647,2.823478261,1.790108696,1,"sotap",2,"low",NA,35.61565687,26.18890898,3.791059708,62.10792802,"EXCLUSION",TRUE,TRUE,FALSE,FALSE,FALSE,TRUE
"2024-02","No Elegible","Vulnerabilidad Baja",1,1,1,1,1.776038647,2.117608696,1.790108696,1,"fupal",1,"low",NA,0,21.88512181,2.610810239,21.18083671,"EXCLUSION",TRUE,TRUE,FALSE,FALSE,FALSE,TRUE
"2023-08","No Elegible","Vulnerabilidad Elevada",1,1.525552408,2.578385269,1,1.776038647,2.823478261,1.790108696,1,"sotap",1,"low",0,13.7168894,26.18890898,3.139223567,39.50443632,"EXCLUSION",TRUE,TRUE,FALSE,FALSE,FALSE,TRUE
"2024-06","No Elegible","Vulnerabilidad Elevada",2.070141643,1,1,1,1.776038647,1,2.580217391,2.544987923,"sotap",2,"low",0,6.702282231,30.38303782,3.047485057,36.32324966,"EXCLUSION",TRUE,TRUE,TRUE,FALSE,FALSE,TRUE
"2023-12","Lista de Reserva","Vulnerabilidad Baja",1,1.525552408,1,1,1,1.498900966,1,1,"sotap",4,"average",0,3.741369748,3.815111519,2.217844323,7.554108183,"EXCLUSION",TRUE,TRUE,FALSE,TRUE,TRUE,TRUE
"2023-07","Lista de Reserva","Vulnerabilidad Elevada",2.070141643,1,1,1,1.776038647,1.498900966,2.580217391,2.544987923,"sotap",1,"low",NA,6.702282231,37.43330939,3.244257006,43.14663644,"EXCLUSION",TRUE,TRUE,FALSE,FALSE,FALSE,TRUE
"2023-11","No Elegible","Vulnerabilidad Moderada",2.070141643,1,1.249197356,1.564135978,1,1.498900966,1.790108696,1.043888889,"sotap",6,"average",NA,14.04842721,10.52243148,2.711843209,24.68432876,"EXCLUSION",TRUE,TRUE,FALSE,FALSE,FALSE,TRUE
"2023-09","Elegible","Vulnerabilidad Elevada",2.070141643,1,1,1,1.776038647,2.117608696,2.580217391,2.544987923,"sotap",1,"low",NA,6.702282231,44.04383881,3.428755821,49.54443241,"INCLUSION",TRUE,TRUE,FALSE,FALSE,FALSE,TRUE
"2023-10","No Elegible","Vulnerabilidad Elevada",2.700708215,1,3.251728045,1,1.776038647,1.498900966,1.790108696,1,"sotap",2,"complete",NA,24.2379543,17.10850297,3.198959675,41.57589014,"EXCLUSION",TRUE,TRUE,FALSE,TRUE,TRUE,TRUE
"2024-05","No Elegible","Vulnerabilidad Baja",1,1,1,1,1,1.498900966,1,1,"fupal",2,"average",NA,0,3.815111519,2.10647915,3.692337415,"EXCLUSION",TRUE,TRUE,FALSE,TRUE,TRUE,TRUE
"2024-03","Elegible","Vulnerabilidad Baja",1,1,1,1,1,2.117608696,1.790108696,1,"sotap",2,"average",0,0,14.16503897,2.395343965,13.70919385,"INCLUSION",TRUE,TRUE,FALSE,TRUE,TRUE,TRUE
"2024-03","Elegible","Vulnerabilidad Elevada",1,2.051104816,2.578385269,1,1.776038647,2.823478261,2.580217391,1.043888889,"sotap",4,"average",-500,17.3510839,32.85812825,3.433535414,49.71017996,"INCLUSION",TRUE,TRUE,FALSE,FALSE,FALSE,TRUE
"2023-08","Lista de Reserva","Vulnerabilidad Elevada",2.700708215,1,2.578385269,1,1.776038647,2.117608696,2.580217391,1,"foten",2,"average",0,20.97871872,27.40879931,3.389425269,48.18059161,"EXCLUSION",TRUE,TRUE,FALSE,TRUE,TRUE,TRUE
"2024-02","No Elegible","Vulnerabilidad Baja",2.700708215,1,1,1,1,1,1,1,"pcr_cdmx",4,"low",0,9.472088355,0,2.28194507,9.77690963,"EXCLUSION",TRUE,TRUE,FALSE,FALSE,FALSE,TRUE
"2024-01","Elegible","Vulnerabilidad Baja",1,1,1,1,1.776038647,1,1.790108696,1,"sotap",3,"average",NA,0,12.01413641,2.33531262,11.62750949,"INCLUSION",TRUE,TRUE,FALSE,FALSE,FALSE,TRUE
"2023-09","Elegible","Vulnerabilidad Elevada",1,1,1,1.564135978,1.776038647,1.498900966,2.580217391,1.738466184,"sotap",2,"low",0,3.975239986,30.77500505,2.977251981,33.8878018,"INCLUSION",FALSE,FALSE,FALSE,FALSE,FALSE,TRUE
"2023-08","Elegible","Vulnerabilidad Moderada",1,1,1.249197356,1,1.776038647,2.823478261,1.790108696,1.043888889,"sotap",1,"low",0,1.921713018,26.85846924,2.806817052,27.97769251,"INCLUSION",TRUE,TRUE,FALSE,FALSE,FALSE,TRUE
"2024-04","No Elegible","Vulnerabilidad Moderada",2.700708215,2.051104816,2.578385269,1,1,1,1,1,"fupal",1,"low",0,31.71522481,0,2.944031657,32.73585246,"EXCLUSION",TRUE,TRUE,FALSE,FALSE,FALSE,TRUE
"2024-01","Elegible","Vulnerabilidad Moderada",1,1,1,1,1.776038647,2.823478261,1.790108696,1,"sotap",1,"low",NA,0,26.18890898,2.730928248,25.3461237,"INCLUSION",TRUE,FALSE,FALSE,FALSE,FALSE,TRUE
"2023-07","No Elegible","Vulnerabilidad Elevada",1,1,1.249197356,1.564135978,1.776038647,2.823478261,1.790108696,1.043888889,"sotap",1,"low",-500,6.124342631,26.85846924,2.931912031,32.31556694,"EXCLUSION",TRUE,TRUE,FALSE,FALSE,FALSE,TRUE
"2024-05","Elegible","Vulnerabilidad Baja",1,1,2.578385269,1,1.776038647,1,1.790108696,1,"sotap",1,"low",0,8.975915299,12.01413641,2.602488661,20.89227872,"INCLUSION",TRUE,TRUE,FALSE,FALSE,FALSE,TRUE
"2024-01","Lista de Reserva","Vulnerabilidad Baja",1,1.525552408,1,1.564135978,1,2.117608696,1,1,"sotap",4,"low",0,8.159313021,7.392265486,2.449186097,15.57626286,"EXCLUSION",TRUE,TRUE,FALSE,FALSE,FALSE,TRUE
"2023-09","No Elegible","Vulnerabilidad Baja",1,1,1,1,1,2.823478261,1.790108696,1,"sotap",1,"low",NA,0,17.8931401,2.49939467,17.31732096,"EXCLUSION",TRUE,TRUE,FALSE,FALSE,FALSE,TRUE
"2024-05","No Elegible","Vulnerabilidad Moderada",1,1.525552408,1,1,1.776038647,2.823478261,1.790108696,1,"sotap",6,"average",NA,3.741369748,26.18890898,2.842293421,29.20789447,"EXCLUSION",TRUE,FALSE,FALSE,FALSE,FALSE,TRUE
"2023-07","No Elegible","Vulnerabilidad Baja",1,1,1,1,1,1.498900966,1,1,"sotap",4,"average",NA,0,3.815111519,2.10647915,3.692337415,"EXCLUSION",TRUE,TRUE,FALSE,FALSE,FALSE,TRUE
"2024-05","No Elegible","Vulnerabilidad Baja",1,1,1,1,1.776038647,1,1.790108696,1,"pcr_cdmx",1,"low",0,0,12.01413641,2.33531262,11.62750949,"EXCLUSION",TRUE,TRUE,FALSE,FALSE,FALSE,TRUE
"2023-10","Elegible","Vulnerabilidad Elevada",2.700708215,1,2.578385269,1,1.776038647,2.117608696,1.790108696,1,"foten",5,"high",NA,20.97871872,21.88512181,3.235260316,42.83467157,"INCLUSION",TRUE,TRUE,FALSE,FALSE,FALSE,TRUE
"2023-07","No Elegible","Vulnerabilidad Baja",1,1,1,1.564135978,1,1,2.580217391,1,"sotap",1,"low",NA,3.975239986,9.580889352,2.385727611,13.37573394,"EXCLUSION",TRUE,FALSE,FALSE,FALSE,FALSE,TRUE
"2023-12","No Elegible","Vulnerabilidad Baja",1,1,2.578385269,1,1,1.498900966,1.790108696,1,"fusal",1,"low",NA,8.975915299,10.02735341,2.547037866,18.96943238,"EXCLUSION",TRUE,TRUE,FALSE,FALSE,FALSE,TRUE
"2023-07","Lista de Reserva","Vulnerabilidad Baja",1,1,2.578385269,1,1.776038647,2.117608696,1,1,"sotap",1,"low",NA,8.975915299,14.06650994,2.659770077,22.87860481,"EXCLUSION",TRUE,FALSE,FALSE,FALSE,FALSE,TRUE
"2024-06","No Elegible","Vulnerabilidad Baja",1,1,1,1,1,2.117608696,1.790108696,1,"sotap",1,"low",500,0,14.16503897,2.395343965,13.70919385,"EXCLUSION",TRUE,TRUE,FALSE,FALSE,FALSE,TRUE
"2024-05","No Elegible","Vulnerabilidad Elevada",2.070141643,1,1,1,1.776038647,2.117608696,2.580217391,1.043888889,"sotap",5,"low",0,6.702282231,28.09152966,2.983529432,34.10548452,"EXCLUSION",TRUE,TRUE,FALSE,FALSE,FALSE,TRUE
"2024-04","No Elegible","Vulnerabilidad Baja",1,1,1,1,1.776038647,2.117608696,1.790108696,1.043888889,"sotap",1,"low",0,0,22.50821784,2.628200749,21.78388088,"EXCLUSION",TRUE,TRUE,FALSE,FALSE,FALSE,TRUE
"2024-04","No Elegible","Vulnerabilidad Elevada",2.700708215,1,1.249197356,1,1.776038647,2.823478261,1.790108696,1.043888889,"foten",4,"average",NA,11.93561888,26.85846924,3.104889798,38.31385587,"EXCLUSION",TRUE,TRUE,FALSE,FALSE,TRUE,TRUE
"2023-08","Elegible","Vulnerabilidad Baja",1,1,1,1,1,2.117608696,1.790108696,1,"sotap",1,"low",0,0,14.16503897,2.395343965,13.70919385,"INCLUSION",TRUE,TRUE,FALSE,FALSE,FALSE,TRUE
"2024-01","No Elegible","Vulnerabilidad Baja",1,1,1,1,1.776038647,1,1.790108696,1,"sotap",2,"low",0,0,12.01413641,2.33531262,11.62750949,"EXCLUSION",TRUE,TRUE,FALSE,FALSE,FALSE,TRUE
"2023-08","No Elegible por Intenciones","Vulnerabilidad Baja",1,1,2.578385269,1,1,1.498900966,1.790108696,1.043888889,"fomon",1,"low",NA,8.975915299,10.52243148,2.560855415,19.44857834,"EXCLUSION",TRUE,TRUE,FALSE,FALSE,FALSE,TRUE
"2023-06","No Elegible","Vulnerabilidad Baja",1,1,1,1,1.776038647,1,1.790108696,1,"sotap",1,"low",0,0,12.01413641,2.33531262,11.62750949,"EXCLUSION",TRUE,TRUE,FALSE,FALSE,FALSE,TRUE
"2024-05","Lista de Reserva","Vulnerabilidad Baja",1,1,1,1,1.776038647,1,2.580217391,1,"sotap",1,"low",NA,0,16.59309681,2.46311067,16.05911436,"EXCLUSION",TRUE,TRUE,FALSE,FALSE,FALSE,TRUE
"2024-04","Elegible","Vulnerabilidad Baja",1,1,1,1,1,1.498900966,1.790108696,1,"sotap",1,"low",0,0,10.02735341,2.279861825,9.70466315,"INCLUSION",TRUE,TRUE,FALSE,FALSE,FALSE,FALSE
"2024-06","No Elegible","Vulnerabilidad Moderada",1,1.525552408,1,1,1.776038647,2.117608696,2.580217391,1,"fupal",1,"low",NA,3.741369748,27.40879931,2.876340364,30.38852751,"EXCLUSION",TRUE,TRUE,FALSE,FALSE,FALSE,TRUE
"2024-05","No Elegible","Vulnerabilidad Baja",1,1,1,1,1.776038647,1.498900966,1.790108696,1,"sotap",1,"low",0,0,17.10850297,2.477495573,16.55793424,"EXCLUSION",TRUE,TRUE,FALSE,FALSE,FALSE,FALSE
"2024-05","No Elegible","Vulnerabilidad Moderada",1,1.525552408,1.249197356,1,1.776038647,2.117608696,1.790108696,1.043888889,"sotap",1,"low",NA,5.877094669,22.50821784,2.803137659,27.85010633,"EXCLUSION",TRUE,TRUE,FALSE,FALSE,FALSE,TRUE
"2024-01","Lista de Reserva","Vulnerabilidad Elevada",1,1,3.251728045,1,1.776038647,2.823478261,2.580217391,1,"foten",3,"average",0,11.51832969,32.12448674,3.23944252,42.97968969,"EXCLUSION",TRUE,TRUE,FALSE,FALSE,FALSE,TRUE
"2023-12","Elegible","Vulnerabilidad Elevada",2.070141643,1,1,1,1.776038647,2.117608696,2.580217391,1.043888889,"sotap",2,"complete",NA,6.702282231,28.09152966,2.983529432,34.10548452,"INCLUSION",TRUE,TRUE,FALSE,TRUE,TRUE,TRUE
"2024-03","Lista de Reserva","Vulnerabilidad Elevada",1,1,2.578385269,1,1.776038647,2.823478261,1.790108696,1.043888889,"sotap",3,"average",0,8.975915299,26.85846924,3.016791609,35.25890607,"EXCLUSION",TRUE,TRUE,FALSE,FALSE,FALSE,TRUE
"2023-06","No Elegible","Vulnerabilidad Baja",1,1.525552408,1,1,1,1,1.790108696,1,"futij",4,"average",0,3.741369748,5.614422911,2.268062815,9.295515935,"EXCLUSION",TRUE,TRUE,FALSE,FALSE,FALSE,TRUE
"2023-08","No Elegible","Vulnerabilidad Moderada",1,1.525552408,1,1,1.776038647,2.117608696,2.580217391,1.043888889,"sotap",1,"low",NA,3.741369748,28.09152966,2.895395259,31.04928691,"EXCLUSION",TRUE,TRUE,FALSE,FALSE,FALSE,TRUE
"2023-08","No Elegible","Vulnerabilidad Baja",1,1,2.578385269,1,1,1,1.790108696,1,"fupal",1,"low",0,8.975915299,5.614422911,2.423873683,14.6985144,"EXCLUSION",TRUE,TRUE,FALSE,FALSE,FALSE,TRUE
"2023-07","Lista de Reserva","Vulnerabilidad Baja",1,1,1,1,1.776038647,1.498900966,1.790108696,1,"sotap",4,"average",NA,0,17.10850297,2.477495573,16.55793424,"EXCLUSION",TRUE,TRUE,FALSE,FALSE,TRUE,TRUE
"2024-02","Elegible por Proceso Acelerado","Vulnerabilidad Baja",1,1,1,1,1.776038647,2.117608696,1.790108696,1,"fomon",1,"low",NA,0,21.88512181,2.610810239,21.18083671,"INCLUSION",TRUE,TRUE,FALSE,FALSE,FALSE,TRUE
"2023-08","Lista de Reserva","Vulnerabilidad Moderada",1,1,1,1,1.776038647,2.117608696,2.580217391,1.043888889,"sotap",3,"low",NA,0,28.09152966,2.784030087,27.18751614,"EXCLUSION",TRUE,TRUE,FALSE,FALSE,FALSE,TRUE
"2024-05","Lista de Reserva","Vulnerabilidad Baja",1,1,1,1,1.776038647,2.117608696,1.790108696,1,"foten",1,"low",NA,0,21.88512181,2.610810239,21.18083671,"EXCLUSION",FALSE,FALSE,FALSE,FALSE,FALSE,TRUE
"2023-12","Elegible","Vulnerabilidad Elevada",2.070141643,1,3.251728045,1,1.776038647,2.117608696,2.580217391,1.043888889,"sotap",6,"average",NA,20.51851115,28.09152966,3.39478168,48.3663335,"INCLUSION",TRUE,TRUE,FALSE,FALSE,FALSE,TRUE
"2024-05","Lista de Reserva","Vulnerabilidad Baja",1,1,1,1,1.776038647,1,1.790108696,1,"sotap",1,"low",NA,0,12.01413641,2.33531262,11.62750949,"EXCLUSION",TRUE,TRUE,FALSE,FALSE,FALSE,TRUE
"2023-07","No Elegible","Vulnerabilidad Moderada",1,1,1,1,1.776038647,2.117608696,2.580217391,1,"sotap",2,"low",-500,0,27.40879931,2.764975192,26.52675674,"EXCLUSION",TRUE,TRUE,FALSE,FALSE,FALSE,TRUE
"2023-08","Elegible","Vulnerabilidad Baja",1,1,1,1,1,2.117608696,1.790108696,1,"sotap",1,"low",NA,0,14.16503897,2.395343965,13.70919385,"INCLUSION",TRUE,TRUE,FALSE,FALSE,FALSE,TRUE
"2024-02","Elegible","Vulnerabilidad Baja",1,1,2.578385269,1,1,1.498900966,1,1,"pcr_cdmx",1,"low",NA,8.975915299,3.815111519,2.373655191,12.95710664,"INCLUSION",TRUE,TRUE,FALSE,FALSE,FALSE,TRUE
"2024-01","Elegible","Vulnerabilidad Moderada",1,1.525552408,2.578385269,1,1.776038647,1,1.790108696,1,"pcr_cdmx",2,"average",NA,13.7168894,12.01413641,2.743607939,25.7858221,"INCLUSION",TRUE,FALSE,FALSE,FALSE,TRUE,TRUE
"2023-06","No Elegible","Vulnerabilidad Elevada",1,2.051104816,1,1,1.776038647,2.823478261,1.790108696,1,"sotap",1,"low",NA,6.609317356,26.18890898,2.927660413,32.1681355,"EXCLUSION",FALSE,FALSE,FALSE,FALSE,FALSE,TRUE
"2024-07","Lista de Reserva","Vulnerabilidad Baja",1,1,1,1,1,1,1.790108696,1,"foten",1,"low",NA,0,5.614422911,2.156697643,5.433745167,"EXCLUSION",TRUE,TRUE,FALSE,FALSE,FALSE,TRUE
"2023-11","No Elegible","Vulnerabilidad Elevada",2.700708215,1,2.578385269,1,1.776038647,2.823478261,1.790108696,1,"sotap",1,"low",0,20.97871872,26.18890898,3.355378326,46.99995857,"EXCLUSION",FALSE,TRUE,FALSE,FALSE,FALSE,TRUE
"2024-05","No Elegible","Vulnerabilidad Severa",2.070141643,1,2.578385269,1,1.776038647,2.823478261,1.790108696,2.544987923,"sotap",5,"low",0,17.46888676,42.50305317,3.706230227,59.16631542,"EXCLUSION",FALSE,TRUE,FALSE,FALSE,FALSE,TRUE
"2024-03","No Elegible","Vulnerabilidad Elevada",2.070141643,1,2.578385269,1,1.776038647,2.117608696,1.790108696,1.043888889,"foten",1,"low",NA,17.46888676,22.50821784,3.148177581,39.81493389,"EXCLUSION",TRUE,TRUE,FALSE,FALSE,FALSE,TRUE
"2024-02","Elegible","Vulnerabilidad Moderada",2.700708215,1,3.251728045,1,1,1,1.790108696,1,"fupal",4,"average",NA,24.2379543,5.614422911,2.878161744,30.45170107,"INCLUSION",TRUE,TRUE,FALSE,FALSE,TRUE,TRUE
"2023-08","No Elegible por Intenciones","Vulnerabilidad Moderada",1,1,1,1,1.776038647,2.823478261,2.580217391,1,"sotap",1,"low",NA,0,32.12448674,2.896589272,31.09068863,"EXCLUSION",TRUE,TRUE,FALSE,FALSE,FALSE,TRUE
"2023-08","Elegible","Vulnerabilidad Elevada",1,1,1,1,1.776038647,2.823478261,2.580217391,1.738466184,"sotap",4,"average",NA,0,42.19960637,3.177784244,40.84158084,"INCLUSION",TRUE,TRUE,FALSE,FALSE,FALSE,TRUE
"2024-04","No Elegible","Vulnerabilidad Elevada",1,1,2.578385269,1,1.776038647,2.823478261,2.580217391,1,"sotap",3,"complete",0,8.975915299,32.12448674,3.163765312,40.35545786,"EXCLUSION",TRUE,TRUE,FALSE,FALSE,TRUE,TRUE
"2024-04","No Elegible","Vulnerabilidad Moderada",1,1,2.578385269,1,1.776038647,1.498900966,1.790108696,1.043888889,"sotap",5,"high",NA,8.975915299,17.68003002,2.760622842,26.3758382,"EXCLUSION",TRUE,TRUE,FALSE,FALSE,FALSE,FALSE
"2024-06","No Elegible","Vulnerabilidad Baja",2.070141643,1,1,1,1.776038647,1,2.580217391,1.043888889,"fupal",1,"low",NA,6.702282231,17.15905947,2.678405943,23.52483215,"EXCLUSION",TRUE,TRUE,FALSE,FALSE,FALSE,TRUE
"2023-12","No Elegible","Vulnerabilidad Baja",1,1,1,1,1.776038647,1.498900966,1.790108696,1,"sotap",2,"average",NA,0,17.10850297,2.477495573,16.55793424,"EXCLUSION",TRUE,FALSE,FALSE,TRUE,TRUE,FALSE
"2023-07","No Elegible","Vulnerabilidad Elevada",2.700708215,2.051104816,2.578385269,1,1,1,1,1,"sotap",2,"low",-500,31.71522481,0,2.944031657,32.73585246,"EXCLUSION",TRUE,TRUE,FALSE,FALSE,FALSE,TRUE
"2023-12","No Elegible","Vulnerabilidad Baja",1,1,1,1,1,1,1,1,"sotap",4,"average",NA,0,0,2,0,"EXCLUSION",TRUE,FALSE,FALSE,FALSE,FALSE,TRUE
"2024-01","No Elegible","Vulnerabilidad Elevada",1,1,3.251728045,1,1.776038647,2.117608696,1.790108696,1.043888889,"fupal",5,"low",0,11.51832969,22.50821784,2.971053998,33.67288194,"EXCLUSION",TRUE,TRUE,FALSE,FALSE,TRUE,TRUE
"2024-04","No Elegible","Vulnerabilidad Baja",1,1,1,1,1,1.498900966,1.790108696,1,"sotap",3,"average",0,0,10.02735341,2.279861825,9.70466315,"EXCLUSION",TRUE,TRUE,FALSE,FALSE,FALSE,TRUE
"2024-04","No Elegible por Intenciones","Vulnerabilidad Baja",1,1.525552408,1.249197356,1,1.776038647,1.498900966,1.790108696,1,"pcr_cdmx",2,"average",0,5.877094669,17.10850297,2.652432483,22.62415969,"EXCLUSION",TRUE,TRUE,FALSE,TRUE,TRUE,TRUE
"2023-08","Lista de Reserva","Vulnerabilidad Severa",2.700708215,2.051104816,3.251728045,1,1.776038647,1,2.580217391,1,"sotap",2,"average",NA,35.61565687,16.59309681,3.52324213,52.82091869,"EXCLUSION",FALSE,TRUE,FALSE,TRUE,TRUE,TRUE
"2024-05","Lista de Reserva","Vulnerabilidad Moderada",1,1,1,1,1.776038647,2.823478261,1.790108696,1,"foten",4,"average",NA,0,26.18890898,2.730928248,25.3461237,"EXCLUSION",FALSE,FALSE,FALSE,FALSE,FALSE,TRUE
"2024-03","No Elegible","Vulnerabilidad Baja",1,1.525552408,1,1,1,1,1,1,"sotap",2,"average",0,3.741369748,0,2.111365173,3.861770768,"EXCLUSION",TRUE,TRUE,FALSE,TRUE,TRUE,TRUE
"2023-10","No Elegible","Vulnerabilidad Baja",1,1,2.578385269,1,1,2.117608696,1.790108696,1,"sotap",1,"low",0,8.975915299,14.16503897,2.662520006,22.97396308,"EXCLUSION",TRUE,TRUE,FALSE,FALSE,FALSE,TRUE
"2024-06","Lista de Reserva","Vulnerabilidad Baja",1,1,1,1,1,1.498900966,1,1,"sotap",1,"low",NA,0,3.815111519,2.10647915,3.692337415,"EXCLUSION",TRUE,TRUE,FALSE,FALSE,FALSE,TRUE
"2023-10","Lista de Reserva","Vulnerabilidad Moderada",1,1.525552408,1,1,1.776038647,2.117608696,1.790108696,1,"sotap",1,"low",NA,3.741369748,21.88512181,2.722175411,25.04260747,"EXCLUSION",TRUE,TRUE,FALSE,FALSE,FALSE,TRUE
"2024-02","Lista de Reserva","Vulnerabilidad Moderada",1,1,1,1,1.776038647,2.823478261,2.580217391,1,"fupal",1,"low",0,0,32.12448674,2.896589272,31.09068863,"EXCLUSION",TRUE,TRUE,FALSE,FALSE,FALSE,TRUE
"2024-03","Elegible","Vulnerabilidad Moderada",2.700708215,1,3.251728045,1,1,1,1.790108696,1,"sotap",4,"average",NA,24.2379543,5.614422911,2.878161744,30.45170107,"INCLUSION",TRUE,FALSE,FALSE,FALSE,FALSE,TRUE
"2023-10","No Elegible por Duplicidad","Vulnerabilidad Baja",1,1,2.578385269,1,1,1,1.790108696,1,"sotap",4,"average",0,8.975915299,5.614422911,2.423873683,14.6985144,"EXCLUSION",TRUE,TRUE,FALSE,TRUE,TRUE,TRUE
"2023-09","No Elegible","Vulnerabilidad Elevada",2.070141643,1,2.578385269,1,1.776038647,2.823478261,1.790108696,1.043888889,"foten",4,"average",NA,17.46888676,26.85846924,3.2695924,44.02518985,"EXCLUSION",FALSE,TRUE,FALSE,FALSE,FALSE,TRUE
"2023-07","No Elegible por Duplicidad","Vulnerabilidad Baja",1,1.525552408,1,1,1.776038647,1,2.580217391,1,"pcr_cdmx",3,"low",0,3.741369748,16.59309681,2.574475843,19.92088513,"EXCLUSION",TRUE,TRUE,FALSE,FALSE,TRUE,TRUE
"2023-12","No Elegible","Vulnerabilidad Elevada",2.070141643,1,2.578385269,1,1.776038647,2.117608696,1.790108696,1.043888889,"foten",5,"high",NA,17.46888676,22.50821784,3.148177581,39.81493389,"EXCLUSION",TRUE,TRUE,FALSE,FALSE,FALSE,FALSE
"2023-08","Elegible","Vulnerabilidad Elevada",1,1,3.251728045,1,1.776038647,2.117608696,2.580217391,1.043888889,"fupal",3,"low",NA,11.51832969,28.09152966,3.126883335,39.0765172,"INCLUSION",TRUE,TRUE,TRUE,FALSE,FALSE,TRUE
"2023-10","No Elegible","Vulnerabilidad Baja",1,1,1,1,1.776038647,1.498900966,1.790108696,1,"sotap",1,"low",0,0,17.10850297,2.477495573,16.55793424,"EXCLUSION",TRUE,TRUE,FALSE,FALSE,FALSE,TRUE
"2023-06","No Elegible por Intenciones","Vulnerabilidad Elevada",1,1,2.578385269,1,1.776038647,2.823478261,1.790108696,1.043888889,"fupal",4,"average",NA,8.975915299,26.85846924,3.016791609,35.25890607,"EXCLUSION",TRUE,TRUE,FALSE,FALSE,TRUE,TRUE
"2023-06","No Elegible","Vulnerabilidad Baja",1,1,1,1,1,1,1.790108696,1,"sotap",4,"low",0,0,5.614422911,2.156697643,5.433745167,"EXCLUSION",TRUE,TRUE,FALSE,FALSE,TRUE,TRUE
"2024-03","No Elegible","Vulnerabilidad Elevada",2.700708215,1,1.249197356,1,1.776038647,2.823478261,2.580217391,1,"pcr_cdmx",2,"low",NA,11.93561888,32.12448674,3.251863502,43.41040766,"EXCLUSION",TRUE,TRUE,FALSE,FALSE,FALSE,TRUE
"2024-06","No Elegible","Vulnerabilidad Baja",2.070141643,1,1,1,1,1,1.790108696,1.043888889,"fupal",3,"low",NA,6.702282231,6.061858428,2.368684842,12.78475014,"EXCLUSION",TRUE,TRUE,FALSE,TRUE,FALSE,TRUE
"2023-11","Elegible","Vulnerabilidad Elevada",1,1,3.251728045,1,1.776038647,2.823478261,2.580217391,1,"sotap",2,"average",NA,11.51832969,32.12448674,3.23944252,42.97968969,"INCLUSION",TRUE,TRUE,FALSE,TRUE,TRUE,TRUE
"2024-04","No Elegible","Vulnerabilidad Elevada",2.070141643,1.525552408,1,1,1.776038647,1.498900966,1.790108696,2.544987923,"fupal",4,"average",NA,11.1900528,31.0340229,3.199236398,41.5854769,"EXCLUSION",FALSE,TRUE,FALSE,FALSE,TRUE,TRUE
"2023-10","No Elegible","Vulnerabilidad Baja",1,1.525552408,1,1,1.776038647,1.498900966,1.790108696,1,"sotap",4,"average",NA,3.741369748,17.10850297,2.588860746,20.419705,"EXCLUSION",TRUE,FALSE,FALSE,FALSE,FALSE,TRUE
"2023-07","Lista de Reserva","Vulnerabilidad Moderada",1,1,1,1,1.776038647,2.823478261,1.790108696,1.043888889,"fupal",1,"low",NA,0,26.85846924,2.749615568,25.99413684,"EXCLUSION",TRUE,TRUE,FALSE,FALSE,FALSE,TRUE
"2023-09","Lista de Reserva","Vulnerabilidad Elevada",1,1,2.578385269,1,1.776038647,2.823478261,2.580217391,1.043888889,"sotap",3,"average",NA,8.975915299,32.85812825,3.184241129,41.06549005,"EXCLUSION",TRUE,TRUE,FALSE,TRUE,TRUE,TRUE
"2024-05","Elegible","Vulnerabilidad Baja",1,1,1,1,1,1.498900966,1,1,"sotap",1,"low",0,0,3.815111519,2.10647915,3.692337415,"INCLUSION",TRUE,TRUE,FALSE,FALSE,FALSE,TRUE
"2023-09","Lista de Reserva","Vulnerabilidad Baja",1,1,1,1,1,1,1,1,"pcr_cdmx",1,"low",NA,0,0,2,0,"EXCLUSION",TRUE,TRUE,FALSE,FALSE,FALSE,TRUE
"2024-04","Elegible","Vulnerabilidad Elevada",1,1,1,1,1.776038647,2.823478261,2.580217391,1.738466184,"sotap",2,"average",NA,0,42.19960637,3.177784244,40.84158084,"INCLUSION",TRUE,TRUE,FALSE,TRUE,TRUE,TRUE
"2024-02","Lista de Reserva","Vulnerabilidad Baja",1,1,2.578385269,1,1,1,1.790108696,1,"sotap",3,"low",NA,8.975915299,5.614422911,2.423873683,14.6985144,"EXCLUSION",TRUE,FALSE,FALSE,FALSE,FALSE,TRUE
"2024-05","Elegible","Vulnerabilidad Severa",2.070141643,1,3.251728045,1,1.776038647,2.823478261,2.580217391,1.043888889,"sotap",3,"complete",0,20.51851115,32.85812825,3.527816682,52.97953818,"INCLUSION",TRUE,TRUE,FALSE,TRUE,TRUE,TRUE
"2023-08","Lista de Reserva","Vulnerabilidad Elevada",1,1,1,1,1.776038647,2.823478261,2.580217391,1.043888889,"sotap",2,"average",NA,0,32.85812825,2.917065088,31.80072082,"EXCLUSION",TRUE,TRUE,FALSE,TRUE,TRUE,TRUE
"2023-07","No Elegible","Vulnerabilidad Baja",1,2.051104816,1,1,1,2.117608696,1,1,"sotap",1,"low",0,6.609317356,7.392265486,2.403049108,13.97638679,"EXCLUSION",TRUE,TRUE,FALSE,FALSE,FALSE,TRUE
"2024-04","No Elegible","Vulnerabilidad Baja",1,1,1,1,1.776038647,1.498900966,1.790108696,1,"pcr_cdmx",1,"low",NA,0,17.10850297,2.477495573,16.55793424,"EXCLUSION",TRUE,TRUE,FALSE,FALSE,FALSE,TRUE
"2023-09","Lista de Reserva","Vulnerabilidad Baja",2.070141643,1,1,1,1,1,1,1.043888889,"sotap",3,"low",0,6.702282231,0.386821499,2.210295472,7.292341572,"EXCLUSION",TRUE,TRUE,FALSE,FALSE,FALSE,TRUE
"2023-11","No Elegible","Vulnerabilidad Baja",1,1,1,1,1.776038647,1.498900966,1.790108696,1,"sotap",1,"low",-500,0,17.10850297,2.477495573,16.55793424,"EXCLUSION",TRUE,TRUE,FALSE,FALSE,FALSE,TRUE
"2023-07","No Elegible","Vulnerabilidad Moderada",1,1,1,1,1.776038647,2.823478261,1.790108696,1,"fusal",7,"average",0,0,26.18890898,2.730928248,25.3461237,"EXCLUSION",TRUE,TRUE,FALSE,FALSE,FALSE,TRUE
"2023-09","Lista de Reserva","Vulnerabilidad Elevada",1,1,3.251728045,1,1.776038647,2.117608696,2.580217391,1.043888889,"sotap",1,"low",-500,11.51832969,28.09152966,3.126883335,39.0765172,"EXCLUSION",TRUE,TRUE,FALSE,FALSE,FALSE,TRUE
"2023-07","Lista de Reserva","Vulnerabilidad Baja",1,1,1,1,1.776038647,1,1.790108696,1,"pcr_cdmx",1,"low",-500,0,12.01413641,2.33531262,11.62750949,"EXCLUSION",TRUE,TRUE,FALSE,FALSE,FALSE,TRUE
"2023-09","Lista de Reserva","Vulnerabilidad Elevada",2.700708215,1,2.578385269,1,1,2.117608696,1.790108696,1,"foten",1,"low",0,20.97871872,14.16503897,3.019794043,35.36302872,"EXCLUSION",TRUE,TRUE,FALSE,FALSE,FALSE,TRUE
"2024-05","No Elegible por Duplicidad","Vulnerabilidad Baja",1,1,1,1,1.776038647,2.117608696,1.790108696,1,"foten",1,"low",0,0,21.88512181,2.610810239,21.18083671,"EXCLUSION",TRUE,TRUE,FALSE,FALSE,FALSE,TRUE
"2024-02","Elegible","Vulnerabilidad Baja",1,1,1,1,1.776038647,1.498900966,1.790108696,1,"sotap",5,"average",NA,0,17.10850297,2.477495573,16.55793424,"INCLUSION",TRUE,FALSE,FALSE,FALSE,FALSE,TRUE
"2023-12","Elegible","Vulnerabilidad Elevada",2.700708215,1,1,1,1.776038647,2.823478261,2.580217391,1,"foten",3,"average",NA,9.472088355,32.12448674,3.178534341,40.86759826,"INCLUSION",TRUE,TRUE,FALSE,TRUE,TRUE,TRUE
"2023-06","Lista de Reserva","Vulnerabilidad Baja",2.070141643,1,1,1,1,1,1,1.043888889,"fupal",1,"low",NA,6.702282231,0.386821499,2.210295472,7.292341572,"EXCLUSION",TRUE,TRUE,FALSE,FALSE,FALSE,TRUE
"2024-04","No Elegible","Vulnerabilidad Elevada",2.070141643,1,2.578385269,1,1.776038647,2.823478261,2.580217391,1.043888889,"sotap",2,"average",NA,17.46888676,32.85812825,3.43704192,49.83177383,"EXCLUSION",TRUE,TRUE,FALSE,TRUE,TRUE,TRUE
"2024-02","No Elegible","Vulnerabilidad Baja",1,1,2.578385269,1,1,1,1,1.043888889,"sotap",3,"low",NA,8.975915299,0.386821499,2.277972167,9.639142426,"EXCLUSION",FALSE,FALSE,FALSE,FALSE,FALSE,TRUE
"2023-09","No Elegible","Vulnerabilidad Baja",1,1,2.578385269,1,1,1,1.790108696,1,"sotap",2,"average",-500,8.975915299,5.614422911,2.423873683,14.6985144,"EXCLUSION",TRUE,TRUE,FALSE,TRUE,FALSE,TRUE
"2024-03","No Elegible","Vulnerabilidad Elevada",2.070141643,1,2.578385269,1,1.776038647,1.498900966,1.790108696,1.043888889,"sotap",2,"average",0,17.46888676,17.68003002,3.013423633,35.14212198,"EXCLUSION",TRUE,TRUE,FALSE,TRUE,TRUE,TRUE
"2024-05","No Elegible","Vulnerabilidad Elevada",2.700708215,2.051104816,1.249197356,1,1.776038647,1,1.790108696,1,"sotap",1,"low",0,20.89305637,12.01413641,2.957212882,33.1929253,"EXCLUSION",TRUE,TRUE,FALSE,FALSE,FALSE,TRUE
"2023-06","Lista de Reserva","Vulnerabilidad Moderada",1,1,1,1,1.776038647,2.823478261,2.580217391,1,"sotap",1,"low",-500,0,32.12448674,2.896589272,31.09068863,"EXCLUSION",TRUE,FALSE,FALSE,FALSE,FALSE,TRUE
"2024-03","No Elegible","Vulnerabilidad Elevada",2.070141643,1,1,1,1.776038647,2.823478261,1.790108696,1.043888889,"sotap",5,"high",NA,6.702282231,26.85846924,2.949114914,32.91210522,"EXCLUSION",TRUE,TRUE,FALSE,FALSE,FALSE,TRUE
"2024-06","Lista de Reserva","Vulnerabilidad Moderada",1,2.051104816,1,1,1.776038647,1.498900966,2.580217391,1,"foten",1,"low",NA,6.609317356,22.17502718,2.815633615,28.28342443,"EXCLUSION",TRUE,TRUE,FALSE,FALSE,FALSE,TRUE
"2024-05","Lista de Reserva","Vulnerabilidad Baja",1,2.051104816,1,1,1.776038647,1,2.580217391,1.043888889,"futij",1,"low",0,6.609317356,17.15905947,2.675638761,23.42887558,"EXCLUSION",TRUE,TRUE,FALSE,FALSE,FALSE,TRUE
"2024-06","Lista de Reserva","Vulnerabilidad Severa",2.700708215,1,3.251728045,1,1.776038647,2.823478261,2.580217391,1,"sotap",3,"complete",0,24.2379543,32.12448674,3.618053373,56.10864454,"EXCLUSION",TRUE,TRUE,FALSE,TRUE,TRUE,TRUE
"2023-07","No Elegible por Intenciones","Vulnerabilidad Elevada",1,2.051104816,1,1,1.776038647,2.117608696,2.580217391,1,"sotap",4,"average",0,6.609317356,27.40879931,2.961707356,33.34876854,"EXCLUSION",FALSE,TRUE,FALSE,TRUE,TRUE,TRUE
"2023-06","No Elegible","Vulnerabilidad Elevada",2.070141643,1,2.578385269,1.564135978,1.776038647,1.498900966,2.580217391,1.043888889,"foten",3,"average",NA,23.51115944,22.80125306,3.336209726,46.335258,"EXCLUSION",TRUE,FALSE,FALSE,FALSE,FALSE,TRUE
"2024-04","Lista de Reserva","Vulnerabilidad Baja",1,1,1,1,1,1.498900966,1.790108696,1,"sotap",3,"low",0,0,10.02735341,2.279861825,9.70466315,"EXCLUSION",TRUE,TRUE,FALSE,FALSE,FALSE,TRUE
"2024-04","No Elegible por Intenciones","Vulnerabilidad Severa",2.700708215,1,2.578385269,1,1.776038647,2.823478261,2.580217391,1,NA,5,"average",NA,20.97871872,32.12448674,3.521039349,52.7445235,"EXCLUSION",TRUE,TRUE,FALSE,FALSE,FALSE,TRUE
"2024-04","Lista de Reserva","Vulnerabilidad Severa",2.070141643,1,3.251728045,1,1.776038647,2.823478261,2.580217391,1.043888889,"sotap",5,"high",-500,20.51851115,32.85812825,3.527816682,52.97953818,"EXCLUSION",FALSE,TRUE,FALSE,FALSE,FALSE,TRUE
"2023-07","No Elegible","Vulnerabilidad Moderada",1,1,1,1,1.776038647,2.823478261,1.790108696,1,"foten",1,"low",NA,0,26.18890898,2.730928248,25.3461237,"EXCLUSION",TRUE,TRUE,FALSE,FALSE,FALSE,TRUE
"2024-05","No Elegible","Vulnerabilidad Elevada",2.700708215,1,3.251728045,1,1.776038647,1,2.580217391,1,"sotap",3,"average",-500,24.2379543,16.59309681,3.184574771,41.07707027,"EXCLUSION",FALSE,TRUE,FALSE,FALSE,TRUE,TRUE
"2023-11","Elegible","Vulnerabilidad Elevada",1,1,1,1,1.776038647,2.823478261,2.580217391,1.043888889,"sotap",1,"low",0,0,32.85812825,2.917065088,31.80072082,"INCLUSION",FALSE,FALSE,FALSE,FALSE,FALSE,TRUE
"2023-08","Elegible","Vulnerabilidad Elevada",1,1,3.251728045,1,1.776038647,2.823478261,2.580217391,1.043888889,"foten",3,"average",NA,11.51832969,32.85812825,3.259918337,43.68972188,"INCLUSION",TRUE,TRUE,FALSE,FALSE,TRUE,TRUE
"2023-08","Elegible","Vulnerabilidad Elevada",2.070141643,1,1,1,1.776038647,2.117608696,2.580217391,1.043888889,NA,4,"average",NA,6.702282231,28.09152966,2.983529432,34.10548452,"INCLUSION",TRUE,TRUE,FALSE,FALSE,FALSE,TRUE
"2023-10","Lista de Reserva","Vulnerabilidad Moderada",1,1,1,1,1.776038647,2.823478261,2.580217391,1,"sotap",3,"low",0,0,32.12448674,2.896589272,31.09068863,"EXCLUSION",TRUE,TRUE,FALSE,FALSE,FALSE,TRUE
"2024-01","Elegible","Vulnerabilidad Moderada",1,1,1,1,1.776038647,2.823478261,2.580217391,1,"sotap",2,"low",0,0,32.12448674,2.896589272,31.09068863,"INCLUSION",TRUE,TRUE,FALSE,FALSE,FALSE,TRUE
"2024-03","Elegible","Vulnerabilidad Baja",1,1,1,1,1,1.498900966,1.790108696,1,"pcr_cdmx",1,"low",NA,0,10.02735341,2.279861825,9.70466315,"INCLUSION",TRUE,TRUE,FALSE,FALSE,FALSE,TRUE
"2023-09","Elegible","Vulnerabilidad Severa",2.700708215,1,2.578385269,1,1.776038647,2.823478261,2.580217391,1,"sotap",5,"high",0,20.97871872,32.12448674,3.521039349,52.7445235,"INCLUSION",TRUE,TRUE,FALSE,FALSE,FALSE,TRUE
"2023-07","No Elegible","Vulnerabilidad Severa",2.700708215,2.051104816,3.251728045,1,1.776038647,2.823478261,1.790108696,1,"fupal",1,"low",NA,35.61565687,26.18890898,3.791059708,62.10792802,"EXCLUSION",FALSE,TRUE,FALSE,FALSE,FALSE,TRUE
"2023-09","No Elegible","Vulnerabilidad Elevada",1,1,3.251728045,1,1.776038647,2.823478261,2.580217391,1,"fupal",1,"low",NA,11.51832969,32.12448674,3.23944252,42.97968969,"EXCLUSION",TRUE,TRUE,FALSE,FALSE,FALSE,TRUE
"2023-11","Lista de Reserva","Vulnerabilidad Elevada",1,1,2.578385269,1,1.776038647,2.823478261,1.790108696,1.043888889,"sotap",2,"average",NA,8.975915299,26.85846924,3.016791609,35.25890607,"EXCLUSION",FALSE,TRUE,FALSE,TRUE,TRUE,TRUE
"2023-08","Elegible","Vulnerabilidad Moderada",1,1,2.578385269,1,1.776038647,1.498900966,1.790108696,1,"sotap",1,"low",NA,8.975915299,17.10850297,2.744671614,25.82270347,"INCLUSION",FALSE,FALSE,FALSE,FALSE,FALSE,TRUE
"2023-12","Elegible","Vulnerabilidad Elevada",1,1.525552408,2.578385269,1,1.776038647,2.823478261,1,1,"sotap",2,"complete",0,13.7168894,17.78726377,2.904734997,31.37316445,"INCLUSION",TRUE,TRUE,FALSE,TRUE,TRUE,TRUE
"2024-02","Elegible","Vulnerabilidad Baja",2.070141643,1,1.249197356,1,1,1,1.790108696,1.043888889,"fupal",3,"low",NA,9.00737574,6.061858428,2.437297985,15.16402386,"INCLUSION",TRUE,FALSE,FALSE,FALSE,FALSE,TRUE
"2024-03","No Elegible por Duplicidad","Vulnerabilidad Baja",2.700708215,1,1,1,1,1,1,1,"fomon",1,"low",NA,9.472088355,0,2.28194507,9.77690963,"EXCLUSION",TRUE,TRUE,FALSE,FALSE,FALSE,TRUE
"2023-12","Elegible","Vulnerabilidad Elevada",2.070141643,1,1,1,1.776038647,2.823478261,2.580217391,1.043888889,"sotap",3,"low",0,6.702282231,32.85812825,3.116564434,38.7186892,"INCLUSION",FALSE,TRUE,FALSE,TRUE,TRUE,TRUE
"2023-08","No Elegible","Vulnerabilidad Elevada",2.700708215,1,1,1,1.776038647,2.823478261,2.580217391,1,"sotap",1,"low",NA,9.472088355,32.12448674,3.178534341,40.86759826,"EXCLUSION",FALSE,TRUE,FALSE,FALSE,FALSE,TRUE
"2024-04","No Elegible","Vulnerabilidad Moderada",1,1,3.251728045,1,1.776038647,1,2.580217391,1,NA,3,"average",0,11.51832969,16.59309681,2.805963919,27.94811542,"EXCLUSION",FALSE,TRUE,FALSE,TRUE,FALSE,FALSE
"2024-04","No Elegible","Vulnerabilidad Baja",1,1,2.578385269,1,1,1.498900966,1,1.043888889,"sotap",4,"low",0,8.975915299,4.243121443,2.385600879,13.37134278,"EXCLUSION",TRUE,TRUE,FALSE,FALSE,FALSE,TRUE
"2024-03","Elegible","Vulnerabilidad Baja",1,1,1,1,1,1,1.790108696,1,"pcr_cdmx",2,"average",NA,0,5.614422911,2.156697643,5.433745167,"INCLUSION",TRUE,TRUE,FALSE,TRUE,FALSE,TRUE
"2023-08","Elegible","Vulnerabilidad Baja",1,1,1,1,1.776038647,1.498900966,2.580217391,1,"fusal",2,"average",-500,0,22.17502718,2.618901451,21.46141263,"INCLUSION",TRUE,TRUE,FALSE,TRUE,TRUE,TRUE
"2023-07","No Elegible","Vulnerabilidad Baja",1,1,1,1,1.776038647,1.498900966,2.580217391,1.043888889,"sotap",2,"low",0,0,22.80125306,2.636379315,22.06748594,"EXCLUSION",TRUE,TRUE,FALSE,FALSE,FALSE,TRUE
"2024-06","No Elegible","Vulnerabilidad Elevada",2.070141643,1,1,1,1.776038647,2.823478261,2.580217391,1.043888889,"pcr_cdmx",4,"average",NA,6.702282231,32.85812825,3.116564434,38.7186892,"EXCLUSION",TRUE,FALSE,FALSE,FALSE,FALSE,TRUE
"2023-06","Lista de Reserva","Vulnerabilidad Baja",1,1,1,1,1,2.117608696,1,1,"fupal",1,"low",0,0,7.392265486,2.206316944,7.15437499,"EXCLUSION",TRUE,TRUE,FALSE,FALSE,FALSE,TRUE
"2023-09","Elegible","Vulnerabilidad Elevada",2.070141643,2.051104816,1,1,1.776038647,2.823478261,1.790108696,1.043888889,"foten",1,"low",0,14.63015408,26.85846924,3.185095016,41.09510391,"INCLUSION",TRUE,TRUE,FALSE,FALSE,FALSE,TRUE
"2024-06","Lista de Reserva","Vulnerabilidad Baja",1,1,1,1,1,1,1,1.043888889,"sotap",1,"low",0,0,0.386821499,2.010796126,0.374373196,"EXCLUSION",FALSE,TRUE,FALSE,FALSE,FALSE,TRUE
"2024-05","No Elegible","Vulnerabilidad Elevada",1,1,3.251728045,1,1.776038647,2.117608696,2.580217391,1.043888889,"sotap",2,"low",NA,11.51832969,28.09152966,3.126883335,39.0765172,"EXCLUSION",FALSE,TRUE,FALSE,FALSE,FALSE,TRUE
"2023-08","No Elegible","Vulnerabilidad Moderada",1,1,1,1.564135978,1.776038647,2.823478261,2.580217391,1,"sotap",3,"average",NA,3.975239986,32.12448674,3.014915798,35.19385582,"EXCLUSION",TRUE,FALSE,FALSE,FALSE,FALSE,TRUE
"2024-04","No Elegible","Vulnerabilidad Elevada",1,1.525552408,3.251728045,1,1.776038647,2.823478261,2.580217391,1.043888889,"sotap",3,"average",NA,16.54244021,32.85812825,3.409465421,48.8755133,"EXCLUSION",TRUE,FALSE,FALSE,FALSE,FALSE,TRUE
"2024-04","No Elegible","Vulnerabilidad Elevada",1,1,2.578385269,1,1.776038647,2.823478261,1.790108696,1,"fupal",4,"average",-500,8.975915299,26.18890898,2.998104289,34.61089293,"EXCLUSION",TRUE,TRUE,FALSE,FALSE,FALSE,TRUE
"2024-03","No Elegible","Vulnerabilidad Moderada",1,1.525552408,1,1,1.776038647,2.823478261,1.790108696,1,"sotap",6,"high",NA,3.741369748,26.18890898,2.842293421,29.20789447,"EXCLUSION",TRUE,TRUE,FALSE,TRUE,TRUE,TRUE
"2023-11","No Elegible","Vulnerabilidad Moderada",1,1,1,1,1.776038647,2.823478261,1.790108696,1,"sotap",1,"low",0,0,26.18890898,2.730928248,25.3461237,"EXCLUSION",FALSE,TRUE,FALSE,FALSE,FALSE,TRUE
"2024-07","Elegible","Vulnerabilidad Elevada",2.070141643,1,1,1,1.776038647,2.823478261,1.790108696,1,"fupal",1,"low",0,6.702282231,26.18890898,2.930427594,32.26409208,"INCLUSION",TRUE,TRUE,FALSE,FALSE,FALSE,TRUE
"2024-05","Lista de Reserva","Vulnerabilidad Elevada",2.070141643,1,2.578385269,1,1.776038647,1.498900966,1.790108696,1.043888889,"sotap",2,"average",0,17.46888676,17.68003002,3.013423633,35.14212198,"EXCLUSION",TRUE,TRUE,FALSE,TRUE,FALSE,TRUE
"2024-07","No Elegible","Vulnerabilidad Elevada",2.070141643,1,1,1.564135978,1.776038647,1.498900966,2.580217391,2.544987923,"fupal",1,"low",NA,11.47057999,37.43330939,3.386189597,48.06838279,"EXCLUSION",FALSE,TRUE,FALSE,FALSE,FALSE,TRUE
"2023-09","No Elegible","Vulnerabilidad Moderada",1,1,1,1,1.776038647,2.823478261,2.580217391,1,"sotap",5,"average",0,0,32.12448674,2.896589272,31.09068863,"EXCLUSION",TRUE,FALSE,FALSE,FALSE,FALSE,TRUE
"2024-03","Elegible","Vulnerabilidad Elevada",1,2.051104816,3.251728045,1,1.776038647,1,1.790108696,1,"sotap",2,"average",NA,20.39367297,12.01413641,2.942348294,32.67747125,"INCLUSION",FALSE,TRUE,FALSE,TRUE,TRUE,TRUE
"2023-06","No Elegible","Vulnerabilidad Baja",2.070141643,1,1,1,1.776038647,1,2.580217391,1,"futij",2,"average",0,6.702282231,16.59309681,2.662610016,22.97708274,"EXCLUSION",TRUE,TRUE,FALSE,TRUE,TRUE,TRUE
"2024-01","Lista de Reserva","Vulnerabilidad Elevada",1,1.525552408,2.578385269,1,1.776038647,2.823478261,1.790108696,1,"sotap",6,"average",0,13.7168894,26.18890898,3.139223567,39.50443632,"EXCLUSION",TRUE,TRUE,FALSE,FALSE,TRUE,TRUE
"2023-08","No Elegible","Vulnerabilidad Elevada",1,2.051104816,1,1,1.776038647,2.823478261,1.790108696,1,"sotap",4,"average",NA,6.609317356,26.18890898,2.927660413,32.1681355,"EXCLUSION",TRUE,TRUE,FALSE,FALSE,FALSE,TRUE
"2023-07","Lista de Reserva","Vulnerabilidad Baja",1,1,1,1.564135978,1,2.117608696,1,1,"pcr_cdmx",1,"low",0,3.975239986,7.392265486,2.32464347,11.25754217,"EXCLUSION",FALSE,FALSE,FALSE,FALSE,FALSE,TRUE
"2024-01","No Elegible","Vulnerabilidad Elevada",1,1.525552408,1,1,1.776038647,2.823478261,2.580217391,1,"foten",3,"average",NA,3.741369748,32.12448674,3.007954444,34.9524594,"EXCLUSION",TRUE,TRUE,FALSE,FALSE,TRUE,TRUE
"2023-11","Elegible","Vulnerabilidad Elevada",1,1,2.578385269,1,1.776038647,2.823478261,2.580217391,1.043888889,"futij",9,"average",0,8.975915299,32.85812825,3.184241129,41.06549005,"INCLUSION",TRUE,TRUE,FALSE,FALSE,TRUE,TRUE
"2023-08","No Elegible","Vulnerabilidad Baja",1,1,1,1,1.776038647,1.498900966,1,1.043888889,"sotap",1,"low",NA,0,10.43108127,2.291129805,10.09539864,"EXCLUSION",TRUE,TRUE,FALSE,FALSE,FALSE,FALSE
"2024-01","No Elegible","Vulnerabilidad Elevada",2.070141643,1,1,1,1.776038647,1,2.580217391,2.544987923,"sotap",5,"average",NA,6.702282231,30.38303782,3.047485057,36.32324966,"EXCLUSION",FALSE,TRUE,FALSE,FALSE,FALSE,TRUE
"2023-08","Elegible","Vulnerabilidad Moderada",1,1,1,1,1.776038647,2.823478261,2.580217391,1,"pcr_cdmx",2,"average",NA,0,32.12448674,2.896589272,31.09068863,"INCLUSION",TRUE,FALSE,FALSE,FALSE,TRUE,TRUE
"2024-06","No Elegible","Vulnerabilidad Moderada",1,1,1,1,1.776038647,2.823478261,1.790108696,1,"futij",1,"low",NA,0,26.18890898,2.730928248,25.3461237,"EXCLUSION",TRUE,FALSE,FALSE,FALSE,FALSE,TRUE
"2024-05","No Elegible","Vulnerabilidad Elevada",1,1,2.578385269,1,1.776038647,2.823478261,2.580217391,1,"sotap",11,"high",NA,8.975915299,32.12448674,3.163765312,40.35545786,"EXCLUSION",TRUE,TRUE,FALSE,FALSE,TRUE,TRUE
"2023-11","Elegible","Vulnerabilidad Elevada",1,1,2.578385269,1,1.776038647,2.823478261,2.580217391,1,"sotap",1,"low",0,8.975915299,32.12448674,3.163765312,40.35545786,"INCLUSION",TRUE,FALSE,FALSE,FALSE,FALSE,TRUE
"2024-03","No Elegible","Vulnerabilidad Elevada",1,1,2.578385269,1,1.776038647,2.823478261,2.580217391,1,"foten",1,"low",NA,8.975915299,32.12448674,3.163765312,40.35545786,"EXCLUSION",TRUE,TRUE,FALSE,FALSE,FALSE,TRUE
"2024-04","No Elegible","Vulnerabilidad Baja",1,1,1,1,1,1,1.790108696,1,"sotap",1,"low",NA,0,5.614422911,2.156697643,5.433745167,"EXCLUSION",TRUE,TRUE,FALSE,FALSE,FALSE,TRUE
"2024-03","Elegible","Vulnerabilidad Baja",1,2.051104816,1,1,1.776038647,2.117608696,1,1,"sotap",3,"average",NA,6.609317356,14.06650994,2.5893262,20.43584738,"INCLUSION",TRUE,TRUE,FALSE,FALSE,TRUE,TRUE
"2024-05","No Elegible","Vulnerabilidad Elevada",2.700708215,1,1.249197356,1,1.776038647,2.823478261,2.580217391,1.043888889,"foten",4,"average",NA,11.93561888,32.85812825,3.272339318,44.12043986,"EXCLUSION",TRUE,TRUE,FALSE,TRUE,TRUE,TRUE
"2024-04","No Elegible","Vulnerabilidad Elevada",1,1.525552408,2.578385269,1,1.776038647,2.823478261,1.790108696,1,"foten",3,"average",0,13.7168894,26.18890898,3.139223567,39.50443632,"EXCLUSION",TRUE,TRUE,FALSE,FALSE,FALSE,TRUE
"2023-08","No Elegible","Vulnerabilidad Moderada",1,1,1,1,1.776038647,2.823478261,1.790108696,1,NA,5,"average",0,0,26.18890898,2.730928248,25.3461237,"EXCLUSION",TRUE,FALSE,FALSE,FALSE,FALSE,TRUE
"2024-02","Elegible","Vulnerabilidad Severa",2.700708215,1,2.578385269,1,1.776038647,2.823478261,2.580217391,1,"sotap",1,"low",0,20.97871872,32.12448674,3.521039349,52.7445235,"INCLUSION",TRUE,FALSE,FALSE,FALSE,FALSE,TRUE
"2024-01","Lista de Reserva","Vulnerabilidad Baja",1,1,3.251728045,1,1,1.498900966,1,1.043888889,"sotap",3,"low",0,11.51832969,4.243121443,2.461278087,15.99557461,"EXCLUSION",TRUE,TRUE,FALSE,FALSE,TRUE,FALSE
"2023-12","Elegible","Vulnerabilidad Moderada",1,2.051104816,1,1,1.776038647,2.117608696,1.790108696,1,"sotap",3,"low",0,6.609317356,21.88512181,2.807542403,28.0028485,"INCLUSION",TRUE,TRUE,FALSE,FALSE,FALSE,TRUE
"2024-01","No Elegible","Vulnerabilidad Elevada",2.700708215,1,2.578385269,1,1.776038647,2.823478261,1.790108696,1,"sotap",4,"average",NA,20.97871872,26.18890898,3.355378326,46.99995857,"EXCLUSION",TRUE,TRUE,FALSE,FALSE,FALSE,TRUE
"2024-06","Lista de Reserva","Vulnerabilidad Moderada",1,1,1,1,1.776038647,2.823478261,2.580217391,1,"sotap",6,"average",NA,0,32.12448674,2.896589272,31.09068863,"EXCLUSION",TRUE,TRUE,FALSE,FALSE,FALSE,TRUE
"2024-03","No Elegible","Vulnerabilidad Baja",1,1,1,1,1,1,1.790108696,1.043888889,"sotap",1,"low",NA,0,6.061858428,2.169185496,5.866781762,"EXCLUSION",TRUE,TRUE,FALSE,FALSE,FALSE,TRUE
"2024-01","No Elegible","Vulnerabilidad Moderada",2.700708215,1.525552408,1.249197356,1,1.776038647,1,1.790108696,1,"foten",1,"low",NA,17.00620089,12.01413641,2.841517198,29.18098693,"EXCLUSION",TRUE,TRUE,FALSE,FALSE,FALSE,TRUE
"2023-09","No Elegible","Vulnerabilidad Severa",2.700708215,2.051104816,3.251728045,1,1.776038647,2.823478261,1.790108696,1,"sotap",4,"complete",0,35.61565687,26.18890898,3.791059708,62.10792802,"EXCLUSION",TRUE,TRUE,FALSE,TRUE,TRUE,TRUE
"2023-11","No Elegible","Vulnerabilidad Elevada",2.700708215,1,3.251728045,1,1.776038647,1,1.790108696,1,"foten",1,"low",NA,24.2379543,12.01413641,3.056776721,36.64546539,"EXCLUSION",FALSE,TRUE,FALSE,FALSE,FALSE,TRUE
"2023-10","No Elegible","Vulnerabilidad Elevada",1,1,2.578385269,1,1.776038647,1.498900966,2.580217391,1.043888889,"sotap",4,"average",-500,8.975915299,22.80125306,2.903555356,31.33225516,"EXCLUSION",TRUE,TRUE,FALSE,FALSE,FALSE,TRUE
"2024-04","Lista de Reserva","Vulnerabilidad Baja",1,1,1,1,1.776038647,1.498900966,1,1,"sotap",1,"low",NA,0,9.93697889,2.277339487,9.617196972,"EXCLUSION",TRUE,FALSE,FALSE,FALSE,FALSE,TRUE
"2023-09","No Elegible","Vulnerabilidad Elevada",1,1.525552408,2.578385269,1,1.776038647,2.117608696,2.580217391,1.043888889,"foten",1,"low",0,13.7168894,28.09152966,3.192325406,41.34582876,"EXCLUSION",TRUE,TRUE,FALSE,FALSE,FALSE,TRUE
"2024-05","Lista de Reserva","Vulnerabilidad Baja",1,1,1,1,1,2.117608696,1,1,"sotap",1,"low",0,0,7.392265486,2.206316944,7.15437499,"EXCLUSION",TRUE,TRUE,FALSE,FALSE,FALSE,TRUE
"2024-05","No Elegible","Vulnerabilidad Baja",2.070141643,1,1,1,1,2.117608696,1,1.043888889,"fupal",3,"low",NA,6.702282231,7.858894815,2.418839839,14.5239561,"EXCLUSION",TRUE,TRUE,FALSE,FALSE,TRUE,TRUE
"2024-03","No Elegible","Vulnerabilidad Moderada",1,1,2.578385269,1,1,2.117608696,2.580217391,1.043888889,"fupal",1,"low",NA,8.975915299,19.54126117,2.812569505,28.17717307,"EXCLUSION",TRUE,TRUE,FALSE,FALSE,FALSE,TRUE
"2024-05","Lista de Reserva","Vulnerabilidad Baja",2.070141643,1,1,1,1.776038647,1.498900966,1.790108696,1.043888889,"sotap",3,"average",NA,6.702282231,17.68003002,2.692946147,24.02903735,"EXCLUSION",TRUE,TRUE,FALSE,TRUE,TRUE,TRUE
"2023-12","No Elegible por Duplicidad","Vulnerabilidad Severa",2.700708215,2.051104816,2.578385269,1.564135978,1,2.117608696,1,2.544987923,"sotap",2,"complete",0,39.44321718,18.76190405,3.697703903,58.87066657,"EXCLUSION",TRUE,TRUE,FALSE,TRUE,TRUE,TRUE
"2024-02","Lista de Reserva","Vulnerabilidad Moderada",1,1.525552408,1,1,1.776038647,2.823478261,1.790108696,1,"sotap",1,"low",0,3.741369748,26.18890898,2.842293421,29.20789447,"EXCLUSION",TRUE,TRUE,FALSE,FALSE,FALSE,TRUE
"2024-06","Lista de Reserva","Vulnerabilidad Baja",1,1,1,1,1,1,1.790108696,1,"pcr_cdmx",1,"low",NA,0,5.614422911,2.156697643,5.433745167,"EXCLUSION",FALSE,FALSE,FALSE,FALSE,FALSE,TRUE
"2023-07","Lista de Reserva","Vulnerabilidad Baja",1,1,2.578385269,1,1.776038647,1.498900966,1,1,"sotap",4,"average",0,8.975915299,9.93697889,2.544515527,18.8819662,"EXCLUSION",TRUE,TRUE,FALSE,TRUE,TRUE,TRUE
"2023-07","No Elegible","Vulnerabilidad Elevada",1,1,3.251728045,1,1.776038647,2.823478261,2.580217391,1,"sotap",5,"average",0,11.51832969,32.12448674,3.23944252,42.97968969,"EXCLUSION",TRUE,TRUE,FALSE,TRUE,TRUE,TRUE
"2023-09","No Elegible","Vulnerabilidad Baja",1,1,2.578385269,1,1,1,1,1.043888889,"fusal",2,"low",0,8.975915299,0.386821499,2.277972167,9.639142426,"EXCLUSION",TRUE,TRUE,FALSE,FALSE,FALSE,TRUE
"2023-08","No Elegible","Vulnerabilidad Baja",1,1,1,1,1.776038647,2.117608696,1,1.043888889,"foten",2,"average",NA,0,14.60519526,2.407628657,14.13518547,"EXCLUSION",TRUE,TRUE,FALSE,TRUE,TRUE,TRUE
"2023-10","Elegible","Vulnerabilidad Moderada",2.070141643,1,1,1,1.776038647,2.117608696,1.790108696,1,"sotap",3,"average",NA,6.702282231,21.88512181,2.810309585,28.09880508,"INCLUSION",TRUE,TRUE,FALSE,FALSE,FALSE,TRUE
"2024-06","No Elegible","Vulnerabilidad Moderada",1,1.525552408,1,1,1.776038647,2.117608696,1.790108696,1,"sotap",1,"low",NA,3.741369748,21.88512181,2.722175411,25.04260747,"EXCLUSION",FALSE,FALSE,FALSE,FALSE,FALSE,TRUE
"2023-07","No Elegible","Vulnerabilidad Baja",1,1,1,1,1.776038647,1,2.580217391,1,"foten",3,"average",NA,0,16.59309681,2.46311067,16.05911436,"EXCLUSION",TRUE,TRUE,FALSE,FALSE,FALSE,FALSE
"2023-10","No Elegible","Vulnerabilidad Baja",1,1,1,1,1,2.117608696,2.580217391,1,"foten",1,"low",0,0,18.94985465,2.528887403,18.34002938,"EXCLUSION",TRUE,TRUE,FALSE,FALSE,FALSE,TRUE
"2024-01","No Elegible","Vulnerabilidad Elevada",1,2.051104816,1,1,1.776038647,2.117608696,2.580217391,1,"sotap",3,"average",0,6.609317356,27.40879931,2.961707356,33.34876854,"EXCLUSION",TRUE,TRUE,FALSE,FALSE,FALSE,TRUE
"2024-02","Elegible","Vulnerabilidad Baja",1,1,1,1,1.776038647,2.117608696,1.790108696,1,"sotap",1,"low",NA,0,21.88512181,2.610810239,21.18083671,"INCLUSION",TRUE,FALSE,FALSE,FALSE,FALSE,TRUE
"2024-04","Lista de Reserva","Vulnerabilidad Elevada",2.070141643,1,2.578385269,1,1.776038647,2.823478261,2.580217391,1.043888889,"sotap",1,"low",NA,17.46888676,32.85812825,3.43704192,49.83177383,"EXCLUSION",FALSE,TRUE,FALSE,FALSE,FALSE,TRUE
